ticker,records,first_date,last_date,ten_calendar_year_span,symbol_filename_is_numeric
000040,790,2023-06-01,2026-08-31,False,True
000050,798,2023-05-15,2026-08-25,False,True
000070,816,2023-05-15,2026-09-18,False,True
000080,817,2023-05-15,2026-09-21,False,True
000100,817,2023-05-15,2026-09-21,False,True
000120,817,2023-05-15,2026-09-21,False,True
000140,793,2023-05-15,2026-08-18,False,True
000150,817,2023-05-15,2026-09-21,False,True
000210,817,2023-05-15,2026-09-21,False,True
000230,804,2023-05-15,2026-09-02,False,True
000240,817,2023-05-15,2026-09-21,False,True
000270,817,2023-05-15,2026-09-21,False,True
000320,732,2023-05-26,2026-06-02,False,True
000370,817,2023-05-15,2026-09-21,False,True
000390,817,2023-05-15,2026-09-21,False,True
000400,817,2023-05-15,2026-09-21,False,True
000430,817,2023-05-15,2026-09-21,False,True
000440,816,2023-05-15,2026-09-18,False,True
000480,757,2023-06-09,2026-07-21,False,True
000490,817,2023-05-15,2026-09-21,False,True
000500,817,2023-05-15,2026-09-21,False,True
000540,806,2023-05-15,2026-09-04,False,True
000640,816,2023-05-15,2026-09-18,False,True
000650,803,2023-05-15,2026-09-01,False,True
000660,817,2023-05-15,2026-09-21,False,True
000670,817,2023-05-15,2026-09-21,False,True
000680,800,2023-05-15,2026-08-27,False,True
000700,807,2023-05-30,2026-09-21,False,True
000720,817,2023-05-15,2026-09-21,False,True
000810,817,2023-05-15,2026-09-21,False,True
000850,816,2023-05-15,2026-09-18,False,True
000860,794,2023-05-15,2026-08-19,False,True
000880,817,2023-05-15,2026-09-21,False,True
000890,798,2023-05-26,2026-09-07,False,True
000910,796,2023-05-15,2026-08-21,False,True
000950,768,2023-06-26,2026-08-21,False,True
000970,792,2023-05-15,2026-08-14,False,True
000990,817,2023-05-15,2026-09-21,False,True
001000,756,2023-06-09,2026-07-20,False,True
001020,786,2023-05-30,2026-08-21,False,True
001040,817,2023-05-15,2026-09-21,False,True
001070,743,2023-06-01,2026-06-23,False,True
001080,815,2023-05-15,2026-09-17,False,True
001120,817,2023-05-15,2026-09-21,False,True
001130,781,2023-05-26,2026-08-12,False,True
001200,817,2023-05-15,2026-09-21,False,True
001210,817,2023-05-15,2026-09-21,False,True
001230,807,2023-05-30,2026-09-21,False,True
001250,817,2023-05-15,2026-09-21,False,True
001260,795,2023-05-30,2026-09-03,False,True
001270,786,2023-05-15,2026-08-06,False,True
001290,814,2023-05-15,2026-09-16,False,True
001340,815,2023-05-15,2026-09-17,False,True
001380,740,2023-05-15,2026-06-01,False,True
001390,816,2023-05-15,2026-09-18,False,True
001420,733,2023-06-30,2026-07-07,False,True
001430,817,2023-05-15,2026-09-21,False,True
001440,817,2023-05-15,2026-09-21,False,True
001450,817,2023-05-15,2026-09-21,False,True
001460,774,2023-06-01,2026-08-06,False,True
001500,811,2023-05-15,2026-09-11,False,True
001510,817,2023-05-15,2026-09-21,False,True
001520,817,2023-05-15,2026-09-21,False,True
001530,817,2023-05-15,2026-09-21,False,True
001550,812,2023-05-15,2026-09-14,False,True
001620,769,2023-06-01,2026-07-30,False,True
001630,785,2023-05-26,2026-08-19,False,True
001680,817,2023-05-15,2026-09-21,False,True
001720,817,2023-05-15,2026-09-21,False,True
001740,817,2023-05-15,2026-09-21,False,True
001750,791,2023-05-15,2026-08-13,False,True
001780,817,2023-05-15,2026-09-21,False,True
001790,814,2023-05-15,2026-09-16,False,True
001800,817,2023-05-15,2026-09-21,False,True
001820,817,2023-05-15,2026-09-21,False,True
001940,806,2023-05-30,2026-09-18,False,True
002020,817,2023-05-15,2026-09-21,False,True
002030,812,2023-05-15,2026-09-14,False,True
002070,789,2023-06-23,2026-09-18,False,True
002100,805,2023-05-15,2026-09-03,False,True
002140,812,2023-05-15,2026-09-14,False,True
002150,799,2023-05-15,2026-08-26,False,True
002170,795,2023-05-26,2026-09-02,False,True
002200,803,2023-05-15,2026-09-01,False,True
002220,812,2023-05-15,2026-09-14,False,True
002230,788,2023-05-15,2026-08-25,False,True
002240,802,2023-05-15,2026-08-31,False,True
002290,750,2023-06-01,2026-07-02,False,True
002310,817,2023-05-15,2026-09-21,False,True
002320,800,2023-05-15,2026-08-27,False,True
002350,817,2023-05-15,2026-09-21,False,True
002360,767,2023-05-26,2026-07-23,False,True
002380,817,2023-05-15,2026-09-21,False,True
002390,793,2023-05-15,2026-08-18,False,True
002420,788,2023-05-15,2026-08-10,False,True
002450,794,2023-05-15,2026-08-19,False,True
002460,781,2023-06-02,2026-08-19,False,True
002680,728,2023-08-14,2026-08-13,False,True
002690,736,2023-06-19,2026-06-29,False,True
002700,817,2023-05-15,2026-09-21,False,True
002710,817,2023-05-15,2026-09-21,False,True
002760,772,2023-05-15,2026-07-16,False,True
002780,816,2023-05-15,2026-09-18,False,True
002790,817,2023-05-15,2026-09-21,False,True
002810,816,2023-05-15,2026-09-18,False,True
002820,768,2023-06-29,2026-08-26,False,True
002840,813,2023-05-15,2026-09-15,False,True
002870,817,2023-05-15,2026-09-21,False,True
002880,780,2023-05-30,2026-08-12,False,True
002900,817,2023-05-15,2026-09-21,False,True
002960,812,2023-05-15,2026-09-14,False,True
002990,817,2023-05-15,2026-09-21,False,True
003010,817,2023-05-15,2026-09-21,False,True
003030,817,2023-05-15,2026-09-21,False,True
003070,793,2023-05-15,2026-08-18,False,True
003080,786,2023-05-30,2026-08-21,False,True
003090,817,2023-05-15,2026-09-21,False,True
003100,791,2023-05-15,2026-08-20,False,True
003120,778,2023-06-09,2026-08-20,False,True
003160,817,2023-05-15,2026-09-21,False,True
003200,817,2023-05-15,2026-09-21,False,True
003230,817,2023-05-15,2026-09-21,False,True
003240,817,2023-05-15,2026-09-21,False,True
003280,817,2023-05-15,2026-09-21,False,True
003300,802,2023-05-15,2026-08-31,False,True
003310,816,2023-05-15,2026-09-18,False,True
003350,817,2023-05-15,2026-09-21,False,True
003380,817,2023-05-15,2026-09-21,False,True
003460,789,2023-05-15,2026-08-11,False,True
003470,817,2023-05-15,2026-09-21,False,True
003480,797,2023-05-15,2026-08-24,False,True
003490,817,2023-05-15,2026-09-21,False,True
003530,817,2023-05-15,2026-09-21,False,True
003540,817,2023-05-15,2026-09-21,False,True
003550,817,2023-05-15,2026-09-21,False,True
003570,816,2023-05-15,2026-09-18,False,True
003610,812,2023-05-15,2026-09-14,False,True
003620,817,2023-05-15,2026-09-21,False,True
003650,808,2023-05-26,2026-09-21,False,True
003670,817,2023-05-15,2026-09-21,False,True
003680,804,2023-05-30,2026-09-16,False,True
003690,817,2023-05-15,2026-09-21,False,True
003720,817,2023-05-15,2026-09-21,False,True
003780,816,2023-05-15,2026-09-18,False,True
003800,740,2023-05-15,2026-06-12,False,True
003830,727,2023-08-24,2026-08-24,False,True
003850,816,2023-05-15,2026-09-18,False,True
003920,802,2023-05-15,2026-08-31,False,True
003960,802,2023-05-15,2026-08-31,False,True
004000,817,2023-05-15,2026-09-21,False,True
004020,817,2023-05-15,2026-09-21,False,True
004060,800,2023-05-15,2026-08-27,False,True
004080,737,2023-05-30,2026-06-11,False,True
004090,817,2023-05-15,2026-09-21,False,True
004100,817,2023-05-15,2026-09-21,False,True
004140,799,2023-05-15,2026-08-26,False,True
004150,812,2023-05-15,2026-09-14,False,True
004170,817,2023-05-15,2026-09-21,False,True
004250,782,2023-05-26,2026-08-13,False,True
004270,756,2023-07-07,2026-08-18,False,True
004360,806,2023-05-15,2026-09-04,False,True
004370,817,2023-05-15,2026-09-21,False,True
004380,796,2023-05-15,2026-08-21,False,True
004410,797,2023-05-26,2026-09-04,False,True
004430,817,2023-05-15,2026-09-21,False,True
004440,817,2023-05-15,2026-09-21,False,True
004490,817,2023-05-15,2026-09-21,False,True
004540,790,2023-06-01,2026-08-31,False,True
004560,817,2023-05-15,2026-09-21,False,True
004590,808,2023-05-15,2026-09-15,False,True
004650,794,2023-05-15,2026-08-25,False,True
004690,817,2023-05-15,2026-09-21,False,True
004700,773,2023-05-26,2026-07-31,False,True
004710,817,2023-05-15,2026-09-21,False,True
004720,772,2023-05-15,2026-07-16,False,True
004770,817,2023-05-15,2026-09-21,False,True
004780,773,2023-05-30,2026-08-13,False,True
004800,817,2023-05-15,2026-09-21,False,True
004830,807,2023-05-15,2026-09-07,False,True
004840,776,2023-06-22,2026-08-31,False,True
004870,817,2023-05-15,2026-09-21,False,True
004910,730,2023-05-30,2026-06-01,False,True
004920,780,2023-05-26,2026-08-11,False,True
004960,802,2023-05-15,2026-08-31,False,True
004970,763,2023-07-07,2026-08-27,False,True
004980,816,2023-05-15,2026-09-18,False,True
004990,817,2023-05-15,2026-09-21,False,True
005010,817,2023-05-15,2026-09-21,False,True
005070,817,2023-05-15,2026-09-21,False,True
005090,817,2023-05-15,2026-09-21,False,True
005160,817,2023-05-15,2026-09-21,False,True
005180,817,2023-05-15,2026-09-21,False,True
005250,817,2023-05-15,2026-09-21,False,True
005290,817,2023-05-15,2026-09-21,False,True
005300,817,2023-05-15,2026-09-21,False,True
005320,808,2023-05-26,2026-09-21,False,True
005360,776,2023-06-26,2026-09-02,False,True
005380,817,2023-05-15,2026-09-21,False,True
005420,817,2023-05-15,2026-09-21,False,True
005430,812,2023-05-15,2026-09-14,False,True
005440,817,2023-05-15,2026-09-21,False,True
005490,817,2023-05-15,2026-09-21,False,True
005610,793,2023-05-15,2026-08-18,False,True
005670,785,2023-05-15,2026-08-19,False,True
005680,814,2023-05-15,2026-09-16,False,True
005690,817,2023-05-15,2026-09-21,False,True
005710,808,2023-05-15,2026-09-18,False,True
005720,793,2023-05-15,2026-08-18,False,True
005740,815,2023-05-15,2026-09-17,False,True
005750,802,2023-05-15,2026-08-31,False,True
005800,727,2023-08-10,2026-08-10,False,True
005810,812,2023-05-15,2026-09-14,False,True
005830,817,2023-05-15,2026-09-21,False,True
005850,817,2023-05-15,2026-09-21,False,True
005860,817,2023-05-15,2026-09-21,False,True
005870,798,2023-05-15,2026-08-25,False,True
005880,817,2023-05-15,2026-09-21,False,True
005930,817,2023-05-15,2026-09-21,False,True
005940,817,2023-05-15,2026-09-21,False,True
005950,817,2023-05-15,2026-09-21,False,True
005960,817,2023-05-15,2026-09-21,False,True
005990,715,2023-05-26,2026-05-26,False,True
006040,817,2023-05-15,2026-09-21,False,True
006050,750,2023-05-15,2026-06-18,False,True
006060,802,2023-05-15,2026-08-31,False,True
006090,772,2023-07-17,2026-09-17,False,True
006110,817,2023-05-15,2026-09-21,False,True
006120,817,2023-05-15,2026-09-21,False,True
006140,786,2023-05-15,2026-08-11,False,True
006200,752,2023-05-26,2026-07-01,False,True
006220,817,2023-05-15,2026-09-21,False,True
006260,817,2023-05-15,2026-09-21,False,True
006280,817,2023-05-15,2026-09-21,False,True
006340,817,2023-05-15,2026-09-21,False,True
006360,817,2023-05-15,2026-09-21,False,True
006370,812,2023-05-15,2026-09-14,False,True
006400,817,2023-05-15,2026-09-21,False,True
006490,816,2023-05-15,2026-09-18,False,True
006570,770,2023-06-30,2026-08-31,False,True
006650,817,2023-05-15,2026-09-21,False,True
006660,817,2023-05-15,2026-09-21,False,True
006730,818,2023-05-15,2026-09-21,False,True
006740,792,2023-05-30,2026-08-31,False,True
006800,817,2023-05-15,2026-09-21,False,True
006840,760,2023-06-01,2026-07-16,False,True
006880,811,2023-05-15,2026-09-11,False,True
006890,797,2023-05-15,2026-08-24,False,True
006910,817,2023-05-15,2026-09-21,False,True
006920,796,2023-05-15,2026-08-25,False,True
006980,727,2023-09-07,2026-09-07,False,True
007070,817,2023-05-15,2026-09-21,False,True
007110,804,2023-05-15,2026-09-02,False,True
007120,800,2023-05-15,2026-08-27,False,True
007160,802,2023-05-15,2026-08-31,False,True
007210,785,2023-05-15,2026-08-05,False,True
007280,780,2023-05-30,2026-08-12,False,True
007310,817,2023-05-15,2026-09-21,False,True
007330,791,2023-05-26,2026-08-27,False,True
007340,817,2023-05-15,2026-09-21,False,True
007390,817,2023-05-15,2026-09-21,False,True
007460,807,2023-05-15,2026-09-07,False,True
007540,817,2023-05-15,2026-09-21,False,True
007610,98,2026-04-29,2026-09-21,False,True
007660,817,2023-05-15,2026-09-21,False,True
007680,762,2023-07-03,2026-08-20,False,True
007690,813,2023-05-15,2026-09-15,False,True
007700,805,2023-05-26,2026-09-16,False,True
007720,736,2023-05-30,2026-06-15,False,True
007810,817,2023-05-15,2026-09-21,False,True
007820,809,2023-05-15,2026-09-11,False,True
007860,797,2023-05-15,2026-08-24,False,True
007980,798,2023-05-15,2026-08-25,False,True
008040,807,2023-05-15,2026-09-07,False,True
008060,816,2023-05-15,2026-09-18,False,True
008250,791,2023-06-01,2026-09-01,False,True
008260,816,2023-05-15,2026-09-18,False,True
008350,817,2023-05-15,2026-09-21,False,True
008370,728,2023-07-03,2026-07-01,False,True
008420,805,2023-05-15,2026-09-03,False,True
008470,764,2023-06-26,2026-08-14,False,True
008490,802,2023-05-15,2026-08-31,False,True
008700,802,2023-05-15,2026-08-31,False,True
008730,817,2023-05-15,2026-09-21,False,True
008770,817,2023-05-15,2026-09-21,False,True
008830,814,2023-05-15,2026-09-21,False,True
008930,817,2023-05-15,2026-09-21,False,True
008970,817,2023-05-15,2026-09-21,False,True
009070,817,2023-05-15,2026-09-21,False,True
009140,766,2023-05-15,2026-07-08,False,True
009150,817,2023-05-15,2026-09-21,False,True
009160,802,2023-05-15,2026-08-31,False,True
009180,779,2023-05-15,2026-07-28,False,True
009190,817,2023-05-15,2026-09-21,False,True
009200,750,2023-05-15,2026-06-16,False,True
009240,817,2023-05-15,2026-09-21,False,True
009270,816,2023-05-15,2026-09-18,False,True
009320,800,2023-05-15,2026-08-27,False,True
009410,814,2023-05-15,2026-09-16,False,True
009450,817,2023-05-15,2026-09-21,False,True
009460,777,2023-06-12,2026-08-20,False,True
009470,817,2023-05-15,2026-09-21,False,True
009520,817,2023-05-15,2026-09-21,False,True
009540,817,2023-05-15,2026-09-21,False,True
009580,814,2023-05-15,2026-09-16,False,True
009680,792,2023-05-15,2026-08-14,False,True
009730,729,2023-08-14,2026-08-14,False,True
009780,794,2023-05-15,2026-08-19,False,True
009830,817,2023-05-15,2026-09-21,False,True
009900,815,2023-05-15,2026-09-17,False,True
009970,817,2023-05-15,2026-09-21,False,True
010040,749,2023-06-01,2026-07-01,False,True
010060,817,2023-05-15,2026-09-21,False,True
010100,796,2023-05-15,2026-08-21,False,True
010120,817,2023-05-15,2026-09-21,False,True
010130,817,2023-05-15,2026-09-21,False,True
010140,817,2023-05-15,2026-09-21,False,True
010170,816,2023-05-15,2026-09-21,False,True
010240,728,2023-05-26,2026-05-29,False,True
010280,784,2023-05-15,2026-08-26,False,True
010400,794,2023-05-26,2026-09-01,False,True
010470,735,2023-06-01,2026-06-11,False,True
010580,817,2023-05-15,2026-09-21,False,True
010640,815,2023-05-15,2026-09-17,False,True
010660,806,2023-05-15,2026-09-04,False,True
010690,817,2023-05-15,2026-09-21,False,True
010770,793,2023-05-15,2026-08-18,False,True
010780,817,2023-05-15,2026-09-21,False,True
010820,817,2023-05-15,2026-09-21,False,True
010950,817,2023-05-15,2026-09-21,False,True
010960,807,2023-05-26,2026-09-18,False,True
011000,756,2023-05-15,2026-06-24,False,True
011070,817,2023-05-15,2026-09-21,False,True
011090,772,2023-07-17,2026-09-17,False,True
011150,740,2023-05-15,2026-06-01,False,True
011170,817,2023-05-15,2026-09-21,False,True
011200,817,2023-05-15,2026-09-21,False,True
011210,817,2023-05-15,2026-09-21,False,True
011230,808,2023-05-26,2026-09-21,False,True
011280,758,2023-05-15,2026-06-26,False,True
011300,815,2023-05-15,2026-09-17,False,True
011320,774,2023-05-15,2026-07-22,False,True
011330,812,2023-05-15,2026-09-14,False,True
011370,786,2023-05-15,2026-08-11,False,True
011390,816,2023-05-15,2026-09-18,False,True
011420,789,2023-05-26,2026-08-25,False,True
011500,817,2023-05-15,2026-09-21,False,True
011560,817,2023-05-15,2026-09-21,False,True
011690,802,2023-05-15,2026-08-31,False,True
011700,813,2023-05-15,2026-09-15,False,True
011760,817,2023-05-15,2026-09-21,False,True
011780,817,2023-05-15,2026-09-21,False,True
011790,817,2023-05-15,2026-09-21,False,True
011930,817,2023-05-15,2026-09-21,False,True
012030,817,2023-05-15,2026-09-21,False,True
012160,764,2023-06-30,2026-08-21,False,True
012170,755,2023-05-30,2026-07-07,False,True
012200,817,2023-05-15,2026-09-21,False,True
012210,810,2023-05-24,2026-09-21,False,True
012280,802,2023-05-15,2026-08-31,False,True
012320,816,2023-05-15,2026-09-18,False,True
012330,817,2023-05-15,2026-09-21,False,True
012340,728,2023-08-11,2026-08-12,False,True
012450,817,2023-05-15,2026-09-21,False,True
012510,757,2023-05-15,2026-06-25,False,True
012610,816,2023-05-15,2026-09-18,False,True
012620,730,2023-05-30,2026-06-01,False,True
012630,817,2023-05-15,2026-09-21,False,True
012690,803,2023-05-15,2026-09-01,False,True
012700,779,2023-05-15,2026-07-28,False,True
012750,817,2023-05-15,2026-09-21,False,True
012800,813,2023-05-15,2026-09-15,False,True
012860,815,2023-05-15,2026-09-21,False,True
013000,773,2023-05-15,2026-07-20,False,True
013030,817,2023-05-15,2026-09-21,False,True
013120,783,2023-05-26,2026-08-21,False,True
013310,768,2023-05-15,2026-08-25,False,True
013360,812,2023-05-15,2026-09-14,False,True
013520,796,2023-05-15,2026-08-21,False,True
013570,813,2023-05-15,2026-09-15,False,True
013580,817,2023-05-15,2026-09-21,False,True
013700,796,2023-05-30,2026-09-04,False,True
013720,734,2023-06-16,2026-06-24,False,True
013810,766,2023-05-15,2026-07-08,False,True
013870,753,2023-05-26,2026-07-02,False,True
013890,785,2023-05-26,2026-08-19,False,True
013990,812,2023-05-15,2026-09-14,False,True
014130,753,2023-07-17,2026-08-21,False,True
014160,796,2023-05-15,2026-08-21,False,True
014190,809,2023-05-15,2026-09-11,False,True
014280,813,2023-05-15,2026-09-15,False,True
014440,740,2023-05-26,2026-06-15,False,True
014470,773,2023-05-26,2026-08-04,False,True
014530,817,2023-05-15,2026-09-21,False,True
014580,799,2023-05-15,2026-08-26,False,True
014620,817,2023-05-15,2026-09-21,False,True
014680,817,2023-05-15,2026-09-21,False,True
014710,790,2023-06-01,2026-08-31,False,True
014790,799,2023-05-15,2026-08-26,False,True
014820,815,2023-05-15,2026-09-17,False,True
014830,813,2023-05-15,2026-09-15,False,True
014910,817,2023-05-15,2026-09-21,False,True
014940,816,2023-05-15,2026-09-21,False,True
014970,804,2023-05-15,2026-09-15,False,True
014990,807,2023-05-30,2026-09-21,False,True
015230,813,2023-05-15,2026-09-15,False,True
015260,775,2023-05-15,2026-07-22,False,True
015360,816,2023-05-15,2026-09-18,False,True
015590,803,2023-05-26,2026-09-14,False,True
015710,797,2023-05-15,2026-08-25,False,True
015750,817,2023-05-15,2026-09-21,False,True
015760,817,2023-05-15,2026-09-21,False,True
015860,817,2023-05-15,2026-09-21,False,True
015890,786,2023-05-26,2026-08-20,False,True
016090,805,2023-05-15,2026-09-03,False,True
016100,732,2023-08-14,2026-08-20,False,True
016250,728,2023-06-02,2026-06-02,False,True
016360,817,2023-05-15,2026-09-21,False,True
016380,817,2023-05-15,2026-09-21,False,True
016450,727,2023-05-26,2026-05-26,False,True
016590,777,2023-05-26,2026-08-06,False,True
016600,763,2023-05-30,2026-07-20,False,True
016610,814,2023-05-15,2026-09-16,False,True
016670,730,2023-06-26,2026-06-26,False,True
016710,815,2023-05-15,2026-09-17,False,True
016740,798,2023-05-15,2026-08-25,False,True
016880,797,2023-05-15,2026-08-24,False,True
016920,775,2023-06-12,2026-08-18,False,True
017000,771,2023-06-16,2026-08-18,False,True
017250,720,2023-05-15,2026-05-14,False,True
017370,731,2023-05-26,2026-06-01,False,True
017390,802,2023-05-26,2026-09-11,False,True
017480,791,2023-05-26,2026-09-03,False,True
017510,816,2023-05-15,2026-09-21,False,True
017550,816,2023-05-15,2026-09-18,False,True
017650,801,2023-05-15,2026-09-14,False,True
017670,817,2023-05-15,2026-09-21,False,True
017800,817,2023-05-15,2026-09-21,False,True
017810,802,2023-05-15,2026-08-31,False,True
017860,665,2023-12-22,2026-09-18,False,True
017890,812,2023-05-15,2026-09-15,False,True
017900,817,2023-05-15,2026-09-21,False,True
017940,817,2023-05-15,2026-09-21,False,True
017960,817,2023-05-15,2026-09-21,False,True
018000,817,2023-05-15,2026-09-21,False,True
018250,805,2023-05-15,2026-09-03,False,True
018260,817,2023-05-15,2026-09-21,False,True
018290,817,2023-05-15,2026-09-21,False,True
018310,800,2023-05-26,2026-09-11,False,True
018470,815,2023-05-15,2026-09-17,False,True
018500,765,2023-05-15,2026-07-07,False,True
018670,817,2023-05-15,2026-09-21,False,True
018700,732,2023-05-26,2026-06-02,False,True
018880,817,2023-05-15,2026-09-21,False,True
019010,811,2023-05-15,2026-09-18,False,True
019180,803,2023-05-15,2026-09-01,False,True
019210,815,2023-05-15,2026-09-21,False,True
019540,801,2023-05-15,2026-08-31,False,True
019550,792,2023-05-30,2026-08-31,False,True
019570,772,2023-05-26,2026-07-31,False,True
019660,733,2023-05-26,2026-06-30,False,True
019680,755,2023-07-03,2026-08-10,False,True
019770,787,2023-05-15,2026-08-10,False,True
019990,815,2023-05-15,2026-09-17,False,True
020000,817,2023-05-15,2026-09-21,False,True
020120,817,2023-05-15,2026-09-21,False,True
020150,817,2023-05-15,2026-09-21,False,True
020180,794,2023-05-15,2026-08-20,False,True
020400,793,2023-05-15,2026-08-14,False,True
020560,817,2023-05-15,2026-09-21,False,True
020710,815,2023-05-15,2026-09-18,False,True
021040,728,2023-06-19,2026-06-17,False,True
021050,797,2023-05-15,2026-08-24,False,True
021080,817,2023-05-15,2026-09-21,False,True
021240,817,2023-05-15,2026-09-21,False,True
021320,811,2023-05-15,2026-09-15,False,True
021820,795,2023-05-26,2026-09-02,False,True
021880,788,2023-05-15,2026-08-10,False,True
022100,817,2023-05-15,2026-09-21,False,True
022220,738,2023-09-01,2026-09-16,False,True
023000,781,2023-06-01,2026-08-18,False,True
023150,727,2023-08-25,2026-08-25,False,True
023160,817,2023-05-15,2026-09-21,False,True
023350,785,2023-05-15,2026-08-05,False,True
023410,816,2023-05-15,2026-09-21,False,True
023530,817,2023-05-15,2026-09-21,False,True
023590,817,2023-05-15,2026-09-21,False,True
023600,772,2023-06-26,2026-08-27,False,True
023760,801,2023-05-15,2026-08-31,False,True
023770,736,2023-08-21,2026-09-01,False,True
023790,786,2023-05-26,2026-09-14,False,True
023800,798,2023-05-15,2026-08-25,False,True
023810,768,2023-05-15,2026-07-10,False,True
023900,789,2023-05-15,2026-08-14,False,True
023960,735,2023-05-30,2026-06-09,False,True
024060,817,2023-05-15,2026-09-21,False,True
024070,759,2023-05-15,2026-06-29,False,True
024090,794,2023-06-01,2026-09-04,False,True
024110,817,2023-05-15,2026-09-21,False,True
024120,744,2023-06-01,2026-06-24,False,True
024720,802,2023-05-15,2026-08-31,False,True
024740,811,2023-05-15,2026-09-11,False,True
024800,797,2023-05-15,2026-09-03,False,True
024840,816,2023-05-15,2026-09-21,False,True
024880,796,2023-05-15,2026-08-20,False,True
024890,772,2023-06-09,2026-08-11,False,True
024900,816,2023-05-15,2026-09-18,False,True
024910,800,2023-05-15,2026-08-27,False,True
024940,778,2023-05-26,2026-08-10,False,True
024950,799,2023-05-15,2026-08-26,False,True
025000,803,2023-05-30,2026-09-15,False,True
025320,818,2023-05-15,2026-09-21,False,True
025440,730,2023-07-03,2026-07-03,False,True
025530,727,2023-05-26,2026-05-26,False,True
025540,817,2023-05-15,2026-09-21,False,True
025550,793,2023-05-15,2026-08-18,False,True
025560,817,2023-05-15,2026-09-21,False,True
025750,729,2023-05-30,2026-05-29,False,True
025770,811,2023-05-15,2026-09-11,False,True
025820,817,2023-05-15,2026-09-21,False,True
025860,817,2023-05-15,2026-09-21,False,True
025880,791,2023-05-15,2026-08-19,False,True
025890,774,2023-06-09,2026-08-13,False,True
025900,798,2023-05-15,2026-09-11,False,True
025950,797,2023-05-15,2026-08-31,False,True
025980,817,2023-05-15,2026-09-21,False,True
026040,801,2023-05-15,2026-09-07,False,True
026150,773,2023-05-15,2026-07-20,False,True
026890,817,2023-05-15,2026-09-21,False,True
026910,807,2023-05-30,2026-09-21,False,True
026940,816,2023-05-15,2026-09-18,False,True
026960,817,2023-05-15,2026-09-21,False,True
027040,792,2023-05-30,2026-08-31,False,True
027050,815,2023-05-15,2026-09-17,False,True
027360,817,2023-05-15,2026-09-21,False,True
027410,797,2023-05-15,2026-08-24,False,True
027580,766,2023-05-26,2026-08-10,False,True
027710,811,2023-05-15,2026-09-11,False,True
027740,806,2023-05-30,2026-09-18,False,True
027830,781,2023-05-15,2026-07-30,False,True
027970,749,2023-05-26,2026-06-26,False,True
028050,817,2023-05-15,2026-09-21,False,True
028100,817,2023-05-15,2026-09-21,False,True
028260,817,2023-05-15,2026-09-21,False,True
028670,817,2023-05-15,2026-09-21,False,True
029460,817,2023-05-15,2026-09-21,False,True
029480,797,2023-05-15,2026-08-24,False,True
029530,799,2023-05-15,2026-08-26,False,True
029780,817,2023-05-15,2026-09-21,False,True
030000,817,2023-05-15,2026-09-21,False,True
030190,817,2023-05-15,2026-09-21,False,True
030200,817,2023-05-15,2026-09-21,False,True
030210,814,2023-05-15,2026-09-16,False,True
030520,817,2023-05-15,2026-09-21,False,True
030530,815,2023-05-15,2026-09-21,False,True
030610,811,2023-05-15,2026-09-11,False,True
030720,807,2023-05-15,2026-09-07,False,True
030960,796,2023-05-30,2026-09-04,False,True
031210,372,2025-03-14,2026-09-21,False,True
031310,757,2023-05-15,2026-06-29,False,True
031330,817,2023-05-15,2026-09-21,False,True
031430,817,2023-05-15,2026-09-21,False,True
031440,772,2023-05-15,2026-07-16,False,True
031510,782,2023-05-26,2026-08-19,False,True
031820,814,2023-05-15,2026-09-16,False,True
031980,817,2023-05-15,2026-09-21,False,True
032080,728,2023-07-03,2026-07-01,False,True
032190,816,2023-05-15,2026-09-21,False,True
032350,817,2023-05-15,2026-09-21,False,True
032500,817,2023-05-15,2026-09-21,False,True
032560,793,2023-05-15,2026-08-18,False,True
032580,816,2023-05-15,2026-09-21,False,True
032640,817,2023-05-15,2026-09-21,False,True
032680,770,2023-05-26,2026-08-21,False,True
032790,794,2023-05-30,2026-09-21,False,True
032800,748,2023-06-29,2026-07-28,False,True
032820,817,2023-05-15,2026-09-21,False,True
032830,817,2023-05-15,2026-09-21,False,True
032850,817,2023-05-15,2026-09-21,False,True
032860,728,2023-05-26,2026-05-27,False,True
032940,815,2023-05-15,2026-09-21,False,True
033050,728,2023-08-14,2026-08-13,False,True
033100,817,2023-05-15,2026-09-21,False,True
033130,779,2023-05-15,2026-07-28,False,True
033160,817,2023-05-15,2026-09-21,False,True
033170,817,2023-05-15,2026-09-21,False,True
033200,720,2023-05-15,2026-05-14,False,True
033230,800,2023-05-15,2026-08-27,False,True
033240,817,2023-05-15,2026-09-21,False,True
033250,789,2023-06-26,2026-09-21,False,True
033290,776,2023-06-09,2026-08-18,False,True
033310,796,2023-05-26,2026-09-04,False,True
033320,813,2023-05-15,2026-09-15,False,True
033340,807,2023-05-15,2026-09-07,False,True
033500,803,2023-05-15,2026-09-21,False,True
033530,805,2023-05-15,2026-09-03,False,True
033540,779,2023-05-15,2026-08-14,False,True
033560,775,2023-06-12,2026-08-18,False,True
033640,817,2023-05-15,2026-09-21,False,True
033780,817,2023-05-15,2026-09-21,False,True
033790,815,2023-05-15,2026-09-21,False,True
033830,750,2023-05-26,2026-07-03,False,True
033920,793,2023-05-15,2026-08-18,False,True
034020,817,2023-05-15,2026-09-21,False,True
034120,793,2023-05-15,2026-08-18,False,True
034220,817,2023-05-15,2026-09-21,False,True
034230,817,2023-05-15,2026-09-21,False,True
034310,804,2023-05-15,2026-09-02,False,True
034730,817,2023-05-15,2026-09-21,False,True
034810,795,2023-05-15,2026-08-21,False,True
034830,803,2023-05-15,2026-09-01,False,True
034950,754,2023-05-15,2026-07-07,False,True
035000,812,2023-05-15,2026-09-14,False,True
035080,816,2023-05-15,2026-09-18,False,True
035150,796,2023-05-15,2026-08-21,False,True
035200,814,2023-05-15,2026-09-18,False,True
035250,817,2023-05-15,2026-09-21,False,True
035420,817,2023-05-15,2026-09-21,False,True
035460,817,2023-05-15,2026-09-21,False,True
035510,817,2023-05-15,2026-09-21,False,True
035600,814,2023-05-15,2026-09-16,False,True
035610,797,2023-06-12,2026-09-17,False,True
035620,716,2023-05-26,2026-05-29,False,True
035720,817,2023-05-15,2026-09-21,False,True
035760,817,2023-05-15,2026-09-21,False,True
035810,814,2023-05-15,2026-09-16,False,True
035890,817,2023-05-15,2026-09-21,False,True
035900,817,2023-05-15,2026-09-21,False,True
036000,787,2023-05-30,2026-08-25,False,True
036010,815,2023-05-15,2026-09-18,False,True
036030,817,2023-05-15,2026-09-21,False,True
036090,795,2023-05-26,2026-09-21,False,True
036120,770,2023-05-26,2026-07-28,False,True
036170,816,2023-05-15,2026-09-21,False,True
036190,795,2023-05-15,2026-08-31,False,True
036200,817,2023-05-15,2026-09-21,False,True
036420,811,2023-05-15,2026-09-11,False,True
036460,817,2023-05-15,2026-09-21,False,True
036480,730,2023-07-03,2026-07-03,False,True
036530,805,2023-05-15,2026-09-03,False,True
036540,817,2023-05-15,2026-09-21,False,True
036560,800,2023-05-15,2026-08-27,False,True
036570,817,2023-05-15,2026-09-21,False,True
036580,807,2023-05-15,2026-09-07,False,True
036620,814,2023-05-15,2026-09-16,False,True
036630,720,2023-05-30,2026-08-24,False,True
036640,792,2023-05-15,2026-08-18,False,True
036670,735,2023-05-26,2026-06-19,False,True
036710,817,2023-05-15,2026-09-21,False,True
036800,815,2023-05-15,2026-09-21,False,True
036810,818,2023-05-15,2026-09-21,False,True
036830,816,2023-05-15,2026-09-21,False,True
036890,817,2023-05-15,2026-09-21,False,True
036930,817,2023-05-15,2026-09-21,False,True
037030,816,2023-05-15,2026-09-21,False,True
037070,816,2023-05-15,2026-09-18,False,True
037230,811,2023-05-15,2026-09-11,False,True
037270,811,2023-05-15,2026-09-11,False,True
037330,786,2023-05-26,2026-08-21,False,True
037350,817,2023-05-15,2026-09-21,False,True
037370,813,2023-05-15,2026-09-15,False,True
037400,738,2023-05-30,2026-06-18,False,True
037440,817,2023-05-15,2026-09-21,False,True
037460,814,2023-05-15,2026-09-21,False,True
037560,796,2023-05-15,2026-08-21,False,True
037710,816,2023-05-15,2026-09-18,False,True
037760,756,2023-05-15,2026-06-30,False,True
037950,776,2023-05-26,2026-08-24,False,True
038010,751,2023-05-30,2026-07-01,False,True
038060,788,2023-05-15,2026-08-18,False,True
038110,811,2023-05-15,2026-09-11,False,True
038290,799,2023-05-15,2026-08-26,False,True
038390,793,2023-05-15,2026-08-14,False,True
038500,816,2023-05-15,2026-09-21,False,True
038540,776,2023-06-01,2026-08-10,False,True
038620,747,2023-05-26,2026-07-16,False,True
038680,805,2023-05-15,2026-09-02,False,True
038870,758,2023-05-30,2026-07-10,False,True
038880,781,2023-05-15,2026-08-18,False,True
038950,729,2023-06-01,2026-06-02,False,True
039010,810,2023-05-15,2026-09-14,False,True
039020,786,2023-05-26,2026-08-27,False,True
039030,817,2023-05-15,2026-09-21,False,True
039130,817,2023-05-15,2026-09-21,False,True
039200,817,2023-05-15,2026-09-21,False,True
039240,804,2023-05-15,2026-09-03,False,True
039290,728,2023-06-12,2026-06-10,False,True
039310,771,2023-05-26,2026-08-18,False,True
039420,745,2023-05-26,2026-06-24,False,True
039440,817,2023-05-15,2026-09-21,False,True
039490,817,2023-05-15,2026-09-21,False,True
039560,817,2023-05-15,2026-09-21,False,True
039570,780,2023-05-30,2026-08-12,False,True
039610,812,2023-05-15,2026-09-15,False,True
039740,773,2023-05-26,2026-08-13,False,True
039830,811,2023-05-15,2026-09-21,False,True
039840,814,2023-05-15,2026-09-16,False,True
039860,817,2023-05-15,2026-09-21,False,True
039980,801,2023-05-15,2026-09-18,False,True
040160,815,2023-05-15,2026-09-21,False,True
040300,817,2023-05-15,2026-09-21,False,True
040350,783,2023-05-15,2026-09-21,False,True
040420,764,2023-05-15,2026-07-16,False,True
040610,782,2023-06-01,2026-08-19,False,True
040910,772,2023-05-15,2026-07-20,False,True
041020,813,2023-05-15,2026-09-15,False,True
041190,817,2023-05-15,2026-09-21,False,True
041440,815,2023-05-15,2026-09-17,False,True
041460,802,2023-05-15,2026-08-31,False,True
041510,817,2023-05-15,2026-09-21,False,True
041520,808,2023-05-15,2026-09-14,False,True
041830,816,2023-05-15,2026-09-21,False,True
041930,804,2023-05-26,2026-09-15,False,True
041960,818,2023-05-15,2026-09-21,False,True
042000,817,2023-05-15,2026-09-21,False,True
042040,733,2023-08-10,2026-08-19,False,True
042110,801,2023-05-15,2026-08-31,False,True
042370,817,2023-05-15,2026-09-21,False,True
042420,791,2023-05-15,2026-08-14,False,True
042500,816,2023-05-15,2026-09-17,False,True
042510,802,2023-05-15,2026-09-21,False,True
042600,803,2023-05-15,2026-09-01,False,True
042660,817,2023-05-15,2026-09-21,False,True
042700,817,2023-05-15,2026-09-21,False,True
042940,778,2023-05-15,2026-09-01,False,True
043150,816,2023-05-15,2026-09-21,False,True
043200,806,2023-05-15,2026-09-04,False,True
043260,817,2023-05-15,2026-09-21,False,True
043340,741,2023-05-30,2026-07-06,False,True
043360,783,2023-05-26,2026-09-03,False,True
043370,795,2023-05-15,2026-08-20,False,True
043610,736,2023-08-04,2026-08-18,False,True
043650,763,2023-06-22,2026-08-11,False,True
043710,727,2023-08-25,2026-08-25,False,True
043910,783,2023-05-26,2026-09-02,False,True
044340,802,2023-05-15,2026-08-31,False,True
044380,731,2023-05-26,2026-06-01,False,True
044450,817,2023-05-15,2026-09-21,False,True
044480,781,2023-05-15,2026-09-16,False,True
044490,814,2023-05-15,2026-09-21,False,True
044780,796,2023-05-15,2026-09-03,False,True
044820,816,2023-05-15,2026-09-18,False,True
044960,763,2023-05-15,2026-07-03,False,True
044990,792,2023-05-15,2026-08-14,False,True
045060,792,2023-05-15,2026-08-18,False,True
045100,816,2023-05-15,2026-09-21,False,True
045300,794,2023-05-15,2026-08-18,False,True
045340,797,2023-05-15,2026-08-26,False,True
045390,817,2023-05-15,2026-09-21,False,True
045510,783,2023-05-15,2026-08-18,False,True
045520,791,2023-06-15,2026-09-14,False,True
045660,800,2023-05-15,2026-08-31,False,True
045970,815,2023-05-15,2026-09-17,False,True
046120,816,2023-05-15,2026-09-21,False,True
046310,771,2023-05-15,2026-07-16,False,True
046390,740,2023-05-26,2026-07-03,False,True
046440,802,2023-05-15,2026-08-31,False,True
046890,817,2023-05-15,2026-09-21,False,True
046940,801,2023-05-15,2026-08-31,False,True
046970,814,2023-05-15,2026-09-21,False,True
047040,817,2023-05-15,2026-09-21,False,True
047050,817,2023-05-15,2026-09-21,False,True
047080,803,2023-05-15,2026-09-01,False,True
047310,815,2023-05-15,2026-09-18,False,True
047400,796,2023-05-15,2026-08-21,False,True
047560,812,2023-05-15,2026-09-15,False,True
047770,816,2023-05-15,2026-09-21,False,True
047810,817,2023-05-15,2026-09-21,False,True
047820,778,2023-05-15,2026-07-27,False,True
048430,817,2023-05-15,2026-09-21,False,True
048470,804,2023-05-15,2026-09-03,False,True
048550,807,2023-05-15,2026-09-07,False,True
048770,813,2023-05-15,2026-09-21,False,True
048830,727,2023-07-20,2026-07-20,False,True
048870,804,2023-05-15,2026-09-03,False,True
048910,816,2023-05-15,2026-09-21,False,True
049070,816,2023-05-15,2026-09-18,False,True
049080,815,2023-05-15,2026-09-21,False,True
049120,785,2023-06-09,2026-08-31,False,True
049430,805,2023-05-15,2026-09-17,False,True
049470,807,2023-05-30,2026-09-21,False,True
049480,816,2023-05-15,2026-09-18,False,True
049520,804,2023-05-15,2026-09-01,False,True
049630,803,2023-05-15,2026-09-21,False,True
049720,803,2023-05-15,2026-09-01,False,True
049800,740,2023-05-15,2026-06-01,False,True
049950,794,2023-05-15,2026-08-19,False,True
050110,794,2023-05-15,2026-09-07,False,True
050120,778,2023-06-09,2026-08-20,False,True
050760,759,2023-06-30,2026-08-13,False,True
050860,730,2023-06-26,2026-06-26,False,True
050890,817,2023-05-15,2026-09-21,False,True
051160,816,2023-05-15,2026-09-21,False,True
051360,800,2023-05-15,2026-08-27,False,True
051370,812,2023-05-15,2026-09-14,False,True
051380,792,2023-05-15,2026-08-14,False,True
051390,728,2023-06-19,2026-06-17,False,True
051490,795,2023-05-15,2026-08-20,False,True
051500,799,2023-05-15,2026-08-27,False,True
051600,817,2023-05-15,2026-09-21,False,True
051630,817,2023-05-15,2026-09-21,False,True
051780,754,2023-05-15,2026-06-22,False,True
051900,817,2023-05-15,2026-09-21,False,True
051910,817,2023-05-15,2026-09-21,False,True
051980,807,2023-05-15,2026-09-07,False,True
052020,817,2023-05-15,2026-09-21,False,True
052220,815,2023-05-15,2026-09-17,False,True
052300,807,2023-05-26,2026-09-18,False,True
052330,793,2023-05-15,2026-08-27,False,True
052400,813,2023-05-15,2026-09-21,False,True
052420,797,2023-05-30,2026-09-07,False,True
052460,817,2023-05-15,2026-09-21,False,True
052600,729,2023-05-15,2026-05-14,False,True
052690,817,2023-05-15,2026-09-21,False,True
052710,817,2023-05-15,2026-09-21,False,True
052790,781,2023-06-01,2026-08-18,False,True
052860,812,2023-05-15,2026-09-21,False,True
052900,816,2023-05-15,2026-09-21,False,True
053030,816,2023-05-15,2026-09-18,False,True
053050,813,2023-05-15,2026-09-15,False,True
053060,790,2023-05-15,2026-08-18,False,True
053080,817,2023-05-15,2026-09-21,False,True
053160,771,2023-05-26,2026-08-05,False,True
053210,794,2023-05-15,2026-08-19,False,True
053260,815,2023-05-15,2026-09-21,False,True
053270,782,2023-05-26,2026-08-13,False,True
053280,805,2023-06-01,2026-09-21,False,True
053290,734,2023-07-10,2026-07-16,False,True
053300,816,2023-05-15,2026-09-21,False,True
053350,809,2023-05-15,2026-09-17,False,True
053450,794,2023-05-15,2026-08-19,False,True
053580,805,2023-05-15,2026-09-04,False,True
053610,817,2023-05-15,2026-09-21,False,True
053620,732,2023-05-15,2026-06-02,False,True
053690,817,2023-05-15,2026-09-21,False,True
053700,817,2023-05-15,2026-09-21,False,True
053800,817,2023-05-15,2026-09-21,False,True
053980,802,2023-05-15,2026-08-31,False,True
054040,792,2023-05-15,2026-08-21,False,True
054090,782,2023-05-30,2026-08-14,False,True
054210,816,2023-05-15,2026-09-18,False,True
054220,794,2023-05-26,2026-09-18,False,True
054300,798,2023-05-15,2026-09-14,False,True
054450,817,2023-05-15,2026-09-21,False,True
054540,815,2023-05-15,2026-09-21,False,True
054620,781,2023-05-15,2026-08-03,False,True
054670,793,2023-05-15,2026-08-20,False,True
054780,787,2023-06-02,2026-08-27,False,True
054800,777,2023-05-26,2026-08-25,False,True
054920,817,2023-05-15,2026-09-21,False,True
054930,800,2023-05-15,2026-08-27,False,True
054940,807,2023-05-15,2026-09-07,False,True
054950,797,2023-05-15,2026-08-25,False,True
055490,806,2023-05-15,2026-09-04,False,True
055550,817,2023-05-15,2026-09-21,False,True
056080,817,2023-05-15,2026-09-21,False,True
056190,817,2023-05-15,2026-09-21,False,True
056360,816,2023-05-15,2026-09-21,False,True
056700,727,2023-05-15,2026-05-14,False,True
057030,728,2023-06-01,2026-06-01,False,True
057050,757,2023-05-15,2026-06-25,False,True
057540,791,2023-05-15,2026-08-14,False,True
057680,804,2023-05-15,2026-09-21,False,True
058110,813,2023-05-15,2026-09-15,False,True
058400,793,2023-05-26,2026-08-31,False,True
058430,817,2023-05-15,2026-09-21,False,True
058450,738,2023-05-15,2026-07-10,False,True
058470,807,2023-05-15,2026-09-21,False,True
058610,817,2023-05-15,2026-09-21,False,True
058630,794,2023-05-15,2026-08-19,False,True
058650,797,2023-05-15,2026-08-24,False,True
058730,817,2023-05-15,2026-09-21,False,True
058850,797,2023-05-15,2026-08-24,False,True
058860,795,2023-05-15,2026-08-20,False,True
058970,813,2023-05-15,2026-09-15,False,True
059090,817,2023-05-15,2026-09-21,False,True
059100,806,2023-05-15,2026-09-17,False,True
059120,818,2023-05-15,2026-09-21,False,True
059270,811,2023-05-15,2026-09-15,False,True
060150,816,2023-05-15,2026-09-18,False,True
060230,800,2023-05-15,2026-08-27,False,True
060250,817,2023-05-15,2026-09-21,False,True
060260,740,2023-06-26,2026-07-10,False,True
060280,817,2023-05-15,2026-09-21,False,True
060310,802,2023-05-15,2026-08-31,False,True
060370,817,2023-05-15,2026-09-21,False,True
060540,761,2023-05-30,2026-07-23,False,True
060560,726,2023-05-26,2026-07-03,False,True
060570,801,2023-05-30,2026-09-11,False,True
060720,817,2023-05-15,2026-09-21,False,True
060850,775,2023-05-30,2026-08-18,False,True
060900,749,2023-06-01,2026-08-12,False,True
060980,816,2023-05-15,2026-09-18,False,True
061040,789,2023-05-30,2026-08-26,False,True
061090,209,2025-11-14,2026-09-21,False,True
061970,817,2023-05-15,2026-09-21,False,True
062040,522,2024-07-29,2026-09-21,False,True
062970,814,2023-05-15,2026-09-21,False,True
063080,817,2023-05-15,2026-09-21,False,True
063170,817,2023-05-15,2026-09-21,False,True
063440,805,2023-05-26,2026-09-17,False,True
063570,766,2023-05-26,2026-07-24,False,True
063760,748,2023-05-15,2026-06-15,False,True
064240,799,2023-05-15,2026-08-26,False,True
064260,817,2023-05-15,2026-09-21,False,True
064290,817,2023-05-15,2026-09-21,False,True
064350,817,2023-05-15,2026-09-21,False,True
064400,399,2025-02-05,2026-09-21,False,True
064480,758,2023-05-15,2026-06-26,False,True
064760,816,2023-05-15,2026-09-21,False,True
064800,781,2023-05-26,2026-09-01,False,True
064820,815,2023-05-15,2026-09-17,False,True
064850,815,2023-05-15,2026-09-21,False,True
064960,817,2023-05-15,2026-09-21,False,True
065060,760,2023-06-01,2026-07-16,False,True
065130,789,2023-05-15,2026-08-18,False,True
065150,729,2023-07-24,2026-07-24,False,True
065170,800,2023-05-15,2026-09-21,False,True
065350,815,2023-05-15,2026-09-21,False,True
065370,727,2023-07-20,2026-07-20,False,True
065440,817,2023-05-15,2026-09-21,False,True
065450,817,2023-05-15,2026-09-21,False,True
065500,781,2023-05-15,2026-08-05,False,True
065510,801,2023-05-15,2026-08-31,False,True
065530,815,2023-05-15,2026-09-21,False,True
065650,731,2023-06-09,2026-06-12,False,True
065660,814,2023-05-15,2026-09-18,False,True
065680,799,2023-05-15,2026-08-31,False,True
065710,800,2023-05-15,2026-09-14,False,True
065770,740,2023-05-26,2026-07-06,False,True
065950,790,2023-06-01,2026-08-31,False,True
066130,789,2023-05-15,2026-08-18,False,True
066310,815,2023-05-15,2026-09-21,False,True
066360,800,2023-05-15,2026-08-31,False,True
066430,814,2023-05-15,2026-09-21,False,True
066570,817,2023-05-15,2026-09-21,False,True
066590,800,2023-05-15,2026-08-27,False,True
066620,800,2023-05-15,2026-09-02,False,True
066670,740,2023-05-15,2026-06-01,False,True
066700,796,2023-05-15,2026-08-24,False,True
066910,769,2023-06-09,2026-08-06,False,True
066970,817,2023-05-15,2026-09-21,False,True
066980,804,2023-05-15,2026-09-04,False,True
067000,813,2023-05-15,2026-09-15,False,True
067010,730,2023-08-21,2026-08-24,False,True
067160,817,2023-05-15,2026-09-21,False,True
067170,814,2023-05-15,2026-09-21,False,True
067280,796,2023-05-30,2026-09-17,False,True
067290,818,2023-05-15,2026-09-21,False,True
067310,818,2023-05-15,2026-09-21,False,True
067390,801,2023-05-15,2026-09-15,False,True
067570,799,2023-05-15,2026-08-26,False,True
067730,739,2023-05-15,2026-06-01,False,True
067770,753,2023-08-11,2026-09-17,False,True
067830,794,2023-05-15,2026-08-19,False,True
067900,789,2023-05-15,2026-08-11,False,True
067920,815,2023-05-15,2026-09-21,False,True
067990,798,2023-05-15,2026-08-31,False,True
068100,548,2024-02-22,2026-05-27,False,True
068290,774,2023-05-15,2026-07-21,False,True
068790,816,2023-05-15,2026-09-18,False,True
068930,790,2023-05-26,2026-08-31,False,True
069080,817,2023-05-15,2026-09-21,False,True
069140,783,2023-05-30,2026-08-18,False,True
069260,817,2023-05-15,2026-09-21,False,True
069330,727,2023-08-28,2026-08-26,False,True
069410,779,2023-05-15,2026-07-30,False,True
069500,798,2023-05-15,2026-09-21,False,True
069510,783,2023-05-15,2026-08-25,False,True
069540,816,2023-05-15,2026-09-21,False,True
069640,727,2023-08-03,2026-08-03,False,True
069730,802,2023-05-15,2026-08-31,False,True
069920,729,2023-09-18,2026-09-18,False,True
069960,817,2023-05-15,2026-09-21,False,True
070300,818,2023-05-15,2026-09-21,False,True
070960,786,2023-05-26,2026-08-20,False,True
071050,817,2023-05-15,2026-09-21,False,True
071090,817,2023-05-15,2026-09-21,False,True
071280,816,2023-05-15,2026-09-21,False,True
071320,817,2023-05-15,2026-09-21,False,True
071670,764,2023-05-15,2026-07-08,False,True
071840,740,2023-05-15,2026-06-01,False,True
071950,784,2023-05-26,2026-08-18,False,True
071970,817,2023-05-15,2026-09-21,False,True
072020,762,2023-05-15,2026-07-03,False,True
072130,792,2023-05-15,2026-08-14,False,True
072470,737,2023-05-15,2026-05-27,False,True
072710,802,2023-05-15,2026-08-31,False,True
072770,783,2023-05-26,2026-09-07,False,True
072870,800,2023-05-15,2026-08-31,False,True
072950,813,2023-05-15,2026-09-21,False,True
072990,807,2023-05-26,2026-09-17,False,True
073010,817,2023-05-15,2026-09-21,False,True
073110,738,2023-06-01,2026-06-16,False,True
073240,817,2023-05-15,2026-09-21,False,True
073490,815,2023-05-15,2026-09-21,False,True
073540,808,2023-05-15,2026-09-16,False,True
073560,793,2023-05-15,2026-08-18,False,True
073570,772,2023-05-26,2026-08-18,False,True
074430,804,2023-05-26,2026-09-16,False,True
074600,817,2023-05-15,2026-09-21,False,True
075130,728,2023-06-01,2026-06-01,False,True
075580,817,2023-05-15,2026-09-21,False,True
075970,739,2023-05-15,2026-05-29,False,True
076080,727,2023-08-04,2026-08-04,False,True
076610,804,2023-05-15,2026-09-21,False,True
077360,817,2023-05-15,2026-09-21,False,True
077500,817,2023-05-15,2026-09-21,False,True
077970,817,2023-05-15,2026-09-21,False,True
078000,764,2023-06-01,2026-07-23,False,True
078020,808,2023-05-15,2026-09-14,False,True
078070,798,2023-05-15,2026-08-31,False,True
078130,806,2023-05-26,2026-09-17,False,True
078140,783,2023-05-26,2026-08-18,False,True
078150,817,2023-05-15,2026-09-21,False,True
078340,817,2023-05-15,2026-09-21,False,True
078350,817,2023-05-15,2026-09-21,False,True
078520,817,2023-05-15,2026-09-21,False,True
078590,693,2023-09-21,2026-09-15,False,True
078600,817,2023-05-15,2026-09-21,False,True
078890,815,2023-05-15,2026-09-16,False,True
078930,817,2023-05-15,2026-09-21,False,True
079000,753,2023-06-01,2026-07-07,False,True
079160,817,2023-05-15,2026-09-21,False,True
079170,744,2023-06-01,2026-06-24,False,True
079370,818,2023-05-15,2026-09-21,False,True
079430,802,2023-05-15,2026-08-31,False,True
079550,817,2023-05-15,2026-09-21,False,True
079650,799,2023-06-12,2026-09-21,False,True
079810,806,2023-05-15,2026-09-04,False,True
079900,507,2024-08-19,2026-09-21,False,True
079940,816,2023-05-15,2026-09-21,False,True
079960,816,2023-05-15,2026-09-18,False,True
079980,794,2023-05-15,2026-08-19,False,True
080160,817,2023-05-15,2026-09-21,False,True
080220,817,2023-05-15,2026-09-21,False,True
080470,725,2023-05-30,2026-06-02,False,True
080520,734,2023-05-15,2026-05-27,False,True
080530,780,2023-05-26,2026-08-11,False,True
080580,817,2023-05-15,2026-09-21,False,True
081000,816,2023-05-15,2026-09-18,False,True
081150,803,2023-05-15,2026-09-01,False,True
081180,340,2025-04-28,2026-09-18,False,True
081580,814,2023-05-15,2026-09-21,False,True
081660,817,2023-05-15,2026-09-21,False,True
082210,781,2023-05-26,2026-08-12,False,True
082270,817,2023-05-15,2026-09-21,False,True
082640,786,2023-05-15,2026-08-06,False,True
082740,817,2023-05-15,2026-09-21,False,True
082920,818,2023-05-15,2026-09-21,False,True
083310,817,2023-05-15,2026-09-21,False,True
083420,796,2023-05-15,2026-08-21,False,True
083450,818,2023-05-15,2026-09-21,False,True
083470,785,2023-05-26,2026-08-21,False,True
083500,813,2023-05-15,2026-09-21,False,True
083550,729,2023-06-01,2026-06-02,False,True
083640,761,2023-05-15,2026-08-12,False,True
083650,817,2023-05-15,2026-09-21,False,True
083660,803,2023-05-15,2026-08-31,False,True
083790,791,2023-05-26,2026-08-31,False,True
083930,802,2023-05-15,2026-08-31,False,True
084010,815,2023-05-15,2026-09-17,False,True
084110,813,2023-05-15,2026-09-17,False,True
084180,714,2023-05-15,2026-05-14,False,True
084370,817,2023-05-15,2026-09-21,False,True
084670,802,2023-05-15,2026-08-31,False,True
084680,804,2023-05-15,2026-09-02,False,True
084690,812,2023-05-15,2026-09-14,False,True
084730,806,2023-05-15,2026-09-04,False,True
084850,791,2023-05-15,2026-08-14,False,True
084870,768,2023-07-17,2026-09-11,False,True
084990,802,2023-05-15,2026-08-31,False,True
085310,781,2023-06-01,2026-08-18,False,True
085620,817,2023-05-15,2026-09-21,False,True
085670,796,2023-05-15,2026-08-21,False,True
085910,811,2023-05-15,2026-09-21,False,True
086280,817,2023-05-15,2026-09-21,False,True
086390,817,2023-05-15,2026-09-21,False,True
086520,807,2023-05-15,2026-09-21,False,True
086670,815,2023-05-15,2026-09-21,False,True
086710,805,2023-05-15,2026-09-03,False,True
086790,817,2023-05-15,2026-09-21,False,True
086890,795,2023-05-15,2026-08-21,False,True
086960,817,2023-05-15,2026-09-21,False,True
086980,799,2023-05-15,2026-08-26,False,True
087260,741,2023-05-15,2026-06-02,False,True
087600,728,2023-06-01,2026-06-01,False,True
088130,816,2023-05-15,2026-09-21,False,True
088280,698,2023-11-07,2026-09-18,False,True
088340,509,2024-08-16,2026-09-21,False,True
088350,817,2023-05-15,2026-09-21,False,True
088390,755,2023-05-15,2026-06-23,False,True
088790,807,2023-05-26,2026-09-18,False,True
088800,801,2023-05-15,2026-09-21,False,True
088910,782,2023-05-30,2026-08-14,False,True
088980,817,2023-05-15,2026-09-21,False,True
089010,817,2023-05-15,2026-09-21,False,True
089030,817,2023-05-15,2026-09-21,False,True
089140,797,2023-05-15,2026-08-25,False,True
089150,770,2023-05-15,2026-07-16,False,True
089230,801,2023-05-15,2026-09-21,False,True
089470,796,2023-05-15,2026-08-21,False,True
089590,817,2023-05-15,2026-09-21,False,True
089600,814,2023-05-15,2026-09-17,False,True
089790,817,2023-05-15,2026-09-21,False,True
089850,742,2023-05-15,2026-06-02,False,True
089860,817,2023-05-15,2026-09-21,False,True
089890,817,2023-05-15,2026-09-21,False,True
089970,816,2023-05-15,2026-09-21,False,True
089980,817,2023-05-15,2026-09-21,False,True
090080,802,2023-05-15,2026-08-31,False,True
090150,793,2023-05-15,2026-08-21,False,True
090350,802,2023-05-15,2026-08-31,False,True
090360,817,2023-05-15,2026-09-21,False,True
090370,790,2023-06-09,2026-09-07,False,True
090410,793,2023-05-26,2026-09-01,False,True
090430,817,2023-05-15,2026-09-21,False,True
090460,817,2023-05-15,2026-09-21,False,True
090470,816,2023-05-15,2026-09-21,False,True
090710,801,2023-05-15,2026-09-21,False,True
090850,805,2023-05-15,2026-09-04,False,True
091120,799,2023-05-15,2026-08-26,False,True
091340,797,2023-05-30,2026-09-07,False,True
091440,812,2023-05-15,2026-09-21,False,True
091580,817,2023-05-15,2026-09-21,False,True
091590,799,2023-06-12,2026-09-21,False,True
091700,816,2023-05-15,2026-09-18,False,True
091810,804,2023-05-15,2026-09-02,False,True
091970,768,2023-05-30,2026-08-18,False,True
092040,816,2023-05-15,2026-09-17,False,True
092070,816,2023-05-15,2026-09-21,False,True
092130,721,2023-05-30,2026-05-28,False,True
092200,817,2023-05-15,2026-09-21,False,True
092220,808,2023-05-26,2026-09-21,False,True
092230,815,2023-05-15,2026-09-17,False,True
092300,796,2023-05-15,2026-08-21,False,True
092440,790,2023-06-16,2026-09-14,False,True
092460,797,2023-05-15,2026-08-31,False,True
092600,715,2023-05-26,2026-05-26,False,True
092730,817,2023-05-15,2026-09-21,False,True
092780,817,2023-05-15,2026-09-21,False,True
092790,751,2023-08-21,2026-09-21,False,True
092870,817,2023-05-15,2026-09-21,False,True
093050,814,2023-05-15,2026-09-16,False,True
093190,791,2023-05-15,2026-08-25,False,True
093240,814,2023-05-15,2026-09-16,False,True
093320,817,2023-05-15,2026-09-18,False,True
093370,817,2023-05-15,2026-09-21,False,True
093380,781,2023-07-03,2026-09-16,False,True
093520,817,2023-05-15,2026-09-21,False,True
093640,801,2023-05-15,2026-08-31,False,True
093920,748,2023-05-30,2026-06-26,False,True
094170,817,2023-05-15,2026-09-21,False,True
094280,779,2023-05-15,2026-07-28,False,True
094360,818,2023-05-15,2026-09-21,False,True
094480,817,2023-05-15,2026-09-21,False,True
094800,817,2023-05-15,2026-09-18,False,True
094820,817,2023-05-15,2026-09-21,False,True
094840,805,2023-05-15,2026-09-04,False,True
094850,784,2023-05-26,2026-08-20,False,True
094860,782,2023-05-15,2026-08-31,False,True
094940,812,2023-05-15,2026-09-15,False,True
094970,795,2023-05-15,2026-08-20,False,True
095190,813,2023-05-15,2026-09-16,False,True
095270,789,2023-05-15,2026-08-21,False,True
095340,817,2023-05-15,2026-09-21,False,True
095500,813,2023-05-15,2026-09-15,False,True
095570,802,2023-05-15,2026-08-31,False,True
095610,817,2023-05-15,2026-09-21,False,True
095660,813,2023-05-15,2026-09-15,False,True
095700,817,2023-05-15,2026-09-21,False,True
095720,746,2023-05-26,2026-06-23,False,True
095910,794,2023-05-15,2026-08-21,False,True
096240,791,2023-05-15,2026-08-14,False,True
096250,374,2025-01-24,2026-08-10,False,True
096350,812,2023-05-15,2026-09-14,False,True
096530,817,2023-05-15,2026-09-21,False,True
096630,752,2023-05-15,2026-07-08,False,True
096690,734,2023-05-30,2026-08-11,False,True
096760,816,2023-05-15,2026-09-18,False,True
096770,817,2023-05-15,2026-09-21,False,True
097230,817,2023-05-15,2026-09-21,False,True
097520,817,2023-05-15,2026-09-21,False,True
097780,736,2023-06-16,2026-06-26,False,True
097800,795,2023-05-26,2026-09-21,False,True
097870,795,2023-05-15,2026-08-20,False,True
097950,817,2023-05-15,2026-09-21,False,True
098070,369,2025-03-20,2026-09-21,False,True
098120,817,2023-05-15,2026-09-21,False,True
098460,817,2023-05-15,2026-09-21,False,True
098660,728,2023-07-07,2026-07-07,False,True
099190,816,2023-05-15,2026-09-18,False,True
099220,816,2023-05-15,2026-09-18,False,True
099320,817,2023-05-15,2026-09-21,False,True
099390,748,2023-07-24,2026-08-21,False,True
099410,795,2023-05-15,2026-08-27,False,True
099440,817,2023-05-15,2026-09-21,False,True
099750,809,2023-05-26,2026-09-21,False,True
100030,800,2023-05-15,2026-09-03,False,True
100090,817,2023-05-15,2026-09-21,False,True
100120,807,2023-05-15,2026-09-11,False,True
100130,816,2023-05-15,2026-09-18,False,True
100220,812,2023-05-15,2026-09-14,False,True
100250,805,2023-05-30,2026-09-17,False,True
100590,817,2023-05-15,2026-09-21,False,True
100660,763,2023-05-26,2026-07-16,False,True
100790,815,2023-05-15,2026-09-21,False,True
100840,817,2023-05-15,2026-09-21,False,True
101000,814,2023-05-15,2026-09-18,False,True
101160,817,2023-05-15,2026-09-21,False,True
101170,817,2023-05-15,2026-09-21,False,True
101240,794,2023-05-15,2026-08-18,False,True
101330,800,2023-05-15,2026-09-01,False,True
101360,807,2023-05-15,2026-09-04,False,True
101400,799,2023-06-12,2026-09-21,False,True
101490,817,2023-05-15,2026-09-21,False,True
101530,793,2023-05-15,2026-08-18,False,True
101670,814,2023-05-15,2026-09-16,False,True
101680,761,2023-05-26,2026-07-16,False,True
101730,817,2023-05-15,2026-09-21,False,True
101930,780,2023-05-15,2026-08-18,False,True
101970,348,2025-03-25,2026-08-27,False,True
102120,817,2023-05-15,2026-09-21,False,True
102260,800,2023-05-15,2026-08-27,False,True
102370,790,2023-05-26,2026-08-26,False,True
102710,817,2023-05-15,2026-09-21,False,True
102940,807,2023-05-15,2026-09-21,False,True
103140,817,2023-05-15,2026-09-21,False,True
103590,817,2023-05-15,2026-09-21,False,True
103840,764,2023-05-15,2026-07-06,False,True
104040,780,2023-07-07,2026-09-21,False,True
104200,792,2023-05-15,2026-08-14,False,True
104460,792,2023-05-15,2026-08-18,False,True
104480,815,2023-05-15,2026-09-17,False,True
104540,780,2023-05-15,2026-08-03,False,True
104620,816,2023-05-15,2026-09-21,False,True
104700,806,2023-05-15,2026-09-04,False,True
104830,817,2023-05-15,2026-09-21,False,True
105330,800,2023-05-15,2026-08-27,False,True
105550,797,2023-05-15,2026-08-27,False,True
105560,817,2023-05-15,2026-09-21,False,True
105630,806,2023-05-15,2026-09-04,False,True
105740,807,2023-05-15,2026-09-07,False,True
105760,638,2024-01-29,2026-09-14,False,True
105840,817,2023-05-15,2026-09-21,False,True
106190,800,2023-05-15,2026-08-27,False,True
106240,813,2023-05-15,2026-09-18,False,True
107600,800,2023-05-15,2026-08-27,False,True
107640,817,2023-05-15,2026-09-21,False,True
108230,816,2023-05-15,2026-09-21,False,True
108320,817,2023-05-15,2026-09-21,False,True
108380,813,2023-05-15,2026-09-21,False,True
108490,817,2023-05-15,2026-09-21,False,True
108670,817,2023-05-15,2026-09-21,False,True
108860,817,2023-05-15,2026-09-21,False,True
109070,801,2023-05-15,2026-08-28,False,True
109080,817,2023-05-15,2026-09-21,False,True
109610,802,2023-05-15,2026-08-31,False,True
109740,770,2023-05-26,2026-08-12,False,True
109820,803,2023-05-15,2026-09-02,False,True
110790,727,2023-08-17,2026-08-14,False,True
110990,816,2023-05-15,2026-09-21,False,True
111110,729,2023-06-01,2026-06-02,False,True
111380,666,2023-11-21,2026-08-19,False,True
111710,783,2023-06-19,2026-09-04,False,True
111770,817,2023-05-15,2026-09-21,False,True
112040,817,2023-05-15,2026-09-21,False,True
112290,805,2023-05-15,2026-09-21,False,True
112610,817,2023-05-15,2026-09-21,False,True
113810,729,2023-05-15,2026-05-14,False,True
114090,817,2023-05-15,2026-09-21,False,True
114190,816,2023-05-15,2026-09-18,False,True
114450,806,2023-05-15,2026-09-03,False,True
114630,788,2023-05-30,2026-09-15,False,True
114810,800,2023-05-15,2026-09-21,False,True
114840,808,2023-05-15,2026-09-07,False,True
115160,786,2023-05-15,2026-08-27,False,True
115180,818,2023-05-15,2026-09-21,False,True
115310,721,2023-05-26,2026-06-02,False,True
115440,817,2023-05-15,2026-09-21,False,True
115500,817,2023-05-15,2026-09-21,False,True
115530,782,2023-05-26,2026-09-02,False,True
115610,771,2023-05-15,2026-08-05,False,True
117580,817,2023-05-15,2026-09-21,False,True
117670,817,2023-05-15,2026-09-21,False,True
117730,817,2023-05-15,2026-09-21,False,True
118000,758,2023-05-26,2026-07-09,False,True
118990,817,2023-05-15,2026-09-21,False,True
119500,737,2023-05-15,2026-06-01,False,True
119610,802,2023-05-15,2026-08-31,False,True
119830,816,2023-05-15,2026-09-21,False,True
119850,817,2023-05-15,2026-09-21,False,True
120030,746,2023-05-26,2026-06-23,False,True
120110,817,2023-05-15,2026-09-21,False,True
120240,798,2023-05-15,2026-08-25,False,True
121440,805,2023-05-15,2026-09-07,False,True
121600,817,2023-05-15,2026-09-21,False,True
121890,704,2023-10-23,2026-09-15,False,True
122310,776,2023-05-30,2026-08-19,False,True
122350,817,2023-05-15,2026-09-21,False,True
122450,763,2023-05-15,2026-07-10,False,True
122640,817,2023-05-15,2026-09-21,False,True
122690,790,2023-05-15,2026-08-14,False,True
122870,817,2023-05-15,2026-09-21,False,True
122900,815,2023-05-15,2026-09-17,False,True
122990,815,2023-05-15,2026-09-21,False,True
123010,815,2023-05-15,2026-09-18,False,True
123040,806,2023-05-15,2026-09-04,False,True
123330,808,2023-05-15,2026-09-21,False,True
123410,814,2023-05-15,2026-09-16,False,True
123420,812,2023-05-15,2026-09-15,False,True
123690,817,2023-05-15,2026-09-21,False,True
123700,736,2023-05-15,2026-05-26,False,True
123750,801,2023-05-26,2026-09-16,False,True
123860,814,2023-05-15,2026-09-16,False,True
123890,815,2023-05-15,2026-09-17,False,True
124500,817,2023-05-15,2026-09-21,False,True
124560,792,2023-05-15,2026-08-14,False,True
125020,332,2025-05-15,2026-09-21,False,True
125210,817,2023-05-15,2026-09-21,False,True
125490,265,2025-08-20,2026-09-21,False,True
126340,818,2023-05-15,2026-09-21,False,True
126560,803,2023-05-15,2026-09-01,False,True
126600,782,2023-05-15,2026-07-31,False,True
126640,816,2023-05-15,2026-09-21,False,True
126700,805,2023-05-15,2026-09-03,False,True
126720,812,2023-05-15,2026-09-14,False,True
126730,579,2024-05-07,2026-09-21,False,True
126880,793,2023-05-15,2026-08-18,False,True
127120,812,2023-05-15,2026-09-21,False,True
127980,741,2023-05-15,2026-06-02,False,True
128540,750,2023-05-26,2026-06-29,False,True
128660,802,2023-05-15,2026-08-31,False,True
128820,813,2023-05-15,2026-09-15,False,True
129260,730,2023-05-30,2026-06-01,False,True
129890,787,2023-05-15,2026-08-25,False,True
129920,816,2023-05-15,2026-09-18,False,True
130500,727,2023-07-24,2026-07-22,False,True
130660,817,2023-05-15,2026-09-21,False,True
130740,781,2023-05-26,2026-08-18,False,True
131090,784,2023-06-01,2026-08-21,False,True
131220,728,2023-06-01,2026-06-01,False,True
131290,817,2023-05-15,2026-09-21,False,True
131370,792,2023-05-15,2026-08-18,False,True
131400,807,2023-05-15,2026-09-07,False,True
131760,753,2023-05-26,2026-07-24,False,True
131970,817,2023-05-15,2026-09-21,False,True
133820,764,2023-05-30,2026-07-21,False,True
134060,729,2023-06-12,2026-06-11,False,True
134380,795,2023-05-26,2026-09-02,False,True
134580,808,2023-05-26,2026-09-21,False,True
136150,310,2025-05-09,2026-08-13,False,True
136410,784,2023-05-30,2026-08-19,False,True
136480,814,2023-05-15,2026-09-16,False,True
136490,817,2023-05-15,2026-09-21,False,True
136540,812,2023-05-15,2026-09-14,False,True
137080,796,2023-05-15,2026-08-24,False,True
137400,817,2023-05-15,2026-09-21,False,True
137950,817,2023-05-15,2026-09-21,False,True
138070,729,2023-05-30,2026-05-29,False,True
138080,816,2023-05-15,2026-09-21,False,True
138360,815,2023-05-15,2026-09-21,False,True
138610,817,2023-05-15,2026-09-21,False,True
138930,817,2023-05-15,2026-09-21,False,True
139130,817,2023-05-15,2026-09-21,False,True
139480,817,2023-05-15,2026-09-21,False,True
139990,804,2023-05-15,2026-09-03,False,True
140070,816,2023-05-15,2026-09-18,False,True
140430,579,2024-05-03,2026-09-21,False,True
140670,816,2023-05-15,2026-09-18,False,True
140860,817,2023-05-15,2026-09-21,False,True
141000,800,2023-05-15,2026-08-31,False,True
142210,817,2023-05-15,2026-09-21,False,True
142280,817,2023-05-15,2026-09-21,False,True
142760,803,2023-05-15,2026-09-01,False,True
143160,784,2023-05-30,2026-08-20,False,True
143240,804,2023-05-30,2026-09-17,False,True
143540,793,2023-05-15,2026-08-21,False,True
144510,817,2023-05-15,2026-09-21,False,True
144960,816,2023-05-15,2026-09-21,False,True
145170,509,2024-05-23,2026-06-26,False,True
145720,816,2023-05-15,2026-09-18,False,True
145990,802,2023-05-15,2026-08-31,False,True
146060,690,2023-09-08,2026-07-16,False,True
146320,817,2023-05-15,2026-09-21,False,True
147760,816,2023-05-15,2026-09-21,False,True
147830,817,2023-05-15,2026-09-21,False,True
148150,807,2023-05-15,2026-09-04,False,True
148250,794,2023-05-15,2026-08-25,False,True
148780,803,2023-05-26,2026-09-21,False,True
148930,751,2023-06-22,2026-07-24,False,True
149950,813,2023-05-15,2026-09-21,False,True
149980,793,2023-05-15,2026-08-18,False,True
150900,817,2023-05-15,2026-09-21,False,True
151860,813,2023-05-15,2026-09-16,False,True
153460,759,2023-05-15,2026-07-10,False,True
153490,794,2023-05-26,2026-09-01,False,True
153890,59,2026-06-29,2026-09-21,False,True
154040,739,2023-08-07,2026-08-24,False,True
155650,816,2023-05-15,2026-09-21,False,True
155660,793,2023-05-15,2026-08-18,False,True
158430,810,2023-05-15,2026-09-21,False,True
159010,817,2023-05-15,2026-09-21,False,True
159580,790,2023-05-30,2026-08-27,False,True
160190,542,2024-06-27,2026-09-21,False,True
160550,727,2023-09-14,2026-09-14,False,True
160980,812,2023-05-15,2026-09-21,False,True
161000,817,2023-05-15,2026-09-21,False,True
161390,817,2023-05-15,2026-09-21,False,True
161580,817,2023-05-15,2026-09-21,False,True
161890,817,2023-05-15,2026-09-21,False,True
162300,804,2023-06-01,2026-09-21,False,True
163280,452,2024-11-08,2026-09-17,False,True
163560,793,2023-05-26,2026-08-31,False,True
163730,816,2023-05-15,2026-09-21,False,True
166090,817,2023-05-15,2026-09-21,False,True
166480,804,2023-05-15,2026-09-02,False,True
168330,726,2023-05-26,2026-06-01,False,True
168360,818,2023-05-15,2026-09-21,False,True
169330,728,2023-06-01,2026-06-01,False,True
170030,793,2023-05-15,2026-08-18,False,True
170790,811,2023-05-15,2026-09-14,False,True
170900,799,2023-05-15,2026-08-26,False,True
170920,816,2023-05-15,2026-09-21,False,True
171010,765,2023-05-15,2026-07-07,False,True
171090,817,2023-05-15,2026-09-21,False,True
171120,798,2023-05-15,2026-08-25,False,True
172670,763,2023-07-27,2026-09-21,False,True
173130,818,2023-05-15,2026-09-21,False,True
173940,728,2023-06-02,2026-06-02,False,True
174900,817,2023-05-15,2026-09-21,False,True
175140,802,2023-05-15,2026-08-31,False,True
175250,740,2023-09-04,2026-09-21,False,True
175330,817,2023-05-15,2026-09-21,False,True
177830,726,2023-05-15,2026-05-14,False,True
177900,390,2024-12-24,2026-08-05,False,True
178320,813,2023-05-15,2026-09-21,False,True
178780,727,2023-08-31,2026-08-31,False,True
178920,817,2023-05-15,2026-09-21,False,True
179290,817,2023-05-15,2026-09-21,False,True
179900,809,2023-05-15,2026-09-21,False,True
180400,799,2023-05-15,2026-08-26,False,True
180640,817,2023-05-15,2026-09-21,False,True
181710,817,2023-05-15,2026-09-21,False,True
182360,762,2023-05-15,2026-07-02,False,True
183190,804,2023-05-15,2026-09-02,False,True
183300,817,2023-05-15,2026-09-21,False,True
184230,800,2023-05-26,2026-09-21,False,True
185490,810,2023-05-15,2026-09-11,False,True
185750,817,2023-05-15,2026-09-21,False,True
186230,757,2023-05-15,2026-06-26,False,True
187790,802,2023-05-15,2026-08-31,False,True
187870,818,2023-05-15,2026-09-21,False,True
189300,817,2023-05-15,2026-09-21,False,True
189330,817,2023-05-15,2026-09-21,False,True
189690,730,2023-06-26,2026-06-26,False,True
189860,817,2023-05-15,2026-09-21,False,True
189980,726,2023-05-26,2026-05-26,False,True
190510,817,2023-05-15,2026-09-21,False,True
190650,729,2023-07-03,2026-07-02,False,True
191410,803,2023-05-15,2026-09-07,False,True
191420,804,2023-05-30,2026-09-16,False,True
192080,817,2023-05-15,2026-09-21,False,True
192250,804,2023-05-15,2026-09-21,False,True
192390,727,2023-08-31,2026-08-31,False,True
192400,816,2023-05-15,2026-09-18,False,True
192410,760,2023-05-15,2026-09-15,False,True
192440,807,2023-05-15,2026-09-17,False,True
192650,817,2023-05-15,2026-09-21,False,True
192820,817,2023-05-15,2026-09-21,False,True
193250,771,2023-05-26,2026-08-19,False,True
194370,815,2023-05-15,2026-09-17,False,True
194480,817,2023-05-15,2026-09-21,False,True
194700,816,2023-05-15,2026-09-21,False,True
195500,790,2023-06-01,2026-08-31,False,True
195870,817,2023-05-15,2026-09-21,False,True
195940,817,2023-05-15,2026-09-21,False,True
195990,728,2023-08-21,2026-08-20,False,True
196450,810,2023-05-15,2026-09-14,False,True
196700,782,2023-06-01,2026-08-19,False,True
197140,731,2023-06-12,2026-06-15,False,True
198080,800,2023-05-15,2026-08-27,False,True
198440,799,2023-06-12,2026-09-21,False,True
198940,770,2023-05-26,2026-08-14,False,True
199430,620,2024-03-06,2026-09-21,False,True
199480,496,2024-08-12,2026-08-31,False,True
199550,682,2023-05-15,2026-08-31,False,True
199800,815,2023-05-15,2026-09-17,False,True
199820,818,2023-05-15,2026-09-21,False,True
200130,816,2023-05-15,2026-09-18,False,True
200350,816,2023-05-15,2026-09-18,False,True
200470,817,2023-05-15,2026-09-21,False,True
200670,812,2023-05-15,2026-09-14,False,True
200710,817,2023-05-15,2026-09-21,False,True
200880,804,2023-05-15,2026-09-02,False,True
201490,815,2023-05-15,2026-09-21,False,True
203400,793,2023-05-15,2026-08-14,False,True
203650,818,2023-05-15,2026-09-21,False,True
204020,718,2023-05-26,2026-05-26,False,True
204270,817,2023-05-15,2026-09-21,False,True
204320,817,2023-05-15,2026-09-21,False,True
204610,812,2023-05-15,2026-09-14,False,True
204620,818,2023-05-15,2026-09-21,False,True
204840,810,2023-05-15,2026-09-11,False,True
205100,818,2023-05-15,2026-09-21,False,True
205470,789,2023-05-15,2026-09-03,False,True
205500,808,2023-05-15,2026-09-11,False,True
206400,752,2023-05-26,2026-07-06,False,True
206560,787,2023-05-26,2026-08-21,False,True
207760,802,2023-05-30,2026-09-14,False,True
208140,739,2023-05-26,2026-06-15,False,True
208350,707,2023-05-26,2026-06-01,False,True
208640,740,2023-05-15,2026-06-02,False,True
208710,802,2023-05-15,2026-09-16,False,True
208860,784,2023-06-02,2026-08-24,False,True
209640,469,2024-10-18,2026-09-21,False,True
210120,732,2023-05-15,2026-06-09,False,True
210540,802,2023-05-15,2026-08-31,False,True
210980,807,2023-05-30,2026-09-21,False,True
211050,808,2023-05-15,2026-09-21,False,True
211270,817,2023-05-15,2026-09-21,False,True
212560,818,2023-05-15,2026-09-21,False,True
212710,389,2025-02-12,2026-09-14,False,True
213420,817,2023-05-15,2026-09-21,False,True
213500,802,2023-05-15,2026-08-31,False,True
214150,817,2023-05-15,2026-09-21,False,True
214180,816,2023-05-15,2026-09-21,False,True
214260,802,2023-05-15,2026-09-01,False,True
214270,802,2023-05-15,2026-08-31,False,True
214320,817,2023-05-15,2026-09-21,False,True
214330,814,2023-05-15,2026-09-16,False,True
214370,808,2023-05-15,2026-09-21,False,True
214420,812,2023-05-15,2026-09-14,False,True
214430,817,2023-05-15,2026-09-21,False,True
214680,812,2023-05-15,2026-09-14,False,True
215000,804,2023-05-15,2026-09-03,False,True
215090,807,2023-05-15,2026-09-07,False,True
215100,813,2023-05-15,2026-09-15,False,True
215200,817,2023-05-15,2026-09-21,False,True
215360,748,2023-05-26,2026-06-29,False,True
215480,723,2023-05-26,2026-05-26,False,True
215600,817,2023-05-15,2026-09-21,False,True
215790,813,2023-05-15,2026-09-21,False,True
216050,789,2023-05-15,2026-08-12,False,True
216080,818,2023-05-15,2026-09-21,False,True
217190,818,2023-05-15,2026-09-21,False,True
217270,791,2023-05-15,2026-08-13,False,True
217330,791,2023-05-15,2026-08-27,False,True
217500,783,2023-05-15,2026-08-03,False,True
217590,188,2025-12-15,2026-09-21,False,True
217820,817,2023-05-15,2026-09-21,False,True
218150,812,2023-05-15,2026-09-14,False,True
218410,817,2023-05-15,2026-09-21,False,True
219130,817,2023-05-15,2026-09-21,False,True
219420,758,2023-05-15,2026-06-26,False,True
219550,793,2023-05-26,2026-08-31,False,True
219750,752,2023-06-01,2026-07-06,False,True
220100,817,2023-05-15,2026-09-21,False,True
220260,800,2023-05-15,2026-08-27,False,True
221800,695,2023-10-24,2026-09-02,False,True
222040,815,2023-05-15,2026-09-21,False,True
222080,817,2023-05-15,2026-09-21,False,True
222110,742,2023-05-15,2026-06-22,False,True
222420,811,2023-05-15,2026-09-11,False,True
222800,817,2023-05-15,2026-09-21,False,True
223250,818,2023-05-15,2026-09-21,False,True
223310,763,2023-06-20,2026-09-07,False,True
224060,810,2023-05-15,2026-09-21,False,True
224110,782,2023-05-30,2026-08-18,False,True
225190,797,2023-05-15,2026-09-02,False,True
225530,767,2023-05-26,2026-07-24,False,True
225570,817,2023-05-15,2026-09-21,False,True
226320,812,2023-05-15,2026-09-14,False,True
226340,807,2023-05-30,2026-09-21,False,True
226400,816,2023-05-15,2026-09-21,False,True
226590,378,2025-03-07,2026-09-21,False,True
227610,763,2023-05-30,2026-07-20,False,True
227840,799,2023-05-15,2026-08-26,False,True
227950,789,2023-05-30,2026-08-26,False,True
228340,795,2023-06-16,2026-09-21,False,True
228670,803,2023-05-15,2026-09-01,False,True
228850,810,2023-05-15,2026-09-21,False,True
229000,802,2023-05-15,2026-08-31,False,True
229640,817,2023-05-15,2026-09-21,False,True
230240,817,2023-05-15,2026-09-21,False,True
230360,746,2023-05-15,2026-06-10,False,True
232140,817,2023-05-15,2026-09-21,False,True
232680,816,2023-05-15,2026-09-21,False,True
232830,789,2023-06-26,2026-09-21,False,True
234030,297,2025-07-07,2026-09-21,False,True
234080,800,2023-05-15,2026-08-27,False,True
234100,735,2023-05-26,2026-06-29,False,True
234300,814,2023-05-15,2026-09-16,False,True
234340,818,2023-05-15,2026-09-21,False,True
234690,814,2023-05-15,2026-09-21,False,True
236200,817,2023-05-15,2026-09-21,False,True
236810,774,2023-05-26,2026-08-03,False,True
237690,817,2023-05-15,2026-09-21,False,True
237750,792,2023-05-15,2026-08-18,False,True
237820,729,2023-08-21,2026-08-21,False,True
237880,817,2023-05-15,2026-09-21,False,True
238090,791,2023-06-15,2026-09-16,False,True
238120,775,2023-05-26,2026-08-05,False,True
238490,727,2023-07-21,2026-07-21,False,True
239340,780,2023-05-26,2026-08-11,False,True
239890,741,2023-05-15,2026-06-02,False,True
240600,636,2023-11-02,2026-06-17,False,True
240810,817,2023-05-15,2026-09-21,False,True
241520,817,2023-05-15,2026-09-21,False,True
241560,817,2023-05-15,2026-09-21,False,True
241590,794,2023-05-15,2026-08-19,False,True
241690,789,2023-05-15,2026-08-11,False,True
241710,817,2023-05-15,2026-09-21,False,True
241770,813,2023-05-15,2026-09-17,False,True
241790,792,2023-05-15,2026-08-14,False,True
241840,731,2023-05-26,2026-06-01,False,True
242040,817,2023-05-15,2026-09-21,False,True
243070,814,2023-05-15,2026-09-18,False,True
243840,806,2023-05-15,2026-09-21,False,True
244920,817,2023-05-15,2026-09-21,False,True
246690,802,2023-05-15,2026-09-01,False,True
246960,818,2023-05-15,2026-09-21,False,True
247540,817,2023-05-15,2026-09-21,False,True
247660,727,2023-05-26,2026-05-26,False,True
248070,817,2023-05-15,2026-09-21,False,True
248170,817,2023-05-15,2026-09-21,False,True
250000,727,2023-05-26,2026-05-27,False,True
250060,816,2023-05-15,2026-09-18,False,True
251270,817,2023-05-15,2026-09-21,False,True
251370,800,2023-05-15,2026-09-11,False,True
251630,775,2023-05-15,2026-07-22,False,True
251970,817,2023-05-15,2026-09-21,False,True
252500,791,2023-05-30,2026-09-01,False,True
252990,817,2023-05-15,2026-09-21,False,True
253450,817,2023-05-15,2026-09-21,False,True
253590,817,2023-05-15,2026-09-21,False,True
253840,817,2023-05-15,2026-09-21,False,True
254120,801,2023-05-15,2026-08-31,False,True
254490,817,2023-05-15,2026-09-21,False,True
255220,817,2023-05-15,2026-09-21,False,True
255440,816,2023-05-15,2026-09-21,False,True
256630,715,2023-05-26,2026-05-27,False,True
256840,817,2023-05-15,2026-09-21,False,True
257370,772,2023-05-15,2026-07-16,False,True
257720,817,2023-05-15,2026-09-21,False,True
258790,806,2023-05-30,2026-09-18,False,True
259630,817,2023-05-15,2026-09-21,False,True
259960,817,2023-05-15,2026-09-21,False,True
260930,765,2023-05-15,2026-07-08,False,True
260970,811,2023-05-15,2026-09-18,False,True
261200,792,2023-05-15,2026-08-14,False,True
261520,184,2025-12-11,2026-09-11,False,True
261780,738,2023-05-15,2026-05-28,False,True
262260,799,2023-05-15,2026-08-26,False,True
262840,759,2023-05-15,2026-07-20,False,True
263020,791,2023-05-15,2026-08-19,False,True
263600,817,2023-05-15,2026-09-21,False,True
263690,737,2023-05-15,2026-06-02,False,True
263700,737,2023-06-22,2026-07-03,False,True
263720,768,2023-05-15,2026-07-10,False,True
263750,817,2023-05-15,2026-09-21,False,True
263800,817,2023-05-15,2026-09-21,False,True
263810,771,2023-05-15,2026-07-16,False,True
263860,817,2023-05-15,2026-09-21,False,True
264450,818,2023-05-15,2026-09-21,False,True
264660,803,2023-05-15,2026-08-31,False,True
264850,817,2023-05-15,2026-09-21,False,True
264900,803,2023-06-01,2026-09-17,False,True
265520,817,2023-05-15,2026-09-21,False,True
265560,757,2023-05-15,2026-06-29,False,True
265740,818,2023-05-15,2026-09-21,False,True
267250,817,2023-05-15,2026-09-21,False,True
267260,817,2023-05-15,2026-09-21,False,True
267270,817,2023-05-15,2026-09-21,False,True
267290,800,2023-05-15,2026-08-27,False,True
267320,813,2023-05-15,2026-09-15,False,True
267790,727,2023-08-18,2026-08-18,False,True
267850,790,2023-05-15,2026-08-12,False,True
267980,759,2023-05-26,2026-07-16,False,True
268280,802,2023-05-15,2026-08-31,False,True
270520,799,2023-05-15,2026-09-16,False,True
270660,807,2023-05-15,2026-09-07,False,True
271560,817,2023-05-15,2026-09-21,False,True
271830,790,2023-05-24,2026-08-24,False,True
271940,816,2023-05-15,2026-09-18,False,True
272110,816,2023-05-15,2026-09-21,False,True
272210,817,2023-05-15,2026-09-21,False,True
272290,817,2023-05-15,2026-09-21,False,True
272450,814,2023-05-15,2026-09-16,False,True
272550,802,2023-05-15,2026-08-31,False,True
273060,788,2023-05-15,2026-08-10,False,True
273640,791,2023-05-15,2026-08-13,False,True
274090,816,2023-05-15,2026-09-21,False,True
275630,727,2023-08-21,2026-08-19,False,True
276730,771,2023-05-15,2026-09-01,False,True
277410,763,2023-05-30,2026-07-20,False,True
277810,817,2023-05-15,2026-09-21,False,True
277880,797,2023-05-15,2026-08-24,False,True
278280,817,2023-05-15,2026-09-21,False,True
278470,624,2024-02-27,2026-09-21,False,True
279570,137,2026-03-05,2026-09-21,False,True
280360,817,2023-05-15,2026-09-21,False,True
281740,817,2023-05-15,2026-09-21,False,True
281820,817,2023-05-15,2026-09-21,False,True
282330,817,2023-05-15,2026-09-21,False,True
282620,22,2026-08-21,2026-09-21,False,True
282720,793,2023-05-15,2026-08-18,False,True
282880,818,2023-05-15,2026-09-21,False,True
284740,802,2023-05-15,2026-08-31,False,True
285130,817,2023-05-15,2026-09-21,False,True
285490,802,2023-05-15,2026-08-31,False,True
285800,761,2023-06-01,2026-07-20,False,True
286750,814,2023-05-15,2026-09-18,False,True
286940,803,2023-05-15,2026-09-01,False,True
287840,326,2025-05-23,2026-09-21,False,True
288180,85,2026-05-19,2026-09-18,False,True
288620,812,2023-05-15,2026-09-14,False,True
288980,795,2023-05-15,2026-08-20,False,True
289080,817,2023-05-15,2026-09-21,False,True
289220,728,2023-05-26,2026-05-27,False,True
289930,464,2024-10-25,2026-09-21,False,True
290120,744,2023-06-01,2026-06-24,False,True
290270,810,2023-05-15,2026-09-14,False,True
290520,740,2023-05-15,2026-06-01,False,True
290550,816,2023-05-15,2026-09-21,False,True
290560,700,2023-11-06,2026-09-21,False,True
290660,818,2023-05-15,2026-09-21,False,True
290670,805,2023-05-15,2026-09-03,False,True
290690,759,2023-05-15,2026-07-27,False,True
290720,782,2023-05-26,2026-08-14,False,True
290740,808,2023-05-15,2026-09-21,False,True
291230,780,2023-06-09,2026-08-24,False,True
291650,756,2023-05-30,2026-07-08,False,True
291810,795,2023-06-09,2026-09-14,False,True
293490,817,2023-05-15,2026-09-21,False,True
293580,806,2023-05-25,2026-09-16,False,True
294140,734,2023-08-10,2026-08-20,False,True
294570,816,2023-05-15,2026-09-21,False,True
294630,816,2023-05-15,2026-09-21,False,True
294870,817,2023-05-15,2026-09-21,False,True
295310,542,2024-06-28,2026-09-21,False,True
296640,784,2023-05-30,2026-08-19,False,True
297090,817,2023-05-15,2026-09-21,False,True
297570,750,2023-05-30,2026-06-30,False,True
297890,817,2023-05-15,2026-09-21,False,True
298000,796,2023-06-15,2026-09-21,False,True
298020,817,2023-05-15,2026-09-21,False,True
298040,817,2023-05-15,2026-09-21,False,True
298050,817,2023-05-15,2026-09-21,False,True
298540,738,2023-05-26,2026-06-15,False,True
298690,797,2023-05-15,2026-08-24,False,True
298830,817,2023-05-15,2026-09-21,False,True
299030,813,2023-05-15,2026-09-15,False,True
299170,795,2023-05-15,2026-08-21,False,True
299660,815,2023-05-15,2026-09-21,False,True
299900,729,2023-06-09,2026-06-10,False,True
300080,818,2023-05-15,2026-09-21,False,True
300120,812,2023-05-15,2026-09-11,False,True
300720,817,2023-05-15,2026-09-21,False,True
301300,812,2023-05-15,2026-09-16,False,True
302430,813,2023-05-15,2026-09-21,False,True
303360,757,2023-06-09,2026-07-21,False,True
303530,756,2023-06-01,2026-07-10,False,True
303810,367,2025-02-17,2026-08-18,False,True
304100,817,2023-05-15,2026-09-21,False,True
305090,802,2023-05-15,2026-09-01,False,True
306040,743,2023-05-15,2026-06-09,False,True
306200,816,2023-05-15,2026-09-18,False,True
306620,817,2023-05-15,2026-09-21,False,True
307180,813,2023-05-15,2026-09-21,False,True
307750,816,2023-05-15,2026-09-18,False,True
307870,816,2023-05-15,2026-09-18,False,True
307930,817,2023-05-15,2026-09-21,False,True
307950,817,2023-05-15,2026-09-21,False,True
308080,816,2023-05-15,2026-09-21,False,True
308100,728,2023-05-15,2026-05-14,False,True
308170,733,2023-06-01,2026-06-09,False,True
308430,469,2024-10-16,2026-09-17,False,True
309930,729,2023-07-31,2026-07-31,False,True
309960,800,2023-05-15,2026-08-27,False,True
310200,816,2023-05-15,2026-09-18,False,True
310210,818,2023-05-15,2026-09-21,False,True
310870,806,2023-05-15,2026-09-07,False,True
311320,815,2023-05-15,2026-09-21,False,True
311390,730,2023-05-26,2026-06-01,False,True
314130,818,2023-05-15,2026-09-21,False,True
315640,818,2023-05-15,2026-09-21,False,True
316140,817,2023-05-15,2026-09-21,False,True
317120,758,2023-05-15,2026-06-26,False,True
317240,803,2023-05-15,2026-09-01,False,True
317330,817,2023-05-15,2026-09-21,False,True
317400,817,2023-05-15,2026-09-21,False,True
317530,727,2023-05-26,2026-05-26,False,True
317690,790,2023-05-15,2026-08-14,False,True
317770,811,2023-05-15,2026-09-11,False,True
317830,816,2023-05-15,2026-09-21,False,True
317850,817,2023-05-15,2026-09-21,False,True
318000,730,2023-05-30,2026-06-01,False,True
318020,730,2023-08-14,2026-08-18,False,True
318060,262,2025-08-25,2026-09-21,False,True
318410,776,2023-06-09,2026-08-18,False,True
319400,816,2023-05-15,2026-09-21,False,True
319660,817,2023-05-15,2026-09-21,False,True
320000,803,2023-05-15,2026-09-21,False,True
321260,816,2023-05-15,2026-09-18,False,True
321370,755,2023-07-19,2026-09-21,False,True
321820,815,2023-05-15,2026-09-21,False,True
322000,817,2023-05-15,2026-09-21,False,True
322180,817,2023-05-15,2026-09-18,False,True
322310,817,2023-05-15,2026-09-21,False,True
322510,818,2023-05-15,2026-09-21,False,True
322780,749,2023-05-30,2026-07-21,False,True
323280,817,2023-05-15,2026-09-21,False,True
323350,541,2024-06-03,2026-08-24,False,True
323410,817,2023-05-15,2026-09-21,False,True
327260,817,2023-05-15,2026-09-21,False,True
328130,818,2023-05-15,2026-09-21,False,True
328380,788,2023-06-09,2026-09-03,False,True
329180,817,2023-05-15,2026-09-21,False,True
330730,802,2023-05-15,2026-08-31,False,True
330860,817,2023-05-15,2026-09-21,False,True
331380,793,2023-05-15,2026-08-18,False,True
331520,775,2023-05-15,2026-08-12,False,True
331740,290,2025-07-15,2026-09-18,False,True
331920,816,2023-05-15,2026-09-21,False,True
332290,812,2023-05-15,2026-09-14,False,True
332370,735,2023-05-30,2026-06-09,False,True
332570,817,2023-05-15,2026-09-21,False,True
333050,723,2023-05-30,2026-06-11,False,True
333430,816,2023-05-15,2026-09-18,False,True
333620,739,2023-05-15,2026-06-01,False,True
335870,728,2023-06-22,2026-06-22,False,True
336060,745,2023-05-15,2026-06-09,False,True
336260,817,2023-05-15,2026-09-21,False,True
336370,817,2023-05-15,2026-09-21,False,True
336570,817,2023-05-15,2026-09-21,False,True
336680,439,2024-11-01,2026-08-24,False,True
337930,800,2023-05-15,2026-08-27,False,True
338220,817,2023-05-15,2026-09-21,False,True
339770,802,2023-05-15,2026-08-31,False,True
339950,795,2023-05-15,2026-08-20,False,True
340360,801,2023-05-15,2026-08-31,False,True
340440,803,2023-05-15,2026-09-02,False,True
340450,315,2025-06-11,2026-09-21,False,True
340570,817,2023-05-15,2026-09-21,False,True
340810,813,2023-05-19,2026-09-21,False,True
344820,790,2023-05-15,2026-08-12,False,True
344860,750,2023-08-14,2026-09-15,False,True
347000,760,2023-05-15,2026-07-01,False,True
347700,816,2023-05-15,2026-09-21,False,True
347740,780,2023-05-15,2026-07-30,False,True
347770,792,2023-05-15,2026-08-18,False,True
347860,812,2023-05-15,2026-09-14,False,True
347890,792,2023-05-15,2026-08-18,False,True
348030,782,2023-06-09,2026-08-26,False,True
348080,796,2023-06-15,2026-09-21,False,True
348210,817,2023-05-15,2026-09-21,False,True
348340,815,2023-05-15,2026-09-21,False,True
348350,812,2023-05-15,2026-09-15,False,True
348370,816,2023-05-15,2026-09-21,False,True
351320,794,2023-06-19,2026-09-21,False,True
351330,814,2023-05-15,2026-09-18,False,True
351870,465,2024-09-27,2026-08-31,False,True
352090,663,2023-11-20,2026-08-11,False,True
352480,802,2023-05-15,2026-08-31,False,True
352820,817,2023-05-15,2026-09-21,False,True
352910,798,2023-05-15,2026-08-26,False,True
353190,728,2023-06-01,2026-06-01,False,True
353200,817,2023-05-15,2026-09-21,False,True
354320,787,2023-06-28,2026-09-21,False,True
355150,796,2023-05-15,2026-09-21,False,True
355390,727,2023-09-01,2026-09-18,False,True
355690,682,2023-12-01,2026-09-21,False,True
356680,817,2023-05-15,2026-09-21,False,True
356860,817,2023-05-15,2026-09-21,False,True
356890,798,2023-05-15,2026-09-16,False,True
357230,756,2023-05-15,2026-06-24,False,True
357550,788,2023-05-15,2026-08-10,False,True
357580,816,2023-05-15,2026-09-21,False,True
357780,817,2023-05-15,2026-09-21,False,True
357880,818,2023-05-15,2026-09-21,False,True
358570,818,2023-05-15,2026-09-21,False,True
360070,800,2023-05-15,2026-08-27,False,True
360350,627,2024-02-23,2026-09-21,False,True
361390,814,2023-05-15,2026-09-17,False,True
361570,775,2023-07-07,2026-09-14,False,True
361610,817,2023-05-15,2026-09-21,False,True
362320,812,2023-05-15,2026-09-14,False,True
363250,781,2023-05-15,2026-07-31,False,True
363260,776,2023-05-15,2026-08-12,False,True
363280,813,2023-05-15,2026-09-15,False,True
364950,317,2025-04-29,2026-08-18,False,True
365270,816,2023-05-15,2026-09-18,False,True
365330,694,2023-11-13,2026-09-17,False,True
365340,817,2023-05-15,2026-09-21,False,True
365590,797,2023-06-12,2026-09-17,False,True
366030,814,2023-05-15,2026-09-16,False,True
368600,809,2023-05-15,2026-09-11,False,True
368770,817,2023-05-15,2026-09-21,False,True
368970,729,2023-07-24,2026-07-24,False,True
370090,806,2023-05-15,2026-09-04,False,True
371950,817,2023-05-15,2026-09-21,False,True
372170,807,2023-05-15,2026-09-07,False,True
372320,697,2023-11-09,2026-09-18,False,True
372800,754,2023-05-26,2026-07-07,False,True
372910,808,2023-05-26,2026-09-21,False,True
373110,516,2024-07-15,2026-08-31,False,True
373170,730,2023-09-04,2026-09-07,False,True
373200,781,2023-05-26,2026-09-07,False,True
373220,817,2023-05-15,2026-09-21,False,True
375500,817,2023-05-15,2026-09-21,False,True
376180,771,2023-06-01,2026-08-03,False,True
376300,817,2023-05-15,2026-09-21,False,True
376930,794,2023-05-15,2026-08-18,False,True
376980,792,2023-05-15,2026-08-14,False,True
377030,790,2023-05-30,2026-09-21,False,True
377300,817,2023-05-15,2026-09-21,False,True
377330,736,2023-05-26,2026-06-16,False,True
377450,817,2023-05-15,2026-09-21,False,True
377480,811,2023-05-15,2026-09-11,False,True
378340,776,2023-07-12,2026-09-17,False,True
378800,802,2023-05-15,2026-08-31,False,True
378850,794,2023-05-15,2026-08-19,False,True
380550,283,2025-07-25,2026-09-21,False,True
381620,479,2024-09-30,2026-09-18,False,True
381970,817,2023-05-15,2026-09-21,False,True
382150,425,2024-12-18,2026-09-21,False,True
382480,793,2023-05-15,2026-08-18,False,True
382800,818,2023-05-15,2026-09-21,False,True
382840,816,2023-05-15,2026-09-18,False,True
382900,817,2023-05-15,2026-09-21,False,True
383220,817,2023-05-15,2026-09-21,False,True
383310,817,2023-05-15,2026-09-21,False,True
383800,817,2023-05-15,2026-09-21,False,True
383930,751,2023-05-15,2026-06-23,False,True
384470,707,2023-09-18,2026-08-18,False,True
386380,12,2026-09-04,2026-09-21,False,True
387570,395,2024-12-26,2026-08-13,False,True
388050,817,2023-05-15,2026-09-21,False,True
388210,205,2025-11-20,2026-09-21,False,True
388610,740,2023-05-15,2026-06-01,False,True
388720,817,2023-05-15,2026-09-21,False,True
388790,816,2023-05-15,2026-09-21,False,True
389020,817,2023-05-15,2026-09-21,False,True
389030,814,2023-05-15,2026-09-17,False,True
389140,810,2023-05-15,2026-09-11,False,True
389260,817,2023-05-15,2026-09-21,False,True
389470,815,2023-05-15,2026-09-21,False,True
389500,817,2023-05-15,2026-09-21,False,True
389680,429,2024-11-20,2026-09-21,False,True
391710,817,2023-05-15,2026-09-21,False,True
393210,817,2023-05-15,2026-09-21,False,True
393890,817,2023-05-15,2026-09-21,False,True
394280,817,2023-05-15,2026-09-21,False,True
394800,451,2024-11-14,2026-09-21,False,True
396270,817,2023-05-15,2026-09-21,False,True
396300,817,2023-05-15,2026-09-21,False,True
396470,708,2023-10-26,2026-09-21,False,True
397810,239,2025-08-22,2026-08-18,False,True
399720,817,2023-05-15,2026-09-21,False,True
402030,812,2023-05-15,2026-09-11,False,True
402340,817,2023-05-15,2026-09-21,False,True
402490,687,2023-11-24,2026-09-21,False,True
403490,669,2023-09-19,2026-06-24,False,True
403550,790,2023-05-15,2026-08-12,False,True
403850,206,2025-11-18,2026-09-21,False,True
403870,817,2023-05-15,2026-09-21,False,True
405000,782,2023-05-30,2026-08-14,False,True
405100,813,2023-05-15,2026-09-15,False,True
406820,770,2023-07-24,2026-09-21,False,True
407400,784,2023-05-15,2026-08-04,False,True
408470,123,2026-03-25,2026-09-21,False,True
408900,798,2023-05-15,2026-08-25,False,True
408920,736,2023-05-15,2026-05-26,False,True
411080,817,2023-05-15,2026-09-21,False,True
412350,817,2023-05-15,2026-09-21,False,True
413390,432,2024-11-18,2026-08-27,False,True
413630,817,2023-05-15,2026-09-21,False,True
413640,674,2023-11-09,2026-08-18,False,True
415380,557,2024-02-06,2026-05-26,False,True
415640,439,2024-11-29,2026-09-21,False,True
416180,701,2023-10-19,2026-09-03,False,True
417010,817,2023-05-15,2026-09-21,False,True
417030,21,2026-08-24,2026-09-21,False,True
417200,677,2023-12-08,2026-09-21,False,True
417500,816,2023-05-15,2026-09-21,False,True
417790,789,2023-05-17,2026-08-14,False,True
417840,818,2023-05-15,2026-09-21,False,True
417860,804,2023-05-30,2026-09-16,False,True
417970,792,2023-05-15,2026-08-14,False,True
418420,817,2023-05-15,2026-09-21,False,True
418470,709,2023-09-27,2026-08-31,False,True
418550,803,2023-05-15,2026-09-01,False,True
418620,563,2024-02-23,2026-06-22,False,True
419050,818,2023-05-15,2026-09-21,False,True
419080,805,2023-05-15,2026-09-04,False,True
419120,741,2023-05-30,2026-06-17,False,True
419530,817,2023-05-15,2026-09-21,False,True
419540,750,2023-07-17,2026-08-18,False,True
420770,810,2023-05-24,2026-09-21,False,True
424760,779,2023-05-26,2026-09-01,False,True
424870,330,2025-05-19,2026-09-21,False,True
424960,693,2023-08-22,2026-06-30,False,True
424980,811,2023-05-15,2026-09-11,False,True
425040,818,2023-05-15,2026-09-21,False,True
425420,816,2023-05-15,2026-09-21,False,True
429270,760,2023-08-03,2026-09-17,False,True
430690,723,2023-09-26,2026-09-18,False,True
431190,507,2024-08-20,2026-09-21,False,True
432430,708,2023-07-25,2026-06-25,False,True
432470,679,2023-12-06,2026-09-21,False,True
432720,707,2023-10-27,2026-09-21,False,True
432980,420,2024-12-26,2026-09-18,False,True
434480,813,2023-05-19,2026-09-21,False,True
435570,339,2025-03-04,2026-07-23,False,True
437730,609,2024-03-21,2026-09-21,False,True
438700,746,2023-08-01,2026-08-27,False,True
439090,801,2023-06-08,2026-09-21,False,True
439260,277,2025-08-01,2026-09-21,False,True
439580,674,2023-12-13,2026-09-21,False,True
439960,92,2026-05-11,2026-09-21,False,True
440110,756,2023-08-10,2026-09-21,False,True
440290,610,2024-01-25,2026-07-31,False,True
440320,723,2023-06-28,2026-06-22,False,True
441270,817,2023-05-15,2026-09-21,False,True
443060,577,2024-05-08,2026-09-21,False,True
443250,708,2023-09-27,2026-09-01,False,True
443670,700,2023-10-13,2026-09-21,False,True
444530,333,2025-03-21,2026-07-31,False,True
445090,696,2023-11-13,2026-09-21,False,True
445180,711,2023-10-18,2026-09-17,False,True
446070,775,2023-06-22,2026-09-07,False,True
446540,698,2023-11-09,2026-09-21,False,True
446840,768,2023-05-26,2026-07-24,False,True
448280,673,2023-11-21,2026-08-27,False,True
448710,736,2023-08-10,2026-08-21,False,True
448900,743,2023-08-30,2026-09-21,False,True
450080,691,2023-11-17,2026-09-21,False,True
450330,471,2024-07-03,2026-06-15,False,True
450520,650,2023-09-25,2026-06-02,False,True
450950,379,2025-01-24,2026-08-19,False,True
451220,720,2023-10-10,2026-09-21,False,True
451250,569,2024-04-25,2026-08-31,False,True
451760,698,2023-11-09,2026-09-21,False,True
452160,608,2023-11-24,2026-05-28,False,True
452190,661,2024-01-04,2026-09-21,False,True
452200,552,2024-04-29,2026-08-10,False,True
452260,817,2023-05-15,2026-09-21,False,True
452280,687,2023-11-24,2026-09-21,False,True
452300,677,2023-11-15,2026-08-27,False,True
452400,563,2024-02-01,2026-06-01,False,True
452430,632,2024-01-18,2026-09-21,False,True
452450,400,2025-02-04,2026-09-21,False,True
453340,817,2023-05-15,2026-09-21,False,True
453450,552,2024-06-14,2026-09-21,False,True
453860,626,2023-11-28,2026-06-26,False,True
454910,721,2023-10-05,2026-09-21,False,True
455180,257,2025-06-17,2026-07-03,False,True
455900,606,2024-03-26,2026-09-21,False,True
456010,572,2024-05-17,2026-09-21,False,True
456040,808,2023-05-30,2026-09-21,False,True
456070,503,2024-08-23,2026-09-21,False,True
457190,799,2023-05-31,2026-09-21,False,True
457370,468,2024-10-22,2026-09-21,False,True
457550,647,2024-01-24,2026-09-21,False,True
457600,422,2024-12-16,2026-09-11,False,True
458350,87,2026-03-06,2026-07-10,False,True
458870,549,2024-06-19,2026-09-21,False,True
459100,411,2024-11-20,2026-07-31,False,True
459510,337,2025-05-08,2026-09-21,False,True
459550,208,2025-11-17,2026-09-21,False,True
460470,457,2024-08-06,2026-06-26,False,True
460850,792,2023-06-16,2026-09-18,False,True
460860,795,2023-06-16,2026-09-21,False,True
460870,353,2025-03-07,2026-08-18,False,True
460930,645,2024-01-26,2026-09-21,False,True
460940,518,2024-07-31,2026-09-18,False,True
461030,538,2024-04-03,2026-06-23,False,True
461300,495,2024-08-30,2026-09-16,False,True
462310,251,2025-07-09,2026-07-21,False,True
462350,540,2024-07-02,2026-09-21,False,True
462520,743,2023-07-28,2026-08-19,False,True
462860,366,2025-03-24,2026-09-21,False,True
462870,534,2024-07-11,2026-09-21,False,True
462980,346,2025-02-04,2026-07-03,False,True
463020,298,2025-07-04,2026-09-21,False,True
463480,388,2025-02-20,2026-09-21,False,True
464080,546,2024-06-25,2026-09-21,False,True
464280,490,2024-08-21,2026-08-31,False,True
464500,468,2024-09-23,2026-08-27,False,True
464580,423,2024-11-13,2026-08-11,False,True
465480,443,2024-10-18,2026-08-13,False,True
465770,730,2023-09-15,2026-09-18,False,True
466100,463,2024-10-28,2026-09-21,False,True
466410,371,2024-11-19,2026-06-02,False,True
468530,280,2025-07-29,2026-09-21,False,True
469610,214,2025-11-07,2026-09-21,False,True
469750,463,2024-09-05,2026-08-06,False,True
471820,353,2024-12-13,2026-06-02,False,True
472850,626,2024-02-02,2026-09-01,False,True
473980,437,2024-11-12,2026-08-31,False,True
474170,468,2024-10-21,2026-09-21,False,True
474610,448,2024-11-19,2026-09-21,False,True
474650,316,2025-06-10,2026-09-21,False,True
475040,58,2026-06-30,2026-09-21,False,True
475150,603,2024-03-29,2026-09-21,False,True
475230,281,2025-07-28,2026-09-21,False,True
475400,465,2024-10-24,2026-09-21,False,True
475430,319,2025-06-02,2026-09-18,False,True
475460,399,2025-01-23,2026-09-15,False,True
475560,455,2024-11-06,2026-09-18,False,True
475580,460,2024-11-01,2026-09-21,False,True
475660,371,2024-11-19,2026-06-02,False,True
475830,391,2025-02-14,2026-09-21,False,True
475960,456,2024-11-07,2026-09-21,False,True
476040,321,2025-05-09,2026-08-31,False,True
476060,426,2024-12-19,2026-09-21,False,True
476080,482,2024-08-22,2026-08-19,False,True
477850,85,2026-05-20,2026-09-21,False,True
478340,186,2025-12-17,2026-09-21,False,True
478560,390,2025-01-21,2026-08-31,False,True
479960,309,2025-02-24,2026-06-02,False,True
480370,372,2025-03-17,2026-09-21,False,True
481070,353,2025-04-03,2026-09-14,False,True
482630,401,2025-02-03,2026-09-21,False,True
483350,28,2026-08-12,2026-09-21,False,True
483650,326,2025-05-22,2026-09-21,False,True
484120,285,2025-07-23,2026-09-21,False,True
484590,268,2025-08-18,2026-09-21,False,True
484810,369,2025-03-20,2026-09-21,False,True
484870,428,2024-12-16,2026-09-21,False,True
486990,218,2025-11-03,2026-09-21,False,True
487400,26,2026-08-13,2026-09-21,False,True
487570,494,2024-07-29,2026-08-12,False,True
487580,89,2026-05-14,2026-09-21,False,True
488280,244,2025-09-19,2026-09-21,False,True
488900,204,2025-11-21,2026-09-21,False,True
489500,384,2025-02-25,2026-09-18,False,True
489790,481,2024-09-27,2026-09-21,False,True
490470,179,2025-12-29,2026-09-21,False,True
493330,168,2026-01-14,2026-09-18,False,True
494120,210,2025-11-13,2026-09-21,False,True
499790,423,2024-12-23,2026-09-21,False,True
900070,747,2023-06-12,2026-07-07,False,True
900100,736,2023-05-15,2026-05-28,False,True
900110,794,2023-06-16,2026-09-18,False,True
900140,812,2023-05-15,2026-09-14,False,True
900250,798,2023-05-15,2026-08-25,False,True
900260,755,2023-07-03,2026-08-10,False,True
900270,790,2023-05-30,2026-09-21,False,True
900290,818,2023-05-15,2026-09-21,False,True
900300,800,2023-05-15,2026-09-18,False,True
900310,790,2023-05-15,2026-08-12,False,True
900340,779,2023-06-02,2026-08-14,False,True
950140,802,2023-05-15,2026-08-31,False,True
950160,817,2023-05-15,2026-09-21,False,True
950170,782,2023-05-15,2026-08-10,False,True
950190,807,2023-05-30,2026-09-21,False,True
950200,816,2023-05-15,2026-09-18,False,True
950220,817,2023-05-15,2026-09-21,False,True
950250,192,2025-12-09,2026-09-21,False,True
950260,25,2026-08-18,2026-09-21,False,True
A,252,2025-05-15,2026-05-15,False,False
AA,252,2025-05-15,2026-05-15,False,False
AAL,252,2025-05-15,2026-05-15,False,False
AAME,252,2025-05-15,2026-05-15,False,False
AAMI,252,2025-05-15,2026-05-15,False,False
AAOI,252,2025-05-15,2026-05-15,False,False
AAON,252,2025-05-15,2026-05-15,False,False
AAP,252,2025-05-15,2026-05-15,False,False
AAPG,252,2025-05-15,2026-05-15,False,False
AAPL,754,2023-05-15,2026-05-15,False,False
AARD,252,2025-05-15,2026-05-15,False,False
AAT,252,2025-05-15,2026-05-15,False,False
AAUC,252,2025-05-15,2026-05-15,False,False
ABAT,252,2025-05-15,2026-05-15,False,False
ABBV,252,2025-05-15,2026-05-15,False,False
ABCB,252,2025-05-15,2026-05-15,False,False
ABCL,252,2025-05-15,2026-05-15,False,False
ABEO,252,2025-05-15,2026-05-15,False,False
ABG,252,2025-05-15,2026-05-15,False,False
ABLV,252,2025-05-15,2026-05-15,False,False
ABM,754,2023-05-15,2026-05-15,False,False
ABNB,754,2023-05-15,2026-05-15,False,False
ABOS,754,2023-05-15,2026-05-15,False,False
ABR,754,2023-05-15,2026-05-15,False,False
ABSI,754,2023-05-15,2026-05-15,False,False
ABT,754,2023-05-15,2026-05-15,False,False
ABTC,754,2023-05-15,2026-05-15,False,False
ABTS,754,2023-05-15,2026-05-15,False,False
ABUS,754,2023-05-15,2026-05-15,False,False
ABVC,754,2023-05-15,2026-05-15,False,False
ABVE,470,2024-07-02,2026-05-15,False,False
ABX,754,2023-05-15,2026-05-15,False,False
ACA,754,2023-05-15,2026-05-15,False,False
ACAD,754,2023-05-15,2026-05-15,False,False
ACB,754,2023-05-15,2026-05-15,False,False
ACCL,145,2025-10-17,2026-05-15,False,False
ACCO,754,2023-05-15,2026-05-15,False,False
ACCS,754,2023-05-15,2026-05-15,False,False
ACDC,754,2023-05-15,2026-05-15,False,False
ACEL,754,2023-05-15,2026-05-15,False,False
ACET,754,2023-05-15,2026-05-15,False,False
ACFN,754,2023-05-15,2026-05-15,False,False
ACGL,754,2023-05-15,2026-05-15,False,False
ACH,754,2023-05-15,2026-05-15,False,False
ACHC,754,2023-05-15,2026-05-15,False,False
ACHR,754,2023-05-15,2026-05-15,False,False
ACHV,754,2023-05-15,2026-05-15,False,False
ACI,754,2023-05-15,2026-05-15,False,False
ACIC,754,2023-05-15,2026-05-15,False,False
ACIU,754,2023-05-15,2026-05-15,False,False
ACIW,754,2023-05-15,2026-05-15,False,False
ACLS,754,2023-05-15,2026-05-15,False,False
ACM,754,2023-05-15,2026-05-15,False,False
ACMR,754,2023-05-15,2026-05-15,False,False
ACN,754,2023-05-15,2026-05-15,False,False
ACNB,754,2023-05-15,2026-05-15,False,False
ACNT,754,2023-05-15,2026-05-15,False,False
ACOG,377,2024-11-12,2026-05-15,False,False
ACON,754,2023-05-15,2026-05-15,False,False
ACR,754,2023-05-15,2026-05-15,False,False
ACRE,754,2023-05-15,2026-05-15,False,False
ACRS,754,2023-05-15,2026-05-15,False,False
ACRV,754,2023-05-15,2026-05-15,False,False
ACT,754,2023-05-15,2026-05-15,False,False
ACTG,754,2023-05-15,2026-05-15,False,False
ACTU,441,2024-08-13,2026-05-15,False,False
ACVA,754,2023-05-15,2026-05-15,False,False
ACXP,754,2023-05-15,2026-05-15,False,False
AD,754,2023-05-15,2026-05-15,False,False
ADAC,67,2026-02-09,2026-05-14,False,False
ADAG,754,2023-05-15,2026-05-15,False,False
ADAM,754,2023-05-15,2026-05-15,False,False
ADBE,252,2025-05-15,2026-05-15,False,False
ADC,754,2023-05-15,2026-05-15,False,False
ADCT,754,2023-05-15,2026-05-15,False,False
ADEA,754,2023-05-15,2026-05-15,False,False
ADGM,449,2024-08-01,2026-05-15,False,False
ADI,754,2023-05-15,2026-05-15,False,False
ADIL,754,2023-05-15,2026-05-15,False,False
ADM,754,2023-05-15,2026-05-15,False,False
ADMA,754,2023-05-15,2026-05-15,False,False
ADNT,754,2023-05-15,2026-05-15,False,False
ADP,754,2023-05-15,2026-05-15,False,False
ADPT,754,2023-05-15,2026-05-15,False,False
ADSE,754,2023-05-15,2026-05-15,False,False
ADSK,754,2023-05-15,2026-05-15,False,False
ADT,754,2023-05-15,2026-05-15,False,False
ADTN,754,2023-05-15,2026-05-15,False,False
ADTX,754,2023-05-15,2026-05-15,False,False
ADUR,439,2024-08-15,2026-05-15,False,False
ADUS,754,2023-05-15,2026-05-15,False,False
ADV,754,2023-05-15,2026-05-15,False,False
ADVB,301,2025-03-06,2026-05-15,False,False
AEBI,220,2025-07-02,2026-05-15,False,False
AEC,754,2023-05-15,2026-05-15,False,False
AEE,754,2023-05-15,2026-05-15,False,False
AEG,754,2023-05-15,2026-05-15,False,False
AEHL,754,2023-05-15,2026-05-15,False,False
AEHR,754,2023-05-15,2026-05-15,False,False
AEI,754,2023-05-15,2026-05-15,False,False
AEIS,754,2023-05-15,2026-05-15,False,False
AEM,754,2023-05-15,2026-05-15,False,False
AEMD,754,2023-05-15,2026-05-15,False,False
AENT,754,2023-05-15,2026-05-15,False,False
AEO,754,2023-05-15,2026-05-15,False,False
AEON,754,2023-05-15,2026-05-15,False,False
AEP,754,2023-05-15,2026-05-15,False,False
AER,754,2023-05-15,2026-05-15,False,False
AERT,754,2023-05-15,2026-05-15,False,False
AES,754,2023-05-15,2026-05-15,False,False
AESI,754,2023-05-15,2026-05-15,False,False
AEVA,754,2023-05-15,2026-05-15,False,False
AEYE,754,2023-05-15,2026-05-15,False,False
AFBI,753,2023-05-15,2026-05-14,False,False
AFCG,754,2023-05-15,2026-05-15,False,False
AFG,754,2023-05-15,2026-05-15,False,False
AFGB,754,2023-05-15,2026-05-15,False,False
AFGC,754,2023-05-15,2026-05-15,False,False
AFGD,754,2023-05-15,2026-05-15,False,False
AFGE,754,2023-05-15,2026-05-15,False,False
AFJK,582,2024-01-22,2026-05-15,False,False
AFL,754,2023-05-15,2026-05-15,False,False
AFRI,754,2023-05-15,2026-05-15,False,False
AFRM,754,2023-05-15,2026-05-15,False,False
AFYA,754,2023-05-15,2026-05-15,False,False
AG,754,2023-05-15,2026-05-15,False,False
AGAE,754,2023-05-15,2026-05-15,False,False
AGBK,66,2026-02-11,2026-05-15,False,False
AGCC,142,2025-10-22,2026-05-15,False,False
AGCO,754,2023-05-15,2026-05-15,False,False
AGEN,754,2023-05-15,2026-05-15,False,False
AGH,316,2025-02-12,2026-05-15,False,False
AGI,754,2023-05-15,2026-05-15,False,False
AGIG,754,2023-05-15,2026-05-15,False,False
AGIO,754,2023-05-15,2026-05-15,False,False
AGL,754,2023-05-15,2026-05-15,False,False
AGM-A,753,2023-05-15,2026-05-14,False,False
AGM,754,2023-05-15,2026-05-15,False,False
AGMB,69,2026-02-06,2026-05-15,False,False
AGMH,754,2023-05-15,2026-05-15,False,False
AGNC,754,2023-05-15,2026-05-15,False,False
AGNT,754,2023-05-15,2026-05-15,False,False
AGO,754,2023-05-15,2026-05-15,False,False
AGPU,754,2023-05-15,2026-05-15,False,False
AGRO,754,2023-05-15,2026-05-15,False,False
AGRZ,157,2025-10-01,2026-05-15,False,False
AGX,754,2023-05-15,2026-05-15,False,False
AGYS,754,2023-05-15,2026-05-15,False,False
AHCO,754,2023-05-15,2026-05-15,False,False
AHMA,143,2025-10-21,2026-05-15,False,False
AHR,570,2024-02-07,2026-05-15,False,False
AHRT,754,2023-05-15,2026-05-15,False,False
AHT,754,2023-05-15,2026-05-15,False,False
AI,754,2023-05-15,2026-05-15,False,False
AIAI,2,2026-05-14,2026-05-15,False,False
AIB,43,2026-03-17,2026-05-15,False,False
AIDX,61,2026-02-19,2026-05-15,False,False
AIFC,754,2023-05-15,2026-05-15,False,False
AIFF,754,2023-05-15,2026-05-15,False,False
AIFU,754,2023-05-15,2026-05-15,False,False
AIG,754,2023-05-15,2026-05-15,False,False
AIHS,754,2023-05-15,2026-05-15,False,False
AII,257,2025-05-08,2026-05-15,False,False
AIIO,754,2023-05-15,2026-05-15,False,False
AIM,754,2023-05-15,2026-05-15,False,False
AIMD,754,2023-05-15,2026-05-15,False,False
AIN,754,2023-05-15,2026-05-15,False,False
AIOS,754,2023-05-15,2026-05-15,False,False
AIOT,754,2023-05-15,2026-05-15,False,False
AIP,754,2023-05-15,2026-05-15,False,False
AIR,754,2023-05-15,2026-05-15,False,False
AIRE,643,2023-10-23,2026-05-15,False,False
AIRG,754,2023-05-15,2026-05-15,False,False
AIRI,754,2023-05-15,2026-05-15,False,False
AIRJ,754,2023-05-15,2026-05-15,False,False
AIRO,232,2025-06-13,2026-05-15,False,False
AIRS,754,2023-05-15,2026-05-15,False,False
AIRT,753,2023-05-15,2026-05-14,False,False
AISP,754,2023-05-15,2026-05-15,False,False
AIT,754,2023-05-15,2026-05-15,False,False
AIV,754,2023-05-15,2026-05-15,False,False
AIXC,754,2023-05-15,2026-05-15,False,False
AIZ,754,2023-05-15,2026-05-15,False,False
AJG,754,2023-05-15,2026-05-15,False,False
AKA,754,2023-05-15,2026-05-15,False,False
AKAM,754,2023-05-15,2026-05-15,False,False
AKAN,754,2023-05-15,2026-05-15,False,False
AKBA,754,2023-05-15,2026-05-15,False,False
AKO-A,754,2023-05-15,2026-05-15,False,False
AKO-B,754,2023-05-15,2026-05-15,False,False
AKR,754,2023-05-15,2026-05-15,False,False
AKTS,88,2026-01-09,2026-05-15,False,False
ALAB,541,2024-03-20,2026-05-15,False,False
ALB,754,2023-05-15,2026-05-15,False,False
ALBT,754,2023-05-15,2026-05-15,False,False
ALC,754,2023-05-15,2026-05-15,False,False
ALCO,754,2023-05-15,2026-05-15,False,False
ALDF,354,2024-12-13,2026-05-14,False,False
ALDX,754,2023-05-15,2026-05-15,False,False
ALEC,754,2023-05-15,2026-05-15,False,False
ALG,754,2023-05-15,2026-05-15,False,False
ALGM,754,2023-05-15,2026-05-15,False,False
ALGN,754,2023-05-15,2026-05-15,False,False
ALGS,754,2023-05-15,2026-05-15,False,False
ALGT,754,2023-05-15,2026-05-15,False,False
ALH,151,2025-10-09,2026-05-15,False,False
ALHC,754,2023-05-15,2026-05-15,False,False
ALIT,754,2023-05-15,2026-05-15,False,False
ALK,754,2023-05-15,2026-05-15,False,False
ALKS,754,2023-05-15,2026-05-15,False,False
ALKT,754,2023-05-15,2026-05-15,False,False
ALL,754,2023-05-15,2026-05-15,False,False
ALLE,754,2023-05-15,2026-05-15,False,False
ALLO,754,2023-05-15,2026-05-15,False,False
ALLR,754,2023-05-15,2026-05-15,False,False
ALLT,754,2023-05-15,2026-05-15,False,False
ALLY,754,2023-05-15,2026-05-15,False,False
ALM,754,2023-05-15,2026-05-15,False,False
ALMR,21,2026-04-17,2026-05-15,False,False
ALMS,472,2024-06-28,2026-05-15,False,False
ALMU,754,2023-05-15,2026-05-15,False,False
ALNT,754,2023-05-15,2026-05-15,False,False
ALNY,754,2023-05-15,2026-05-15,False,False
ALOT,754,2023-05-15,2026-05-15,False,False
ALOY,754,2023-05-15,2026-05-15,False,False
ALP,754,2023-05-15,2026-05-15,False,False
ALPS,135,2025-10-31,2026-05-15,False,False
ALRM,754,2023-05-15,2026-05-15,False,False
ALRS,754,2023-05-15,2026-05-15,False,False
ALSN,754,2023-05-15,2026-05-15,False,False
ALT,754,2023-05-15,2026-05-15,False,False
ALTG,754,2023-05-15,2026-05-15,False,False
ALTI,754,2023-05-15,2026-05-15,False,False
ALTO,754,2023-05-15,2026-05-15,False,False
ALV,754,2023-05-15,2026-05-15,False,False
ALVO,754,2023-05-15,2026-05-15,False,False
ALX,754,2023-05-15,2026-05-15,False,False
ALXO,754,2023-05-15,2026-05-15,False,False
ALZN,754,2023-05-15,2026-05-15,False,False
AM,754,2023-05-15,2026-05-15,False,False
AMAL,754,2023-05-15,2026-05-15,False,False
AMAT,252,2025-05-15,2026-05-15,False,False
AMBA,754,2023-05-15,2026-05-15,False,False
AMBO,754,2023-05-15,2026-05-15,False,False
AMBP,754,2023-05-15,2026-05-15,False,False
AMBQ,201,2025-07-30,2026-05-15,False,False
AMC,754,2023-05-15,2026-05-15,False,False
AMCI,754,2023-05-15,2026-05-15,False,False
AMCR,754,2023-05-15,2026-05-15,False,False
AMCX,754,2023-05-15,2026-05-15,False,False
AMD,252,2025-05-15,2026-05-15,False,False
AME,754,2023-05-15,2026-05-15,False,False
AMG,754,2023-05-15,2026-05-15,False,False
AMGN,754,2023-05-15,2026-05-15,False,False
AMH,754,2023-05-15,2026-05-15,False,False
AMIX,577,2024-01-29,2026-05-15,False,False
AMKR,754,2023-05-15,2026-05-15,False,False
AMLX,754,2023-05-15,2026-05-15,False,False
AMN,754,2023-05-15,2026-05-15,False,False
AMOD,754,2023-05-15,2026-05-15,False,False
AMP,754,2023-05-15,2026-05-15,False,False
AMPG,754,2023-05-15,2026-05-15,False,False
AMPH,754,2023-05-15,2026-05-15,False,False
AMPL,754,2023-05-15,2026-05-15,False,False
AMPX,754,2023-05-15,2026-05-15,False,False
AMPY,754,2023-05-15,2026-05-15,False,False
AMR,754,2023-05-15,2026-05-15,False,False
AMRC,754,2023-05-15,2026-05-15,False,False
AMRX,754,2023-05-15,2026-05-15,False,False
AMRZ,227,2025-06-23,2026-05-15,False,False
AMS,754,2023-05-15,2026-05-15,False,False
AMSC,754,2023-05-15,2026-05-15,False,False
AMSF,754,2023-05-15,2026-05-15,False,False
AMST,754,2023-05-15,2026-05-15,False,False
AMT,754,2023-05-15,2026-05-15,False,False
AMTB,754,2023-05-15,2026-05-15,False,False
AMTM,412,2024-09-24,2026-05-15,False,False
AMTX,754,2023-05-15,2026-05-15,False,False
AMWD,754,2023-05-15,2026-05-15,False,False
AMWL,754,2023-05-15,2026-05-15,False,False
AMZE,754,2023-05-15,2026-05-15,False,False
AMZN,252,2025-05-15,2026-05-15,False,False
AN,754,2023-05-15,2026-05-15,False,False
ANAB,754,2023-05-15,2026-05-15,False,False
ANDE,754,2023-05-15,2026-05-15,False,False
ANDG,103,2025-12-17,2026-05-15,False,False
ANET,754,2023-05-15,2026-05-15,False,False
ANF,754,2023-05-15,2026-05-15,False,False
ANGH,754,2023-05-15,2026-05-15,False,False
ANGI,754,2023-05-15,2026-05-15,False,False
ANGO,754,2023-05-15,2026-05-15,False,False
ANGX,171,2025-09-11,2026-05-15,False,False
ANIK,754,2023-05-15,2026-05-15,False,False
ANIP,754,2023-05-15,2026-05-15,False,False
ANIX,754,2023-05-15,2026-05-15,False,False
ANNA,754,2023-05-15,2026-05-15,False,False
ANNX,754,2023-05-15,2026-05-15,False,False
ANPA,217,2025-07-08,2026-05-15,False,False
ANRO,573,2024-02-02,2026-05-15,False,False
ANTA,253,2025-05-13,2026-05-14,False,False
ANTX,754,2023-05-15,2026-05-15,False,False
ANVS,754,2023-05-15,2026-05-15,False,False
ANY,754,2023-05-15,2026-05-15,False,False
AOMR,754,2023-05-15,2026-05-15,False,False
AON,754,2023-05-15,2026-05-15,False,False
AORT,754,2023-05-15,2026-05-15,False,False
AOS,754,2023-05-15,2026-05-15,False,False
AOSL,754,2023-05-15,2026-05-15,False,False
AOUT,754,2023-05-15,2026-05-15,False,False
AP,754,2023-05-15,2026-05-15,False,False
APA,754,2023-05-15,2026-05-15,False,False
APAC,119,2025-11-21,2026-05-14,False,False
APAM,754,2023-05-15,2026-05-15,False,False
APC,65,2026-02-12,2026-05-15,False,False
APD,754,2023-05-15,2026-05-15,False,False
APEI,754,2023-05-15,2026-05-15,False,False
APG,754,2023-05-15,2026-05-15,False,False
APGE,713,2023-07-14,2026-05-15,False,False
APH,754,2023-05-15,2026-05-15,False,False
API,754,2023-05-15,2026-05-15,False,False
APLD,754,2023-05-15,2026-05-15,False,False
APLE,754,2023-05-15,2026-05-15,False,False
APLM,753,2023-05-15,2026-05-14,False,False
APM,754,2023-05-15,2026-05-15,False,False
APO,754,2023-05-15,2026-05-15,False,False
APOG,754,2023-05-15,2026-05-15,False,False
APP,754,2023-05-15,2026-05-15,False,False
APPF,754,2023-05-15,2026-05-15,False,False
APPN,754,2023-05-15,2026-05-15,False,False
APPS,754,2023-05-15,2026-05-15,False,False
APRE,754,2023-05-15,2026-05-15,False,False
APT,754,2023-05-15,2026-05-15,False,False
APTV,754,2023-05-15,2026-05-15,False,False
APUS,256,2025-05-09,2026-05-15,False,False
APVO,754,2023-05-15,2026-05-15,False,False
APWC,753,2023-05-15,2026-05-14,False,False
APXT,123,2025-11-17,2026-05-14,False,False
APYX,754,2023-05-15,2026-05-15,False,False
AQB,754,2023-05-15,2026-05-15,False,False
AQMS,754,2023-05-15,2026-05-15,False,False
AQN,754,2023-05-15,2026-05-15,False,False
AQNB,754,2023-05-15,2026-05-15,False,False
AQST,754,2023-05-15,2026-05-15,False,False
AR,754,2023-05-15,2026-05-15,False,False
ARAI,252,2025-05-15,2026-05-15,False,False
ARAY,754,2023-05-15,2026-05-15,False,False
ARBB,754,2023-05-15,2026-05-15,False,False
ARBE,754,2023-05-15,2026-05-15,False,False
ARCB,754,2023-05-15,2026-05-15,False,False
ARCI,43,2026-03-16,2026-05-14,False,False
ARCO,754,2023-05-15,2026-05-15,False,False
ARCT,754,2023-05-15,2026-05-15,False,False
ARDT,459,2024-07-18,2026-05-15,False,False
ARDX,754,2023-05-15,2026-05-15,False,False
ARE,754,2023-05-15,2026-05-15,False,False
AREC,754,2023-05-15,2026-05-15,False,False
AREN,754,2023-05-15,2026-05-15,False,False
ARES,754,2023-05-15,2026-05-15,False,False
ARHS,754,2023-05-15,2026-05-15,False,False
ARI,754,2023-05-15,2026-05-15,False,False
ARIS,754,2023-05-15,2026-05-15,False,False
ARKO,754,2023-05-15,2026-05-15,False,False
ARKR,753,2023-05-15,2026-05-14,False,False
ARL,754,2023-05-15,2026-05-15,False,False
ARLO,754,2023-05-15,2026-05-15,False,False
ARMK,754,2023-05-15,2026-05-15,False,False
ARMP,754,2023-05-15,2026-05-15,False,False
AROC,754,2023-05-15,2026-05-15,False,False
AROW,754,2023-05-15,2026-05-15,False,False
ARQ,754,2023-05-15,2026-05-15,False,False
ARQQ,754,2023-05-15,2026-05-15,False,False
ARQT,754,2023-05-15,2026-05-15,False,False
ARR,754,2023-05-15,2026-05-15,False,False
ARRY,754,2023-05-15,2026-05-15,False,False
ARTL,754,2023-05-15,2026-05-15,False,False
ARTNA,754,2023-05-15,2026-05-15,False,False
ARTV,458,2024-07-19,2026-05-15,False,False
ARTW,754,2023-05-15,2026-05-15,False,False
ARVN,754,2023-05-15,2026-05-15,False,False
ARW,754,2023-05-15,2026-05-15,False,False
ARWR,754,2023-05-15,2026-05-15,False,False
ARX,205,2025-07-24,2026-05-15,False,False
ARXS,22,2026-04-16,2026-05-15,False,False
AS,574,2024-02-01,2026-05-15,False,False
ASA,754,2023-05-15,2026-05-15,False,False
ASAN,754,2023-05-15,2026-05-15,False,False
ASB,754,2023-05-15,2026-05-15,False,False
ASBP,754,2023-05-15,2026-05-15,False,False
ASC,754,2023-05-15,2026-05-15,False,False
ASH,754,2023-05-15,2026-05-15,False,False
ASIC,234,2025-06-11,2026-05-15,False,False
ASIX,754,2023-05-15,2026-05-15,False,False
ASLE,754,2023-05-15,2026-05-15,False,False
ASM,754,2023-05-15,2026-05-15,False,False
ASMB,754,2023-05-15,2026-05-15,False,False
ASML,754,2023-05-15,2026-05-15,False,False
ASND,754,2023-05-15,2026-05-15,False,False
ASO,754,2023-05-15,2026-05-15,False,False
ASPI,754,2023-05-15,2026-05-15,False,False
ASPN,754,2023-05-15,2026-05-15,False,False
ASPS,754,2023-05-15,2026-05-15,False,False
ASR,754,2023-05-15,2026-05-15,False,False
ASRT,754,2023-05-15,2026-05-15,False,False
ASRV,754,2023-05-15,2026-05-15,False,False
ASST,754,2023-05-15,2026-05-15,False,False
ASTC,754,2023-05-15,2026-05-15,False,False
ASTE,754,2023-05-15,2026-05-15,False,False
ASTH,754,2023-05-15,2026-05-15,False,False
ASTI,754,2023-05-15,2026-05-15,False,False
ASTL,754,2023-05-15,2026-05-15,False,False
ASTS,754,2023-05-15,2026-05-15,False,False
ASUR,754,2023-05-15,2026-05-15,False,False
ASYS,754,2023-05-15,2026-05-15,False,False
ATAI,754,2023-05-15,2026-05-15,False,False
ATCH,754,2023-05-15,2026-05-15,False,False
ATCX,88,2026-01-09,2026-05-15,False,False
ATEC,754,2023-05-15,2026-05-15,False,False
ATEN,754,2023-05-15,2026-05-15,False,False
ATER,754,2023-05-15,2026-05-15,False,False
ATEX,754,2023-05-15,2026-05-15,False,False
ATGL,637,2023-10-31,2026-05-15,False,False
ATHR,276,2025-04-10,2026-05-15,False,False
ATHS,544,2024-03-15,2026-05-15,False,False
ATI,754,2023-05-15,2026-05-15,False,False
ATII,281,2025-04-03,2026-05-15,False,False
ATKR,754,2023-05-15,2026-05-15,False,False
ATLC,754,2023-05-15,2026-05-15,False,False
ATLN,754,2023-05-15,2026-05-15,False,False
ATLO,754,2023-05-15,2026-05-15,False,False
ATLX,754,2023-05-15,2026-05-15,False,False
ATMP,754,2023-05-15,2026-05-15,False,False
ATMU,745,2023-05-26,2026-05-15,False,False
ATNI,754,2023-05-15,2026-05-15,False,False
ATNM,754,2023-05-15,2026-05-15,False,False
ATO,754,2023-05-15,2026-05-15,False,False
ATOM,754,2023-05-15,2026-05-15,False,False
ATOS,754,2023-05-15,2026-05-15,False,False
ATPC,673,2023-09-11,2026-05-15,False,False
ATR,754,2023-05-15,2026-05-15,False,False
ATRA,754,2023-05-15,2026-05-15,False,False
ATRC,754,2023-05-15,2026-05-15,False,False
ATRO,754,2023-05-15,2026-05-15,False,False
ATS,754,2023-05-15,2026-05-15,False,False
ATXG,754,2023-05-15,2026-05-15,False,False
ATYR,754,2023-05-15,2026-05-15,False,False
AU,754,2023-05-15,2026-05-15,False,False
AUB,754,2023-05-15,2026-05-15,False,False
AUBN,754,2023-05-15,2026-05-15,False,False
AUDC,754,2023-05-15,2026-05-15,False,False
AUGO,211,2025-07-16,2026-05-15,False,False
AUID,754,2023-05-15,2026-05-15,False,False
AUNA,539,2024-03-22,2026-05-15,False,False
AUPH,754,2023-05-15,2026-05-15,False,False
AUR,754,2023-05-15,2026-05-15,False,False
AURA,754,2023-05-15,2026-05-15,False,False
AURE,718,2023-07-07,2026-05-15,False,False
AUST,754,2023-05-15,2026-05-15,False,False
AUUD,754,2023-05-15,2026-05-15,False,False
AVA,754,2023-05-15,2026-05-15,False,False
AVAH,754,2023-05-15,2026-05-15,False,False
AVAV,754,2023-05-15,2026-05-15,False,False
AVBC,199,2025-08-01,2026-05-15,False,False
AVBH,754,2023-05-15,2026-05-15,False,False
AVBP,578,2024-01-26,2026-05-15,False,False
AVD,754,2023-05-15,2026-05-15,False,False
AVEX,21,2026-04-17,2026-05-15,False,False
AVGO,754,2023-05-15,2026-05-15,False,False
AVIR,754,2023-05-15,2026-05-15,False,False
AVLN,12,2026-04-30,2026-05-15,False,False
AVNS,754,2023-05-15,2026-05-15,False,False
AVNT,754,2023-05-15,2026-05-15,False,False
AVNW,754,2023-05-15,2026-05-15,False,False
AVO,754,2023-05-15,2026-05-15,False,False
AVPT,754,2023-05-15,2026-05-15,False,False
AVR,355,2024-12-13,2026-05-15,False,False
AVT,754,2023-05-15,2026-05-15,False,False
AVTR,754,2023-05-15,2026-05-15,False,False
AVTX,754,2023-05-15,2026-05-15,False,False
AVX,754,2023-05-15,2026-05-15,False,False
AVXL,754,2023-05-15,2026-05-15,False,False
AVY,754,2023-05-15,2026-05-15,False,False
AWI,754,2023-05-15,2026-05-15,False,False
AWK,754,2023-05-15,2026-05-15,False,False
AWR,754,2023-05-15,2026-05-15,False,False
AWRE,754,2023-05-15,2026-05-15,False,False
AWX,754,2023-05-15,2026-05-15,False,False
AX,754,2023-05-15,2026-05-15,False,False
AXG,675,2023-09-07,2026-05-15,False,False
AXGN,754,2023-05-15,2026-05-15,False,False
AXIL,565,2024-02-14,2026-05-15,False,False
AXON,754,2023-05-15,2026-05-15,False,False
AXP,754,2023-05-15,2026-05-15,False,False
AXR,754,2023-05-15,2026-05-15,False,False
AXS,754,2023-05-15,2026-05-15,False,False
AXSM,754,2023-05-15,2026-05-15,False,False
AXTA,754,2023-05-15,2026-05-15,False,False
AXTI,754,2023-05-15,2026-05-15,False,False
AYA,754,2023-05-15,2026-05-15,False,False
AYI,754,2023-05-15,2026-05-15,False,False
AYTU,754,2023-05-15,2026-05-15,False,False
AZ,754,2023-05-15,2026-05-15,False,False
AZI,430,2024-08-28,2026-05-15,False,False
AZN,754,2023-05-15,2026-05-15,False,False
AZO,754,2023-05-15,2026-05-15,False,False
AZTA,754,2023-05-15,2026-05-15,False,False
AZTR,731,2023-06-16,2026-05-15,False,False
AZZ,754,2023-05-15,2026-05-15,False,False
B,754,2023-05-15,2026-05-15,False,False
BA,754,2023-05-15,2026-05-15,False,False
BAC,754,2023-05-15,2026-05-15,False,False
BAER,754,2023-05-15,2026-05-15,False,False
BAFN,754,2023-05-15,2026-05-15,False,False
BAH,754,2023-05-15,2026-05-15,False,False
BAK,754,2023-05-15,2026-05-15,False,False
BALL,754,2023-05-15,2026-05-15,False,False
BALY,360,2024-12-06,2026-05-15,False,False
BAM,754,2023-05-15,2026-05-15,False,False
BANC,754,2023-05-15,2026-05-15,False,False
BAND,754,2023-05-15,2026-05-15,False,False
BANF,754,2023-05-15,2026-05-15,False,False
BANL,754,2023-05-15,2026-05-15,False,False
BANR,754,2023-05-15,2026-05-15,False,False
BAOS,754,2023-05-15,2026-05-15,False,False
BAP,754,2023-05-15,2026-05-15,False,False
BAR,754,2023-05-15,2026-05-15,False,False
BARK,754,2023-05-15,2026-05-15,False,False
BATL,754,2023-05-15,2026-05-15,False,False
BATRA,754,2023-05-15,2026-05-15,False,False
BATRK,754,2023-05-15,2026-05-15,False,False
BAX,754,2023-05-15,2026-05-15,False,False
BB,754,2023-05-15,2026-05-15,False,False
BBAI,754,2023-05-15,2026-05-15,False,False
BBAR,754,2023-05-15,2026-05-15,False,False
BBBY,754,2023-05-15,2026-05-15,False,False
BBCP,754,2023-05-15,2026-05-15,False,False
BBDC,754,2023-05-15,2026-05-15,False,False
BBGI,754,2023-05-15,2026-05-15,False,False
BBIO,754,2023-05-15,2026-05-15,False,False
BBLG,754,2023-05-15,2026-05-15,False,False
BBN,754,2023-05-15,2026-05-15,False,False
BBNX,325,2025-01-30,2026-05-15,False,False
BBOT,568,2024-02-09,2026-05-15,False,False
BBSI,754,2023-05-15,2026-05-15,False,False
BBT,754,2023-05-15,2026-05-15,False,False
BBUC,754,2023-05-15,2026-05-15,False,False
BBVA,754,2023-05-15,2026-05-15,False,False
BBW,754,2023-05-15,2026-05-15,False,False
BBWI,754,2023-05-15,2026-05-15,False,False
BBY,754,2023-05-15,2026-05-15,False,False
BC,754,2023-05-15,2026-05-15,False,False
BCAB,754,2023-05-15,2026-05-15,False,False
BCAL,754,2023-05-15,2026-05-15,False,False
BCAR,186,2025-08-20,2026-05-15,False,False
BCAT,754,2023-05-15,2026-05-15,False,False
BCAX,419,2024-09-13,2026-05-15,False,False
BCBP,754,2023-05-15,2026-05-15,False,False
BCC,754,2023-05-15,2026-05-15,False,False
BCDA,754,2023-05-15,2026-05-15,False,False
BCE,754,2023-05-15,2026-05-15,False,False
BCG,536,2024-03-27,2026-05-15,False,False
BCH,754,2023-05-15,2026-05-15,False,False
BCHT,754,2023-05-15,2026-05-15,False,False
BCML,754,2023-05-15,2026-05-15,False,False
BCO,754,2023-05-15,2026-05-15,False,False
BCPC,754,2023-05-15,2026-05-15,False,False
BCRX,754,2023-05-15,2026-05-15,False,False
BCS,754,2023-05-15,2026-05-15,False,False
BCSF,754,2023-05-15,2026-05-15,False,False
BCSS,121,2025-11-20,2026-05-15,False,False
BCTX,754,2023-05-15,2026-05-15,False,False
BCX,754,2023-05-15,2026-05-15,False,False
BDC,754,2023-05-15,2026-05-15,False,False
BDCI,145,2025-10-16,2026-05-14,False,False
BDJ,754,2023-05-15,2026-05-15,False,False
BDL,753,2023-05-15,2026-05-14,False,False
BDMD,754,2023-05-15,2026-05-15,False,False
BDN,754,2023-05-15,2026-05-15,False,False
BDSX,754,2023-05-15,2026-05-15,False,False
BDTX,754,2023-05-15,2026-05-15,False,False
BDX,754,2023-05-15,2026-05-15,False,False
BE,754,2023-05-15,2026-05-15,False,False
BEAM,754,2023-05-15,2026-05-15,False,False
BEAT,754,2023-05-15,2026-05-15,False,False
BEBE,68,2026-02-06,2026-05-14,False,False
BEEM,754,2023-05-15,2026-05-15,False,False
BEEP,682,2023-08-28,2026-05-15,False,False
BELFA,754,2023-05-15,2026-05-15,False,False
BELFB,754,2023-05-15,2026-05-15,False,False
BEN,754,2023-05-15,2026-05-15,False,False
BENF,754,2023-05-15,2026-05-15,False,False
BEPC,754,2023-05-15,2026-05-15,False,False
BEPH,754,2023-05-15,2026-05-15,False,False
BEPI,754,2023-05-15,2026-05-15,False,False
BEPJ,536,2024-03-27,2026-05-15,False,False
BESS,754,2023-05-15,2026-05-15,False,False
BETA,133,2025-11-04,2026-05-15,False,False
BETR,754,2023-05-15,2026-05-15,False,False
BF-A,754,2023-05-15,2026-05-15,False,False
BF-B,754,2023-05-15,2026-05-15,False,False
BFC,754,2023-05-15,2026-05-15,False,False
BFH,754,2023-05-15,2026-05-15,False,False
BFLY,754,2023-05-15,2026-05-15,False,False
BFRG,754,2023-05-15,2026-05-15,False,False
BFRI,754,2023-05-15,2026-05-15,False,False
BFS,754,2023-05-15,2026-05-15,False,False
BFST,754,2023-05-15,2026-05-15,False,False
BG,754,2023-05-15,2026-05-15,False,False
BGC,754,2023-05-15,2026-05-15,False,False
BGDE,754,2023-05-15,2026-05-15,False,False
BGI,754,2023-05-15,2026-05-15,False,False
BGIN,143,2025-10-21,2026-05-15,False,False
BGL,224,2025-06-26,2026-05-15,False,False
BGLC,754,2023-05-15,2026-05-15,False,False
BGM,754,2023-05-15,2026-05-15,False,False
BGMS,754,2023-05-15,2026-05-15,False,False
BGR,754,2023-05-15,2026-05-15,False,False
BGS,754,2023-05-15,2026-05-15,False,False
BGSF,754,2023-05-15,2026-05-15,False,False
BGSI,134,2025-11-03,2026-05-15,False,False
BGT,754,2023-05-15,2026-05-15,False,False
BGY,754,2023-05-15,2026-05-15,False,False
BH-A,754,2023-05-15,2026-05-15,False,False
BH,754,2023-05-15,2026-05-15,False,False
BHB,754,2023-05-15,2026-05-15,False,False
BHC,754,2023-05-15,2026-05-15,False,False
BHE,754,2023-05-15,2026-05-15,False,False
BHK,754,2023-05-15,2026-05-15,False,False
BHM,754,2023-05-15,2026-05-15,False,False
BHR,754,2023-05-15,2026-05-15,False,False
BHRB,754,2023-05-15,2026-05-15,False,False
BHST,754,2023-05-15,2026-05-15,False,False
BHV,754,2023-05-15,2026-05-15,False,False
BHVN,754,2023-05-15,2026-05-15,False,False
BIAF,754,2023-05-15,2026-05-15,False,False
BIIB,754,2023-05-15,2026-05-15,False,False
BIII,74,2026-01-29,2026-05-14,False,False
BILL,754,2023-05-15,2026-05-15,False,False
BIO-B,754,2023-05-15,2026-05-15,False,False
BIO,754,2023-05-15,2026-05-15,False,False
BIOA,410,2024-09-26,2026-05-15,False,False
BIOX,754,2023-05-15,2026-05-15,False,False
BIPC,754,2023-05-15,2026-05-15,False,False
BIPI,754,2023-05-15,2026-05-15,False,False
BIRD,754,2023-05-15,2026-05-15,False,False
BIRK,651,2023-10-11,2026-05-15,False,False
BIT,754,2023-05-15,2026-05-15,False,False
BIVI,754,2023-05-15,2026-05-15,False,False
BIYA,290,2025-03-21,2026-05-15,False,False
BJ,754,2023-05-15,2026-05-15,False,False
BJDX,754,2023-05-15,2026-05-15,False,False
BJRI,754,2023-05-15,2026-05-15,False,False
BK,754,2023-05-15,2026-05-15,False,False
BKD,754,2023-05-15,2026-05-15,False,False
BKE,754,2023-05-15,2026-05-15,False,False
BKH,754,2023-05-15,2026-05-15,False,False
BKKT,754,2023-05-15,2026-05-15,False,False
BKNG,754,2023-05-15,2026-05-15,False,False
BKR,754,2023-05-15,2026-05-15,False,False
BKSY,754,2023-05-15,2026-05-15,False,False
BKT,754,2023-05-15,2026-05-15,False,False
BKTI,754,2023-05-15,2026-05-15,False,False
BKV,410,2024-09-26,2026-05-15,False,False
BL,754,2023-05-15,2026-05-15,False,False
BLBD,754,2023-05-15,2026-05-15,False,False
BLCO,754,2023-05-15,2026-05-15,False,False
BLD,754,2023-05-15,2026-05-15,False,False
BLDP,754,2023-05-15,2026-05-15,False,False
BLDR,754,2023-05-15,2026-05-15,False,False
BLFS,754,2023-05-15,2026-05-15,False,False
BLIN,754,2023-05-15,2026-05-15,False,False
BLIV,279,2025-04-04,2026-05-14,False,False
BLK,754,2023-05-15,2026-05-15,False,False
BLKB,754,2023-05-15,2026-05-15,False,False
BLLN,131,2025-11-06,2026-05-15,False,False
BLMN,754,2023-05-15,2026-05-15,False,False
BLND,754,2023-05-15,2026-05-15,False,False
BLNE,754,2023-05-15,2026-05-15,False,False
BLNK,754,2023-05-15,2026-05-15,False,False
BLSH,191,2025-08-13,2026-05-15,False,False
BLW,754,2023-05-15,2026-05-15,False,False
BLX,754,2023-05-15,2026-05-15,False,False
BLZE,754,2023-05-15,2026-05-15,False,False
BMA,754,2023-05-15,2026-05-15,False,False
BMBL,754,2023-05-15,2026-05-15,False,False
BME,754,2023-05-15,2026-05-15,False,False
BMEA,754,2023-05-15,2026-05-15,False,False
BMEZ,754,2023-05-15,2026-05-15,False,False
BMGL,308,2025-02-25,2026-05-15,False,False
BMHL,214,2025-07-11,2026-05-15,False,False
BMI,754,2023-05-15,2026-05-15,False,False
BMM,78,2026-01-26,2026-05-15,False,False
BMN,754,2023-05-15,2026-05-15,False,False
BMNR,238,2025-06-05,2026-05-15,False,False
BMO,754,2023-05-15,2026-05-15,False,False
BMR,754,2023-05-15,2026-05-15,False,False
BMRA,754,2023-05-15,2026-05-15,False,False
BMRC,754,2023-05-15,2026-05-15,False,False
BMRN,754,2023-05-15,2026-05-15,False,False
BMY,754,2023-05-15,2026-05-15,False,False
BN,754,2023-05-15,2026-05-15,False,False
BNAI,754,2023-05-15,2026-05-15,False,False
BNBX,754,2023-05-15,2026-05-15,False,False
BNC,754,2023-05-15,2026-05-15,False,False
BNED,754,2023-05-15,2026-05-15,False,False
BNGO,754,2023-05-15,2026-05-15,False,False
BNJ,754,2023-05-15,2026-05-15,False,False
BNKK,754,2023-05-15,2026-05-15,False,False
BNL,754,2023-05-15,2026-05-15,False,False
BNRG,754,2023-05-15,2026-05-15,False,False
BNS,754,2023-05-15,2026-05-15,False,False
BNT,754,2023-05-15,2026-05-15,False,False
BNTC,754,2023-05-15,2026-05-15,False,False
BNZI,754,2023-05-15,2026-05-15,False,False
BOBS,70,2026-02-05,2026-05-15,False,False
BOC,754,2023-05-15,2026-05-15,False,False
BODI,754,2023-05-15,2026-05-15,False,False
BOE,754,2023-05-15,2026-05-15,False,False
BOF,731,2023-06-16,2026-05-15,False,False
BOH,754,2023-05-15,2026-05-15,False,False
BOKF,754,2023-05-15,2026-05-15,False,False
BOLD,535,2024-03-28,2026-05-15,False,False
BOLT,754,2023-05-15,2026-05-15,False,False
BON,754,2023-05-15,2026-05-15,False,False
BOOM,754,2023-05-15,2026-05-15,False,False
BOOT,754,2023-05-15,2026-05-15,False,False
BORR,754,2023-05-15,2026-05-15,False,False
BOSC,754,2023-05-15,2026-05-15,False,False
BOT,5,2026-05-11,2026-05-15,False,False
BOTJ,754,2023-05-15,2026-05-15,False,False
BOW,496,2024-05-23,2026-05-15,False,False
BOX,754,2023-05-15,2026-05-15,False,False
BOXL,754,2023-05-15,2026-05-15,False,False
BP,754,2023-05-15,2026-05-15,False,False
BPAC,90,2026-01-06,2026-05-14,False,False
BPOP,754,2023-05-15,2026-05-15,False,False
BPRN,754,2023-05-15,2026-05-15,False,False
BQ,754,2023-05-15,2026-05-15,False,False
BR,754,2023-05-15,2026-05-15,False,False
BRAG,754,2023-05-15,2026-05-15,False,False
BRAI,65,2026-02-12,2026-05-15,False,False
BRBI,164,2025-09-19,2026-05-14,False,False
BRBR,754,2023-05-15,2026-05-15,False,False
BRBS,754,2023-05-15,2026-05-15,False,False
BRC,754,2023-05-15,2026-05-15,False,False
BRCB,170,2025-09-12,2026-05-15,False,False
BRCC,754,2023-05-15,2026-05-15,False,False
BRFH,754,2023-05-15,2026-05-15,False,False
BRIA,366,2024-11-27,2026-05-15,False,False
BRID,754,2023-05-15,2026-05-15,False,False
BRK-A,754,2023-05-15,2026-05-15,False,False
BRK-B,252,2025-05-15,2026-05-15,False,False
BRKR,754,2023-05-15,2026-05-15,False,False
BRLS,754,2023-05-15,2026-05-15,False,False
BRLT,754,2023-05-15,2026-05-15,False,False
BRN,754,2023-05-15,2026-05-15,False,False
BRO,754,2023-05-15,2026-05-15,False,False
BROS,754,2023-05-15,2026-05-15,False,False
BRR,236,2025-06-09,2026-05-15,False,False
BRT,754,2023-05-15,2026-05-15,False,False
BRTX,754,2023-05-15,2026-05-15,False,False
BRUN,345,2024-12-30,2026-05-15,False,False
BRX,754,2023-05-15,2026-05-15,False,False
BRZE,754,2023-05-15,2026-05-15,False,False
BSAC,754,2023-05-15,2026-05-15,False,False
BSBK,754,2023-05-15,2026-05-15,False,False
BSET,754,2023-05-15,2026-05-15,False,False
BSRR,754,2023-05-15,2026-05-15,False,False
BST,754,2023-05-15,2026-05-15,False,False
BSTZ,754,2023-05-15,2026-05-15,False,False
BSVN,754,2023-05-15,2026-05-15,False,False
BSX,754,2023-05-15,2026-05-15,False,False
BSY,754,2023-05-15,2026-05-15,False,False
BTAI,754,2023-05-15,2026-05-15,False,False
BTBD,754,2023-05-15,2026-05-15,False,False
BTBT,754,2023-05-15,2026-05-15,False,False
BTCS,754,2023-05-15,2026-05-15,False,False
BTCT,754,2023-05-15,2026-05-15,False,False
BTDR,754,2023-05-15,2026-05-15,False,False
BTE,754,2023-05-15,2026-05-15,False,False
BTG,754,2023-05-15,2026-05-15,False,False
BTGO,81,2026-01-21,2026-05-15,False,False
BTI,754,2023-05-15,2026-05-15,False,False
BTM,754,2023-05-15,2026-05-15,False,False
BTMD,754,2023-05-15,2026-05-15,False,False
BTOC,503,2024-05-14,2026-05-15,False,False
BTOG,754,2023-05-15,2026-05-15,False,False
BTQ,160,2025-09-26,2026-05-15,False,False
BTT,754,2023-05-15,2026-05-15,False,False
BTTC,156,2025-10-02,2026-05-15,False,False
BTU,754,2023-05-15,2026-05-15,False,False
BTX,754,2023-05-15,2026-05-15,False,False
BTZ,754,2023-05-15,2026-05-15,False,False
BUD,754,2023-05-15,2026-05-15,False,False
BUDA,89,2026-01-08,2026-05-15,False,False
BULL,754,2023-05-15,2026-05-15,False,False
BUR,754,2023-05-15,2026-05-15,False,False
BURL,754,2023-05-15,2026-05-15,False,False
BURU,754,2023-05-15,2026-05-15,False,False
BUSE,754,2023-05-15,2026-05-15,False,False
BUUU,190,2025-08-14,2026-05-15,False,False
BVC,754,2023-05-15,2026-05-15,False,False
BVFL,754,2023-05-15,2026-05-15,False,False
BVN,754,2023-05-15,2026-05-15,False,False
BVS,754,2023-05-15,2026-05-15,False,False
BW,754,2023-05-15,2026-05-15,False,False
BWA,754,2023-05-15,2026-05-15,False,False
BWB,754,2023-05-15,2026-05-15,False,False
BWEN,754,2023-05-15,2026-05-15,False,False
BWFG,754,2023-05-15,2026-05-15,False,False
BWIN,754,2023-05-15,2026-05-15,False,False
BWLP,754,2023-05-15,2026-05-15,False,False
BWMN,754,2023-05-15,2026-05-15,False,False
BWMX,754,2023-05-15,2026-05-15,False,False
BWXT,754,2023-05-15,2026-05-15,False,False
BX,754,2023-05-15,2026-05-15,False,False
BXC,754,2023-05-15,2026-05-15,False,False
BXDC,2,2026-05-14,2026-05-15,False,False
BXMT,754,2023-05-15,2026-05-15,False,False
BXP,754,2023-05-15,2026-05-15,False,False
BY,754,2023-05-15,2026-05-15,False,False
BYAH,346,2024-12-27,2026-05-15,False,False
BYD,754,2023-05-15,2026-05-15,False,False
BYFC,753,2023-05-15,2026-05-14,False,False
BYND,754,2023-05-15,2026-05-15,False,False
BYRN,754,2023-05-15,2026-05-15,False,False
BYSI,754,2023-05-15,2026-05-15,False,False
BZ,754,2023-05-15,2026-05-15,False,False
BZAI,754,2023-05-15,2026-05-15,False,False
BZFD,754,2023-05-15,2026-05-15,False,False
BZH,754,2023-05-15,2026-05-15,False,False
C,754,2023-05-15,2026-05-15,False,False
CAAP,754,2023-05-15,2026-05-15,False,False
CAAS,754,2023-05-15,2026-05-15,False,False
CABA,754,2023-05-15,2026-05-15,False,False
CABO,754,2023-05-15,2026-05-15,False,False
CABR,124,2025-11-17,2026-05-15,False,False
CAC,754,2023-05-15,2026-05-15,False,False
CACC,754,2023-05-15,2026-05-15,False,False
CACI,754,2023-05-15,2026-05-15,False,False
CADL,754,2023-05-15,2026-05-15,False,False
CAE,754,2023-05-15,2026-05-15,False,False
CAEP,224,2025-06-26,2026-05-15,False,False
CAG,754,2023-05-15,2026-05-15,False,False
CAH,754,2023-05-15,2026-05-15,False,False
CAI,229,2025-06-18,2026-05-15,False,False
CAKE,754,2023-05-15,2026-05-15,False,False
CAL,754,2023-05-15,2026-05-15,False,False
CALC,733,2023-06-14,2026-05-15,False,False
CALM,754,2023-05-15,2026-05-15,False,False
CALX,754,2023-05-15,2026-05-15,False,False
CALY,754,2023-05-15,2026-05-15,False,False
CAMP,399,2024-10-11,2026-05-15,False,False
CAMT,754,2023-05-15,2026-05-15,False,False
CANG,754,2023-05-15,2026-05-15,False,False
CAPR,754,2023-05-15,2026-05-15,False,False
CAPS,754,2023-05-15,2026-05-15,False,False
CAR,754,2023-05-15,2026-05-15,False,False
CARE,754,2023-05-15,2026-05-15,False,False
CARG,754,2023-05-15,2026-05-15,False,False
CARL,206,2025-07-23,2026-05-15,False,False
CARR,754,2023-05-15,2026-05-15,False,False
CARS,754,2023-05-15,2026-05-15,False,False
CART,667,2023-09-19,2026-05-15,False,False
CASH,754,2023-05-15,2026-05-15,False,False
CASS,754,2023-05-15,2026-05-15,False,False
CAST,48,2026-03-10,2026-05-15,False,False
CASY,754,2023-05-15,2026-05-15,False,False
CAT,754,2023-05-15,2026-05-15,False,False
CATO,754,2023-05-15,2026-05-15,False,False
CATX,754,2023-05-15,2026-05-15,False,False
CATY,754,2023-05-15,2026-05-15,False,False
CAVA,732,2023-06-15,2026-05-15,False,False
CB,754,2023-05-15,2026-05-15,False,False
CBAN,754,2023-05-15,2026-05-15,False,False
CBAT,754,2023-05-15,2026-05-15,False,False
CBC,120,2025-11-21,2026-05-15,False,False
CBFV,754,2023-05-15,2026-05-15,False,False
CBIO,754,2023-05-15,2026-05-15,False,False
CBK,156,2025-10-02,2026-05-15,False,False
CBL,754,2023-05-15,2026-05-15,False,False
CBLL,399,2024-10-11,2026-05-15,False,False
CBNA,404,2024-10-04,2026-05-15,False,False
CBNK,754,2023-05-15,2026-05-15,False,False
CBOE,754,2023-05-15,2026-05-15,False,False
CBRE,754,2023-05-15,2026-05-15,False,False
CBRL,754,2023-05-15,2026-05-15,False,False
CBRS,2,2026-05-14,2026-05-15,False,False
CBSH,754,2023-05-15,2026-05-15,False,False
CBT,754,2023-05-15,2026-05-15,False,False
CBUS,754,2023-05-15,2026-05-15,False,False
CBZ,754,2023-05-15,2026-05-15,False,False
CC,754,2023-05-15,2026-05-15,False,False
CCAP,754,2023-05-15,2026-05-15,False,False
CCB,754,2023-05-15,2026-05-15,False,False
CCBG,754,2023-05-15,2026-05-15,False,False
CCC,754,2023-05-15,2026-05-15,False,False
CCCC,754,2023-05-15,2026-05-15,False,False
CCEC,754,2023-05-15,2026-05-15,False,False
CCEL,754,2023-05-15,2026-05-15,False,False
CCEP,754,2023-05-15,2026-05-15,False,False
CCG,668,2023-09-18,2026-05-15,False,False
CCHH,155,2025-10-03,2026-05-15,False,False
CCI,754,2023-05-15,2026-05-15,False,False
CCIX,477,2024-06-21,2026-05-15,False,False
CCJ,754,2023-05-15,2026-05-15,False,False
CCK,754,2023-05-15,2026-05-15,False,False
CCL,754,2023-05-15,2026-05-15,False,False
CCLD,754,2023-05-15,2026-05-15,False,False
CCNE,754,2023-05-15,2026-05-15,False,False
CCO,754,2023-05-15,2026-05-15,False,False
CCOI,754,2023-05-15,2026-05-15,False,False
CCRN,754,2023-05-15,2026-05-15,False,False
CCSI,754,2023-05-15,2026-05-15,False,False
CCTG,584,2024-01-18,2026-05-15,False,False
CCU,754,2023-05-15,2026-05-15,False,False
CCXI,68,2026-02-09,2026-05-15,False,False
CCZ,753,2023-05-15,2026-05-14,False,False
CD,754,2023-05-15,2026-05-15,False,False
CDE,754,2023-05-15,2026-05-15,False,False
CDIO,754,2023-05-15,2026-05-15,False,False
CDLX,754,2023-05-15,2026-05-15,False,False
CDNA,754,2023-05-15,2026-05-15,False,False
CDNL,108,2025-12-10,2026-05-15,False,False
CDNS,754,2023-05-15,2026-05-15,False,False
CDP,754,2023-05-15,2026-05-15,False,False
CDRE,754,2023-05-15,2026-05-15,False,False
CDRO,754,2023-05-15,2026-05-15,False,False
CDT,754,2023-05-15,2026-05-15,False,False
CDTG,519,2024-04-19,2026-05-14,False,False
CDW,754,2023-05-15,2026-05-15,False,False
CDXS,754,2023-05-15,2026-05-15,False,False
CDZI,754,2023-05-15,2026-05-15,False,False
CE,754,2023-05-15,2026-05-15,False,False
CECO,754,2023-05-15,2026-05-15,False,False
CEG,754,2023-05-15,2026-05-15,False,False
CELC,754,2023-05-15,2026-05-15,False,False
CELH,754,2023-05-15,2026-05-15,False,False
CELU,754,2023-05-15,2026-05-15,False,False
CELZ,754,2023-05-15,2026-05-15,False,False
CENN,754,2023-05-15,2026-05-15,False,False
CENT,754,2023-05-15,2026-05-15,False,False
CENTA,754,2023-05-15,2026-05-15,False,False
CENX,754,2023-05-15,2026-05-15,False,False
CEPF,184,2025-08-21,2026-05-14,False,False
CEPO,339,2025-01-07,2026-05-14,False,False
CEPS,69,2026-02-05,2026-05-14,False,False
CEPT,261,2025-05-02,2026-05-15,False,False
CEPV,132,2025-11-04,2026-05-14,False,False
CERS,754,2023-05-15,2026-05-15,False,False
CERT,754,2023-05-15,2026-05-15,False,False
CET,754,2023-05-15,2026-05-15,False,False
CETX,754,2023-05-15,2026-05-15,False,False
CETY,754,2023-05-15,2026-05-15,False,False
CEV,754,2023-05-15,2026-05-15,False,False
CEVA,754,2023-05-15,2026-05-15,False,False
CF,754,2023-05-15,2026-05-15,False,False
CFBK,754,2023-05-15,2026-05-15,False,False
CFFI,754,2023-05-15,2026-05-15,False,False
CFFN,754,2023-05-15,2026-05-15,False,False
CFG,754,2023-05-15,2026-05-15,False,False
CFR,754,2023-05-15,2026-05-15,False,False
CG,754,2023-05-15,2026-05-15,False,False
CGAU,754,2023-05-15,2026-05-15,False,False
CGC,754,2023-05-15,2026-05-15,False,False
CGCT,226,2025-06-24,2026-05-15,False,False
CGEM,754,2023-05-15,2026-05-15,False,False
CGEN,754,2023-05-15,2026-05-15,False,False
CGNT,754,2023-05-15,2026-05-15,False,False
CGNX,754,2023-05-15,2026-05-15,False,False
CGON,579,2024-01-25,2026-05-15,False,False
CGTL,367,2024-11-26,2026-05-15,False,False
CGTX,754,2023-05-15,2026-05-15,False,False
CHAI,754,2023-05-15,2026-05-15,False,False
CHCI,754,2023-05-15,2026-05-15,False,False
CHCO,754,2023-05-15,2026-05-15,False,False
CHD,754,2023-05-15,2026-05-15,False,False
CHDN,754,2023-05-15,2026-05-15,False,False
CHE,754,2023-05-15,2026-05-15,False,False
CHEC,127,2025-11-11,2026-05-14,False,False
CHEF,754,2023-05-15,2026-05-15,False,False
CHGG,754,2023-05-15,2026-05-15,False,False
CHH,754,2023-05-15,2026-05-15,False,False
CHKP,754,2023-05-15,2026-05-15,False,False
CHMG,754,2023-05-15,2026-05-15,False,False
CHMI,754,2023-05-15,2026-05-15,False,False
CHNR,754,2023-05-15,2026-05-15,False,False
CHOW,168,2025-09-16,2026-05-15,False,False
CHPT,754,2023-05-15,2026-05-15,False,False
CHR,754,2023-05-15,2026-05-15,False,False
CHRD,754,2023-05-15,2026-05-15,False,False
CHRN,754,2023-05-15,2026-05-15,False,False
CHRS,754,2023-05-15,2026-05-15,False,False
CHRW,754,2023-05-15,2026-05-15,False,False
CHSN,754,2023-05-15,2026-05-15,False,False
CHT,754,2023-05-15,2026-05-15,False,False
CHTR,754,2023-05-15,2026-05-15,False,False
CHWY,754,2023-05-15,2026-05-15,False,False
CHYM,233,2025-06-12,2026-05-15,False,False
CI,754,2023-05-15,2026-05-15,False,False
CIA,754,2023-05-15,2026-05-15,False,False
CIEN,754,2023-05-15,2026-05-15,False,False
CIFR,754,2023-05-15,2026-05-15,False,False
CIG-C,754,2023-05-15,2026-05-15,False,False
CIGI,754,2023-05-15,2026-05-15,False,False
CIIT,754,2023-05-15,2026-05-15,False,False
CIM,754,2023-05-15,2026-05-15,False,False
CINF,754,2023-05-15,2026-05-15,False,False
CING,754,2023-05-15,2026-05-15,False,False
CINT,754,2023-05-15,2026-05-15,False,False
CION,754,2023-05-15,2026-05-15,False,False
CISO,754,2023-05-15,2026-05-15,False,False
CISS,733,2023-06-14,2026-05-15,False,False
CITR,112,2025-12-04,2026-05-15,False,False
CIVB,754,2023-05-15,2026-05-15,False,False
CIX,754,2023-05-15,2026-05-15,False,False
CJMB,321,2025-02-05,2026-05-15,False,False
CKX,754,2023-05-15,2026-05-15,False,False
CL,754,2023-05-15,2026-05-15,False,False
CLAR,754,2023-05-15,2026-05-15,False,False
CLB,754,2023-05-15,2026-05-15,False,False
CLBK,754,2023-05-15,2026-05-15,False,False
CLBT,754,2023-05-15,2026-05-15,False,False
CLDI,754,2023-05-15,2026-05-15,False,False
CLDT,754,2023-05-15,2026-05-15,False,False
CLDX,754,2023-05-15,2026-05-15,False,False
CLF,754,2023-05-15,2026-05-15,False,False
CLFD,754,2023-05-15,2026-05-15,False,False
CLGN,754,2023-05-15,2026-05-15,False,False
CLH,754,2023-05-15,2026-05-15,False,False
CLIK,401,2024-10-09,2026-05-15,False,False
CLIR,754,2023-05-15,2026-05-15,False,False
CLMB,754,2023-05-15,2026-05-15,False,False
CLMT,754,2023-05-15,2026-05-15,False,False
CLNE,754,2023-05-15,2026-05-15,False,False
CLNN,754,2023-05-15,2026-05-15,False,False
CLOV,754,2023-05-15,2026-05-15,False,False
CLPR,754,2023-05-15,2026-05-15,False,False
CLPS,754,2023-05-15,2026-05-15,False,False
CLPT,754,2023-05-15,2026-05-15,False,False
CLRB,754,2023-05-15,2026-05-15,False,False
CLRO,753,2023-05-15,2026-05-14,False,False
CLS,754,2023-05-15,2026-05-15,False,False
CLSK,754,2023-05-15,2026-05-15,False,False
CLST,753,2023-05-15,2026-05-14,False,False
CLVT,754,2023-05-15,2026-05-15,False,False
CLW,754,2023-05-15,2026-05-15,False,False
CLWT,754,2023-05-15,2026-05-15,False,False
CLX,754,2023-05-15,2026-05-15,False,False
CLYM,754,2023-05-15,2026-05-15,False,False
CM,754,2023-05-15,2026-05-15,False,False
CMBT,754,2023-05-15,2026-05-15,False,False
CMC,754,2023-05-15,2026-05-15,False,False
CMCL,754,2023-05-15,2026-05-15,False,False
CMCO,754,2023-05-15,2026-05-15,False,False
CMCSA,754,2023-05-15,2026-05-15,False,False
CMCT,754,2023-05-15,2026-05-15,False,False
CMDB,262,2025-05-01,2026-05-15,False,False
CME,754,2023-05-15,2026-05-15,False,False
CMG,754,2023-05-15,2026-05-15,False,False
CMI,754,2023-05-15,2026-05-15,False,False
CMII,54,2026-02-27,2026-05-14,False,False
CMND,754,2023-05-15,2026-05-15,False,False
CMP,754,2023-05-15,2026-05-15,False,False
CMPR,754,2023-05-15,2026-05-15,False,False
CMPS,754,2023-05-15,2026-05-15,False,False
CMPX,754,2023-05-15,2026-05-15,False,False
CMRC,754,2023-05-15,2026-05-15,False,False
CMRE,754,2023-05-15,2026-05-15,False,False
CMS,754,2023-05-15,2026-05-15,False,False
CMT,754,2023-05-15,2026-05-15,False,False
CMTG,754,2023-05-15,2026-05-15,False,False
CMTL,754,2023-05-15,2026-05-15,False,False
CMU,754,2023-05-15,2026-05-15,False,False
CNA,754,2023-05-15,2026-05-15,False,False
CNC,754,2023-05-15,2026-05-15,False,False
CNCK,754,2023-05-15,2026-05-15,False,False
CNDT,754,2023-05-15,2026-05-15,False,False
CNET,754,2023-05-15,2026-05-15,False,False
CNEY,754,2023-05-15,2026-05-15,False,False
CNH,754,2023-05-15,2026-05-15,False,False
CNI,754,2023-05-15,2026-05-15,False,False
CNK,754,2023-05-15,2026-05-15,False,False
CNL,754,2023-05-15,2026-05-15,False,False
CNM,754,2023-05-15,2026-05-15,False,False
CNMD,754,2023-05-15,2026-05-15,False,False
CNNE,754,2023-05-15,2026-05-15,False,False
CNO,754,2023-05-15,2026-05-15,False,False
CNOB,754,2023-05-15,2026-05-15,False,False
CNP,754,2023-05-15,2026-05-15,False,False
CNQ,754,2023-05-15,2026-05-15,False,False
CNR,754,2023-05-15,2026-05-15,False,False
CNS,754,2023-05-15,2026-05-15,False,False
CNSP,754,2023-05-15,2026-05-15,False,False
CNTB,754,2023-05-15,2026-05-15,False,False
CNTN,754,2023-05-15,2026-05-15,False,False
CNTX,754,2023-05-15,2026-05-15,False,False
CNTY,754,2023-05-15,2026-05-15,False,False
CNVS,754,2023-05-15,2026-05-15,False,False
CNX,754,2023-05-15,2026-05-15,False,False
CNXC,754,2023-05-15,2026-05-15,False,False
CNXN,754,2023-05-15,2026-05-15,False,False
COAG,11,2026-05-01,2026-05-15,False,False
COCH,754,2023-05-15,2026-05-15,False,False
COCO,754,2023-05-15,2026-05-15,False,False
COCP,754,2023-05-15,2026-05-15,False,False
CODA,754,2023-05-15,2026-05-15,False,False
CODI,754,2023-05-15,2026-05-15,False,False
CODX,754,2023-05-15,2026-05-15,False,False
COF,754,2023-05-15,2026-05-15,False,False
COFS,754,2023-05-15,2026-05-15,False,False
COGT,754,2023-05-15,2026-05-15,False,False
COHN,754,2023-05-15,2026-05-15,False,False
COHR,754,2023-05-15,2026-05-15,False,False
COHU,754,2023-05-15,2026-05-15,False,False
COIN,754,2023-05-15,2026-05-15,False,False
COKE,754,2023-05-15,2026-05-15,False,False
COLB,754,2023-05-15,2026-05-15,False,False
COLD,754,2023-05-15,2026-05-15,False,False
COLL,754,2023-05-15,2026-05-15,False,False
COLM,754,2023-05-15,2026-05-15,False,False
COMP,754,2023-05-15,2026-05-15,False,False
CON,454,2024-07-25,2026-05-15,False,False
COO,754,2023-05-15,2026-05-15,False,False
COOK,754,2023-05-15,2026-05-15,False,False
COOT,754,2023-05-15,2026-05-15,False,False
COP,754,2023-05-15,2026-05-15,False,False
COR,754,2023-05-15,2026-05-15,False,False
CORT,754,2023-05-15,2026-05-15,False,False
CORZ,580,2024-01-24,2026-05-15,False,False
COSM,754,2023-05-15,2026-05-15,False,False
COSO,257,2025-05-08,2026-05-15,False,False
COST,252,2025-05-15,2026-05-15,False,False
COTY,754,2023-05-15,2026-05-15,False,False
COUR,754,2023-05-15,2026-05-15,False,False
COYA,754,2023-05-15,2026-05-15,False,False
CP,754,2023-05-15,2026-05-15,False,False
CPA,754,2023-05-15,2026-05-15,False,False
CPAY,754,2023-05-15,2026-05-15,False,False
CPB,754,2023-05-15,2026-05-15,False,False
CPBI,643,2023-10-20,2026-05-14,False,False
CPF,754,2023-05-15,2026-05-15,False,False
CPHC,754,2023-05-15,2026-05-15,False,False
CPHI,754,2023-05-15,2026-05-15,False,False
CPIX,754,2023-05-15,2026-05-15,False,False
CPK,754,2023-05-15,2026-05-15,False,False
CPNG,754,2023-05-15,2026-05-15,False,False
CPOP,754,2023-05-15,2026-05-15,False,False
CPRI,754,2023-05-15,2026-05-15,False,False
CPRT,754,2023-05-15,2026-05-15,False,False
CPRX,754,2023-05-15,2026-05-15,False,False
CPS,754,2023-05-15,2026-05-15,False,False
CPSH,754,2023-05-15,2026-05-15,False,False
CPSS,754,2023-05-15,2026-05-15,False,False
CPT,754,2023-05-15,2026-05-15,False,False
CR,754,2023-05-15,2026-05-15,False,False
CRAI,754,2023-05-15,2026-05-15,False,False
CRBG,754,2023-05-15,2026-05-15,False,False
CRBP,754,2023-05-15,2026-05-15,False,False
CRBU,754,2023-05-15,2026-05-15,False,False
CRC,754,2023-05-15,2026-05-15,False,False
CRCL,238,2025-06-05,2026-05-15,False,False
CRCT,754,2023-05-15,2026-05-15,False,False
CRD-A,754,2023-05-15,2026-05-15,False,False
CRD-B,754,2023-05-15,2026-05-15,False,False
CRDF,754,2023-05-15,2026-05-15,False,False
CRDL,754,2023-05-15,2026-05-15,False,False
CRDO,754,2023-05-15,2026-05-15,False,False
CRE,206,2025-07-23,2026-05-15,False,False
CREG,754,2023-05-15,2026-05-15,False,False
CREX,754,2023-05-15,2026-05-15,False,False
CRGO,754,2023-05-15,2026-05-15,False,False
CRGY,754,2023-05-15,2026-05-15,False,False
CRH,754,2023-05-15,2026-05-15,False,False
CRI,754,2023-05-15,2026-05-15,False,False
CRIS,754,2023-05-15,2026-05-15,False,False
CRK,754,2023-05-15,2026-05-15,False,False
CRL,754,2023-05-15,2026-05-15,False,False
CRM,252,2025-05-15,2026-05-15,False,False
CRMD,754,2023-05-15,2026-05-15,False,False
CRML,754,2023-05-15,2026-05-15,False,False
CRMT,754,2023-05-15,2026-05-15,False,False
CRNC,754,2023-05-15,2026-05-15,False,False
CRNT,754,2023-05-15,2026-05-15,False,False
CRNX,754,2023-05-15,2026-05-15,False,False
CRON,754,2023-05-15,2026-05-15,False,False
CROX,754,2023-05-15,2026-05-15,False,False
CRS,754,2023-05-15,2026-05-15,False,False
CRSP,754,2023-05-15,2026-05-15,False,False
CRSR,754,2023-05-15,2026-05-15,False,False
CRT,754,2023-05-15,2026-05-15,False,False
CRUS,754,2023-05-15,2026-05-15,False,False
CRVL,754,2023-05-15,2026-05-15,False,False
CRVO,754,2023-05-15,2026-05-15,False,False
CRVS,754,2023-05-15,2026-05-15,False,False
CRWD,754,2023-05-15,2026-05-15,False,False
CRWS,754,2023-05-15,2026-05-15,False,False
CRWV,285,2025-03-28,2026-05-15,False,False
CSAI,325,2025-01-30,2026-05-15,False,False
CSAN,754,2023-05-15,2026-05-15,False,False
CSBR,753,2023-05-15,2026-05-14,False,False
CSCO,252,2025-05-15,2026-05-15,False,False
CSGP,754,2023-05-15,2026-05-15,False,False
CSHR,32,2026-04-01,2026-05-15,False,False
CSIQ,754,2023-05-15,2026-05-15,False,False
CSL,754,2023-05-15,2026-05-15,False,False
CSPI,754,2023-05-15,2026-05-15,False,False
CSR,754,2023-05-15,2026-05-15,False,False
CSTE,754,2023-05-15,2026-05-15,False,False
CSTL,754,2023-05-15,2026-05-15,False,False
CSTM,754,2023-05-15,2026-05-15,False,False
CSV,754,2023-05-15,2026-05-15,False,False
CSW,754,2023-05-15,2026-05-15,False,False
CSWC,754,2023-05-15,2026-05-15,False,False
CSX,754,2023-05-15,2026-05-15,False,False
CTAS,754,2023-05-15,2026-05-15,False,False
CTEV,754,2023-05-15,2026-05-15,False,False
CTGO,754,2023-05-15,2026-05-15,False,False
CTKB,754,2023-05-15,2026-05-15,False,False
CTM,754,2023-05-15,2026-05-15,False,False
CTMX,754,2023-05-15,2026-05-15,False,False
CTNM,530,2024-04-05,2026-05-15,False,False
CTNT,701,2023-08-01,2026-05-15,False,False
CTO,754,2023-05-15,2026-05-15,False,False
CTOR,754,2023-05-15,2026-05-15,False,False
CTOS,754,2023-05-15,2026-05-15,False,False
CTRE,754,2023-05-15,2026-05-15,False,False
CTRI,520,2024-04-19,2026-05-15,False,False
CTRM,754,2023-05-15,2026-05-15,False,False
CTRN,754,2023-05-15,2026-05-15,False,False
CTS,754,2023-05-15,2026-05-15,False,False
CTSH,754,2023-05-15,2026-05-15,False,False
CTSO,754,2023-05-15,2026-05-15,False,False
CTVA,754,2023-05-15,2026-05-15,False,False
CTW,195,2025-08-06,2026-05-14,False,False
CTXR,754,2023-05-15,2026-05-15,False,False
CUB,441,2024-08-12,2026-05-14,False,False
CUBE,754,2023-05-15,2026-05-15,False,False
CUBI,754,2023-05-15,2026-05-15,False,False
CUE,754,2023-05-15,2026-05-15,False,False
CULP,754,2023-05-15,2026-05-15,False,False
CUPR,276,2025-04-10,2026-05-15,False,False
CURB,410,2024-09-26,2026-05-15,False,False
CURI,754,2023-05-15,2026-05-15,False,False
CURR,427,2024-09-03,2026-05-15,False,False
CURV,754,2023-05-15,2026-05-15,False,False
CURX,182,2025-08-26,2026-05-15,False,False
CUZ,754,2023-05-15,2026-05-15,False,False
CV,220,2025-07-02,2026-05-15,False,False
CVBF,754,2023-05-15,2026-05-15,False,False
CVCO,754,2023-05-15,2026-05-15,False,False
CVE,754,2023-05-15,2026-05-15,False,False
CVEO,754,2023-05-15,2026-05-15,False,False
CVGI,754,2023-05-15,2026-05-15,False,False
CVGW,754,2023-05-15,2026-05-15,False,False
CVI,754,2023-05-15,2026-05-15,False,False
CVKD,754,2023-05-15,2026-05-15,False,False
CVLG,754,2023-05-15,2026-05-15,False,False
CVLT,754,2023-05-15,2026-05-15,False,False
CVM,754,2023-05-15,2026-05-15,False,False
CVNA,754,2023-05-15,2026-05-15,False,False
CVR,754,2023-05-15,2026-05-15,False,False
CVRX,754,2023-05-15,2026-05-15,False,False
CVS,754,2023-05-15,2026-05-15,False,False
CVSA,754,2023-05-15,2026-05-15,False,False
CVU,754,2023-05-15,2026-05-15,False,False
CVV,754,2023-05-15,2026-05-15,False,False
CVX,754,2023-05-15,2026-05-15,False,False
CWAN,754,2023-05-15,2026-05-15,False,False
CWCO,754,2023-05-15,2026-05-15,False,False
CWD,751,2023-05-18,2026-05-15,False,False
CWEN,754,2023-05-15,2026-05-15,False,False
CWH,754,2023-05-15,2026-05-15,False,False
CWK,754,2023-05-15,2026-05-15,False,False
CWST,754,2023-05-15,2026-05-15,False,False
CWT,754,2023-05-15,2026-05-15,False,False
CX,754,2023-05-15,2026-05-15,False,False
CXAI,754,2023-05-15,2026-05-15,False,False
CXDO,754,2023-05-15,2026-05-15,False,False
CXE,754,2023-05-15,2026-05-15,False,False
CXH,754,2023-05-15,2026-05-15,False,False
CXM,754,2023-05-15,2026-05-15,False,False
CXT,754,2023-05-15,2026-05-15,False,False
CXW,754,2023-05-15,2026-05-15,False,False
CYAB,35,2026-03-27,2026-05-15,False,False
CYCN,754,2023-05-15,2026-05-15,False,False
CYCU,313,2025-02-18,2026-05-15,False,False
CYD,754,2023-05-15,2026-05-15,False,False
CYN,754,2023-05-15,2026-05-15,False,False
CYPH,754,2023-05-15,2026-05-15,False,False
CYRX,754,2023-05-15,2026-05-15,False,False
CYTK,754,2023-05-15,2026-05-15,False,False
CZFS,754,2023-05-15,2026-05-15,False,False
CZNC,754,2023-05-15,2026-05-15,False,False
CZR,754,2023-05-15,2026-05-15,False,False
D,754,2023-05-15,2026-05-15,False,False
DAC,754,2023-05-15,2026-05-15,False,False
DAIC,227,2025-06-23,2026-05-15,False,False
DAIO,754,2023-05-15,2026-05-15,False,False
DAKT,754,2023-05-15,2026-05-15,False,False
DAL,754,2023-05-15,2026-05-15,False,False
DAN,754,2023-05-15,2026-05-15,False,False
DAR,754,2023-05-15,2026-05-15,False,False
DARE,754,2023-05-15,2026-05-15,False,False
DASH,754,2023-05-15,2026-05-15,False,False
DAVE,754,2023-05-15,2026-05-15,False,False
DB,754,2023-05-15,2026-05-15,False,False
DBCA,56,2026-02-25,2026-05-14,False,False
DBD,692,2023-08-14,2026-05-15,False,False
DBGI,754,2023-05-15,2026-05-15,False,False
DBI,754,2023-05-15,2026-05-15,False,False
DBRG,754,2023-05-15,2026-05-15,False,False
DBX,754,2023-05-15,2026-05-15,False,False
DC,754,2023-05-15,2026-05-15,False,False
DCBO,754,2023-05-15,2026-05-15,False,False
DCGO,754,2023-05-15,2026-05-15,False,False
DCH,754,2023-05-15,2026-05-15,False,False
DCI,754,2023-05-15,2026-05-15,False,False
DCO,754,2023-05-15,2026-05-15,False,False
DCOY,754,2023-05-15,2026-05-15,False,False
DCTH,754,2023-05-15,2026-05-15,False,False
DCX,754,2023-05-15,2026-05-15,False,False
DD,754,2023-05-15,2026-05-15,False,False
DDC,624,2023-11-17,2026-05-15,False,False
DDD,754,2023-05-15,2026-05-15,False,False
DDI,754,2023-05-15,2026-05-15,False,False
DDOG,754,2023-05-15,2026-05-15,False,False
DDS,754,2023-05-15,2026-05-15,False,False
DDT,754,2023-05-15,2026-05-15,False,False
DE,754,2023-05-15,2026-05-15,False,False
DEA,754,2023-05-15,2026-05-15,False,False
DEC,754,2023-05-15,2026-05-15,False,False
DECK,754,2023-05-15,2026-05-15,False,False
DEFT,439,2024-08-15,2026-05-15,False,False
DEI,754,2023-05-15,2026-05-15,False,False
DELL,754,2023-05-15,2026-05-15,False,False
DEO,754,2023-05-15,2026-05-15,False,False
DERM,754,2023-05-15,2026-05-15,False,False
DETX,19,2026-04-21,2026-05-15,False,False
DEVS,379,2024-11-08,2026-05-15,False,False
DFDV,706,2023-07-25,2026-05-15,False,False
DFH,754,2023-05-15,2026-05-15,False,False
DFIN,754,2023-05-15,2026-05-15,False,False
DFLI,754,2023-05-15,2026-05-15,False,False
DFNS,754,2023-05-15,2026-05-15,False,False
DFSC,754,2023-05-15,2026-05-15,False,False
DFTX,754,2023-05-15,2026-05-15,False,False
DG,754,2023-05-15,2026-05-15,False,False
DGICA,754,2023-05-15,2026-05-15,False,False
DGICB,753,2023-05-15,2026-05-14,False,False
DGII,754,2023-05-15,2026-05-15,False,False
DGNX,331,2025-01-22,2026-05-15,False,False
DGP,754,2023-05-15,2026-05-15,False,False
DGX,754,2023-05-15,2026-05-15,False,False
DGXX,754,2023-05-15,2026-05-15,False,False
DGZ,754,2023-05-15,2026-05-15,False,False
DH,754,2023-05-15,2026-05-15,False,False
DHC,754,2023-05-15,2026-05-15,False,False
DHI,754,2023-05-15,2026-05-15,False,False
DHR,754,2023-05-15,2026-05-15,False,False
DHT,754,2023-05-15,2026-05-15,False,False
DHX,754,2023-05-15,2026-05-15,False,False
DIBS,754,2023-05-15,2026-05-15,False,False
DIN,754,2023-05-15,2026-05-15,False,False
DINO,754,2023-05-15,2026-05-15,False,False
DIOD,754,2023-05-15,2026-05-15,False,False
DIS,754,2023-05-15,2026-05-15,False,False
DIT,754,2023-05-15,2026-05-15,False,False
DJCO,754,2023-05-15,2026-05-15,False,False
DJT,754,2023-05-15,2026-05-15,False,False
DK,754,2023-05-15,2026-05-15,False,False
DKI,194,2025-08-08,2026-05-15,False,False
DKNG,754,2023-05-15,2026-05-15,False,False
DKS,754,2023-05-15,2026-05-15,False,False
DLB,754,2023-05-15,2026-05-15,False,False
DLHC,754,2023-05-15,2026-05-15,False,False
DLO,754,2023-05-15,2026-05-15,False,False
DLPN,754,2023-05-15,2026-05-15,False,False
DLR,754,2023-05-15,2026-05-15,False,False
DLTH,754,2023-05-15,2026-05-15,False,False
DLTR,754,2023-05-15,2026-05-15,False,False
DLX,754,2023-05-15,2026-05-15,False,False
DLXY,216,2025-07-09,2026-05-15,False,False
DMAC,754,2023-05-15,2026-05-15,False,False
DMII,112,2025-12-03,2026-05-14,False,False
DMRA,754,2023-05-15,2026-05-15,False,False
DMRC,754,2023-05-15,2026-05-15,False,False
DNA,754,2023-05-15,2026-05-15,False,False
DNLI,754,2023-05-15,2026-05-15,False,False
DNMX,121,2025-11-19,2026-05-14,False,False
DNN,754,2023-05-15,2026-05-15,False,False
DNOW,754,2023-05-15,2026-05-15,False,False
DNTH,754,2023-05-15,2026-05-15,False,False
DNUT,754,2023-05-15,2026-05-15,False,False
DOC,754,2023-05-15,2026-05-15,False,False
DOCN,754,2023-05-15,2026-05-15,False,False
DOCS,754,2023-05-15,2026-05-15,False,False
DOCU,754,2023-05-15,2026-05-15,False,False
DOGZ,754,2023-05-15,2026-05-15,False,False
DOLE,754,2023-05-15,2026-05-15,False,False
DOMH,754,2023-05-15,2026-05-15,False,False
DOMO,754,2023-05-15,2026-05-15,False,False
DOO,754,2023-05-15,2026-05-15,False,False
DORM,754,2023-05-15,2026-05-15,False,False
DOUG,754,2023-05-15,2026-05-15,False,False
DOV,754,2023-05-15,2026-05-15,False,False
DOW,754,2023-05-15,2026-05-15,False,False
DOX,754,2023-05-15,2026-05-15,False,False
DPRO,754,2023-05-15,2026-05-15,False,False
DPZ,754,2023-05-15,2026-05-15,False,False
DRCT,754,2023-05-15,2026-05-15,False,False
DRH,754,2023-05-15,2026-05-15,False,False
DRI,754,2023-05-15,2026-05-15,False,False
DRIO,753,2023-05-15,2026-05-14,False,False
DRMA,754,2023-05-15,2026-05-15,False,False
DRS,754,2023-05-15,2026-05-15,False,False
DRTS,754,2023-05-15,2026-05-15,False,False
DRVN,754,2023-05-15,2026-05-15,False,False
DSGN,754,2023-05-15,2026-05-15,False,False
DSGR,754,2023-05-15,2026-05-15,False,False
DSGX,754,2023-05-15,2026-05-15,False,False
DSP,754,2023-05-15,2026-05-15,False,False
DSS,754,2023-05-15,2026-05-15,False,False
DSWL,754,2023-05-15,2026-05-15,False,False
DSX,754,2023-05-15,2026-05-15,False,False
DSY,754,2023-05-15,2026-05-15,False,False
DT,754,2023-05-15,2026-05-15,False,False
DTB,754,2023-05-15,2026-05-15,False,False
DTCX,754,2023-05-15,2026-05-15,False,False
DTE,754,2023-05-15,2026-05-15,False,False
DTG,754,2023-05-15,2026-05-15,False,False
DTI,754,2023-05-15,2026-05-15,False,False
DTIL,754,2023-05-15,2026-05-15,False,False
DTK,164,2025-09-22,2026-05-15,False,False
DTM,754,2023-05-15,2026-05-15,False,False
DTSS,754,2023-05-15,2026-05-15,False,False
DTST,754,2023-05-15,2026-05-15,False,False
DTW,754,2023-05-15,2026-05-15,False,False
DUK,754,2023-05-15,2026-05-15,False,False
DUKB,754,2023-05-15,2026-05-15,False,False
DUKR,754,2023-05-15,2026-05-15,False,False
DUO,754,2023-05-15,2026-05-15,False,False
DUOL,754,2023-05-15,2026-05-15,False,False
DUOT,754,2023-05-15,2026-05-15,False,False
DV,754,2023-05-15,2026-05-15,False,False
DVA,754,2023-05-15,2026-05-15,False,False
DVLT,754,2023-05-15,2026-05-15,False,False
DVN,754,2023-05-15,2026-05-15,False,False
DWSN,754,2023-05-15,2026-05-15,False,False
DWTX,754,2023-05-15,2026-05-15,False,False
DX,754,2023-05-15,2026-05-15,False,False
DXC,754,2023-05-15,2026-05-15,False,False
DXCM,754,2023-05-15,2026-05-15,False,False
DXLG,754,2023-05-15,2026-05-15,False,False
DXPE,754,2023-05-15,2026-05-15,False,False
DXST,331,2025-01-22,2026-05-15,False,False
DXYZ,537,2024-03-26,2026-05-15,False,False
DY,754,2023-05-15,2026-05-15,False,False
DYAI,754,2023-05-15,2026-05-15,False,False
DYN,754,2023-05-15,2026-05-15,False,False
DYNC,359,2024-12-09,2026-05-15,False,False
DYOR,123,2025-11-18,2026-05-15,False,False
DZZ,754,2023-05-15,2026-05-15,False,False
E,754,2023-05-15,2026-05-15,False,False
EA,754,2023-05-15,2026-05-15,False,False
EAF,754,2023-05-15,2026-05-15,False,False
EAI,76,2026-01-28,2026-05-15,False,False
EARN,754,2023-05-15,2026-05-15,False,False
EAT,754,2023-05-15,2026-05-15,False,False
EBAY,754,2023-05-15,2026-05-15,False,False
EBC,754,2023-05-15,2026-05-15,False,False
EBF,754,2023-05-15,2026-05-15,False,False
EBMT,754,2023-05-15,2026-05-15,False,False
EBON,754,2023-05-15,2026-05-15,False,False
EBS,754,2023-05-15,2026-05-15,False,False
ECAT,754,2023-05-15,2026-05-15,False,False
ECBK,754,2023-05-15,2026-05-15,False,False
ECC,754,2023-05-15,2026-05-15,False,False
ECG,388,2024-10-28,2026-05-15,False,False
ECL,754,2023-05-15,2026-05-15,False,False
ECO,692,2023-08-14,2026-05-15,False,False
ECOR,754,2023-05-15,2026-05-15,False,False
ECPG,754,2023-05-15,2026-05-15,False,False
ECVT,754,2023-05-15,2026-05-15,False,False
ECX,754,2023-05-15,2026-05-15,False,False
ED,754,2023-05-15,2026-05-15,False,False
EDBL,754,2023-05-15,2026-05-15,False,False
EDIT,754,2023-05-15,2026-05-15,False,False
EDRY,754,2023-05-15,2026-05-15,False,False
EDSA,754,2023-05-15,2026-05-15,False,False
EDTK,753,2023-05-15,2026-05-14,False,False
EDU,754,2023-05-15,2026-05-15,False,False
EDUC,754,2023-05-15,2026-05-15,False,False
EE,754,2023-05-15,2026-05-15,False,False
EEFT,754,2023-05-15,2026-05-15,False,False
EEIQ,754,2023-05-15,2026-05-15,False,False
EEX,754,2023-05-15,2026-05-15,False,False
EFC,754,2023-05-15,2026-05-15,False,False
EFOI,754,2023-05-15,2026-05-15,False,False
EFOR,754,2023-05-15,2026-05-15,False,False
EFSC,754,2023-05-15,2026-05-15,False,False
EFSI,754,2023-05-15,2026-05-15,False,False
EFT,754,2023-05-15,2026-05-15,False,False
EFTY,193,2025-08-08,2026-05-14,False,False
EFX,754,2023-05-15,2026-05-15,False,False
EFXT,754,2023-05-15,2026-05-15,False,False
EG,754,2023-05-15,2026-05-15,False,False
EGAN,754,2023-05-15,2026-05-15,False,False
EGBN,754,2023-05-15,2026-05-15,False,False
EGG,229,2025-06-18,2026-05-15,False,False
EGHT,754,2023-05-15,2026-05-15,False,False
EGO,754,2023-05-15,2026-05-15,False,False
EGP,754,2023-05-15,2026-05-15,False,False
EGY,754,2023-05-15,2026-05-15,False,False
EH,754,2023-05-15,2026-05-15,False,False
EHC,754,2023-05-15,2026-05-15,False,False
EHGO,470,2024-07-02,2026-05-15,False,False
EHLD,300,2025-03-07,2026-05-15,False,False
EHTH,754,2023-05-15,2026-05-15,False,False
EIC,754,2023-05-15,2026-05-15,False,False
EIG,754,2023-05-15,2026-05-15,False,False
EIKN,70,2026-02-05,2026-05-15,False,False
EIX,754,2023-05-15,2026-05-15,False,False
EJH,754,2023-05-15,2026-05-15,False,False
EL,754,2023-05-15,2026-05-15,False,False
ELA,754,2023-05-15,2026-05-15,False,False
ELAB,622,2023-11-21,2026-05-15,False,False
ELAN,754,2023-05-15,2026-05-15,False,False
ELBM,754,2023-05-15,2026-05-15,False,False
ELC,754,2023-05-15,2026-05-15,False,False
ELDN,754,2023-05-15,2026-05-15,False,False
ELE,754,2023-05-15,2026-05-15,False,False
ELF,754,2023-05-15,2026-05-15,False,False
ELLO,754,2023-05-15,2026-05-15,False,False
ELMD,754,2023-05-15,2026-05-15,False,False
ELMT,17,2026-04-23,2026-05-15,False,False
ELOG,180,2025-08-28,2026-05-15,False,False
ELPW,754,2023-05-15,2026-05-15,False,False
ELS,754,2023-05-15,2026-05-15,False,False
ELSE,754,2023-05-15,2026-05-15,False,False
ELTK,754,2023-05-15,2026-05-15,False,False
ELTX,754,2023-05-15,2026-05-15,False,False
ELUT,754,2023-05-15,2026-05-15,False,False
ELV,754,2023-05-15,2026-05-15,False,False
ELVA,754,2023-05-15,2026-05-15,False,False
ELVN,754,2023-05-15,2026-05-15,False,False
ELVR,178,2025-09-02,2026-05-15,False,False
ELWT,132,2025-11-05,2026-05-15,False,False
EMA,754,2023-05-15,2026-05-15,False,False
EMAT,90,2026-01-07,2026-05-15,False,False
EMBC,754,2023-05-15,2026-05-15,False,False
EMBJ,754,2023-05-15,2026-05-15,False,False
EME,754,2023-05-15,2026-05-15,False,False
EML,754,2023-05-15,2026-05-15,False,False
EMN,754,2023-05-15,2026-05-15,False,False
EMP,76,2026-01-28,2026-05-15,False,False
EMPD,754,2023-05-15,2026-05-15,False,False
EMPG,219,2025-07-02,2026-05-14,False,False
EMR,754,2023-05-15,2026-05-15,False,False
ENB,754,2023-05-15,2026-05-15,False,False
ENGN,754,2023-05-15,2026-05-15,False,False
ENGS,283,2025-04-01,2026-05-15,False,False
ENHA,6,2026-05-08,2026-05-15,False,False
ENJ,754,2023-05-15,2026-05-15,False,False
ENLT,754,2023-05-15,2026-05-15,False,False
ENLV,754,2023-05-15,2026-05-15,False,False
ENO,754,2023-05-15,2026-05-15,False,False
ENOV,754,2023-05-15,2026-05-15,False,False
ENPH,754,2023-05-15,2026-05-15,False,False
ENR,754,2023-05-15,2026-05-15,False,False
ENS,754,2023-05-15,2026-05-15,False,False
ENSC,754,2023-05-15,2026-05-15,False,False
ENSG,754,2023-05-15,2026-05-15,False,False
ENTA,754,2023-05-15,2026-05-15,False,False
ENTG,754,2023-05-15,2026-05-15,False,False
ENTX,754,2023-05-15,2026-05-15,False,False
ENVA,754,2023-05-15,2026-05-15,False,False
ENVB,754,2023-05-15,2026-05-15,False,False
ENVX,754,2023-05-15,2026-05-15,False,False
EOG,754,2023-05-15,2026-05-15,False,False
EOLS,754,2023-05-15,2026-05-15,False,False
EONR,754,2023-05-15,2026-05-15,False,False
EOSE,754,2023-05-15,2026-05-15,False,False
EP,754,2023-05-15,2026-05-15,False,False
EPAC,754,2023-05-15,2026-05-15,False,False
EPAM,754,2023-05-15,2026-05-15,False,False
EPC,754,2023-05-15,2026-05-15,False,False
EPD,754,2023-05-15,2026-05-15,False,False
EPM,754,2023-05-15,2026-05-15,False,False
EPOW,754,2023-05-15,2026-05-15,False,False
EPR,754,2023-05-15,2026-05-15,False,False
EPRT,754,2023-05-15,2026-05-15,False,False
EPRX,530,2024-04-05,2026-05-15,False,False
EPSM,287,2025-03-26,2026-05-15,False,False
EPSN,754,2023-05-15,2026-05-15,False,False
EQ,754,2023-05-15,2026-05-15,False,False
EQBK,754,2023-05-15,2026-05-15,False,False
EQH,754,2023-05-15,2026-05-15,False,False
EQIX,754,2023-05-15,2026-05-15,False,False
EQNR,754,2023-05-15,2026-05-15,False,False
EQPT,79,2026-01-23,2026-05-15,False,False
EQR,754,2023-05-15,2026-05-15,False,False
EQS,754,2023-05-15,2026-05-15,False,False
EQT,754,2023-05-15,2026-05-15,False,False
EQX,754,2023-05-15,2026-05-15,False,False
ERAS,754,2023-05-15,2026-05-15,False,False
ERIE,754,2023-05-15,2026-05-15,False,False
ERII,754,2023-05-15,2026-05-15,False,False
ERNA,754,2023-05-15,2026-05-15,False,False
ERO,754,2023-05-15,2026-05-15,False,False
EROK,2,2026-05-14,2026-05-15,False,False
ES,754,2023-05-15,2026-05-15,False,False
ESAB,754,2023-05-15,2026-05-15,False,False
ESCA,754,2023-05-15,2026-05-15,False,False
ESE,754,2023-05-15,2026-05-15,False,False
ESEA,754,2023-05-15,2026-05-15,False,False
ESI,754,2023-05-15,2026-05-15,False,False
ESLA,754,2023-05-15,2026-05-15,False,False
ESLT,754,2023-05-15,2026-05-15,False,False
ESNT,754,2023-05-15,2026-05-15,False,False
ESOA,754,2023-05-15,2026-05-15,False,False
ESP,754,2023-05-15,2026-05-15,False,False
ESPR,754,2023-05-15,2026-05-15,False,False
ESQ,754,2023-05-15,2026-05-15,False,False
ESRT,754,2023-05-15,2026-05-15,False,False
ESS,754,2023-05-15,2026-05-15,False,False
ESTA,754,2023-05-15,2026-05-15,False,False
ESTC,754,2023-05-15,2026-05-15,False,False
ETD,754,2023-05-15,2026-05-15,False,False
ETN,754,2023-05-15,2026-05-15,False,False
ETO,754,2023-05-15,2026-05-15,False,False
ETON,754,2023-05-15,2026-05-15,False,False
ETOR,254,2025-05-13,2026-05-15,False,False
ETR,754,2023-05-15,2026-05-15,False,False
ETS,185,2025-08-21,2026-05-15,False,False
ETSY,754,2023-05-15,2026-05-15,False,False
ETX,754,2023-05-15,2026-05-15,False,False
EU,754,2023-05-15,2026-05-15,False,False
EUDA,754,2023-05-15,2026-05-15,False,False
EVC,754,2023-05-15,2026-05-15,False,False
EVCM,754,2023-05-15,2026-05-15,False,False
EVER,754,2023-05-15,2026-05-15,False,False
EVEX,754,2023-05-15,2026-05-15,False,False
EVF,754,2023-05-15,2026-05-15,False,False
EVGN,754,2023-05-15,2026-05-15,False,False
EVGO,754,2023-05-15,2026-05-15,False,False
EVH,754,2023-05-15,2026-05-15,False,False
EVI,754,2023-05-15,2026-05-15,False,False
EVLV,754,2023-05-15,2026-05-15,False,False
EVMN,131,2025-11-06,2026-05-15,False,False
EVN,754,2023-05-15,2026-05-15,False,False
EVR,754,2023-05-15,2026-05-15,False,False
EVRG,754,2023-05-15,2026-05-15,False,False
EVTC,754,2023-05-15,2026-05-15,False,False
EVTL,754,2023-05-15,2026-05-15,False,False
EVTV,754,2023-05-15,2026-05-15,False,False
EW,754,2023-05-15,2026-05-15,False,False
EWBC,754,2023-05-15,2026-05-15,False,False
EWTX,754,2023-05-15,2026-05-15,False,False
EXC,754,2023-05-15,2026-05-15,False,False
EXE,754,2023-05-15,2026-05-15,False,False
EXEL,754,2023-05-15,2026-05-15,False,False
EXFY,754,2023-05-15,2026-05-15,False,False
EXK,754,2023-05-15,2026-05-15,False,False
EXLS,754,2023-05-15,2026-05-15,False,False
EXOD,754,2023-05-15,2026-05-15,False,False
EXOZ,376,2024-11-13,2026-05-15,False,False
EXP,754,2023-05-15,2026-05-15,False,False
EXPD,754,2023-05-15,2026-05-15,False,False
EXPE,754,2023-05-15,2026-05-15,False,False
EXPO,754,2023-05-15,2026-05-15,False,False
EXR,754,2023-05-15,2026-05-15,False,False
EXTR,754,2023-05-15,2026-05-15,False,False
EYE,754,2023-05-15,2026-05-15,False,False
EYPT,754,2023-05-15,2026-05-15,False,False
EZGO,754,2023-05-15,2026-05-15,False,False
EZPW,754,2023-05-15,2026-05-15,False,False
EZRA,754,2023-05-15,2026-05-15,False,False
F,754,2023-05-15,2026-05-15,False,False
FA,754,2023-05-15,2026-05-15,False,False
FABC,754,2023-05-15,2026-05-15,False,False
FAF,754,2023-05-15,2026-05-15,False,False
FAMI,754,2023-05-15,2026-05-15,False,False
FANG,754,2023-05-15,2026-05-15,False,False
FAST,754,2023-05-15,2026-05-15,False,False
FATE,754,2023-05-15,2026-05-15,False,False
FATN,278,2025-04-08,2026-05-15,False,False
FBGL,320,2025-02-06,2026-05-15,False,False
FBIN,754,2023-05-15,2026-05-15,False,False
FBIO,754,2023-05-15,2026-05-15,False,False
FBIZ,754,2023-05-15,2026-05-15,False,False
FBK,754,2023-05-15,2026-05-15,False,False
FBLA,391,2024-10-23,2026-05-15,False,False
FBLG,575,2024-01-31,2026-05-15,False,False
FBNC,754,2023-05-15,2026-05-15,False,False
FBP,754,2023-05-15,2026-05-15,False,False
FBRT,754,2023-05-15,2026-05-15,False,False
FBRX,754,2023-05-15,2026-05-15,False,False
FBYD,654,2023-10-06,2026-05-15,False,False
FC,754,2023-05-15,2026-05-15,False,False
FCAP,754,2023-05-15,2026-05-15,False,False
FCEL,754,2023-05-15,2026-05-15,False,False
FCF,754,2023-05-15,2026-05-15,False,False
FCFS,754,2023-05-15,2026-05-15,False,False
FCHL,176,2025-09-04,2026-05-15,False,False
FCN,754,2023-05-15,2026-05-15,False,False
FCNCA,754,2023-05-15,2026-05-15,False,False
FCPT,754,2023-05-15,2026-05-15,False,False
FCUV,754,2023-05-15,2026-05-15,False,False
FCX,754,2023-05-15,2026-05-15,False,False
FDBC,754,2023-05-15,2026-05-15,False,False
FDMT,754,2023-05-15,2026-05-15,False,False
FDP,754,2023-05-15,2026-05-15,False,False
FDS,754,2023-05-15,2026-05-15,False,False
FDSB,448,2024-08-01,2026-05-14,False,False
FDX,754,2023-05-15,2026-05-15,False,False
FE,754,2023-05-15,2026-05-15,False,False
FEAM,754,2023-05-15,2026-05-15,False,False
FEBO,616,2023-11-30,2026-05-15,False,False
FEED,754,2023-05-15,2026-05-15,False,False
FEIM,754,2023-05-15,2026-05-15,False,False
FELE,754,2023-05-15,2026-05-15,False,False
FEMY,754,2023-05-15,2026-05-15,False,False
FENC,754,2023-05-15,2026-05-15,False,False
FER,754,2023-05-15,2026-05-15,False,False
FERG,754,2023-05-15,2026-05-15,False,False
FET,754,2023-05-15,2026-05-15,False,False
FF,754,2023-05-15,2026-05-15,False,False
FFAI,754,2023-05-15,2026-05-15,False,False
FFBC,754,2023-05-15,2026-05-15,False,False
FFIC,754,2023-05-15,2026-05-15,False,False
FFIN,754,2023-05-15,2026-05-15,False,False
FFIV,754,2023-05-15,2026-05-15,False,False
FG,754,2023-05-15,2026-05-15,False,False
FGBI,754,2023-05-15,2026-05-15,False,False
FGI,754,2023-05-15,2026-05-15,False,False
FGL,391,2024-10-23,2026-05-15,False,False
FGMC,317,2025-02-11,2026-05-15,False,False
FGNX,754,2023-05-15,2026-05-15,False,False
FHB,754,2023-05-15,2026-05-15,False,False
FHI,754,2023-05-15,2026-05-15,False,False
FHN,754,2023-05-15,2026-05-15,False,False
FHTX,754,2023-05-15,2026-05-15,False,False
FIBK,754,2023-05-15,2026-05-15,False,False
FICO,754,2023-05-15,2026-05-15,False,False
FIEE,754,2023-05-15,2026-05-15,False,False
FIG,200,2025-07-31,2026-05-15,False,False
FIGR,171,2025-09-11,2026-05-15,False,False
FIGS,754,2023-05-15,2026-05-15,False,False
FINS,754,2023-05-15,2026-05-15,False,False
FINW,754,2023-05-15,2026-05-15,False,False
FIP,754,2023-05-15,2026-05-15,False,False
FIS,754,2023-05-15,2026-05-15,False,False
FISI,754,2023-05-15,2026-05-15,False,False
FISV,753,2023-05-15,2026-05-15,False,False
FITB,754,2023-05-15,2026-05-15,False,False
FIVE,754,2023-05-15,2026-05-15,False,False
FIVN,754,2023-05-15,2026-05-15,False,False
FIX,754,2023-05-15,2026-05-15,False,False
FIZZ,754,2023-05-15,2026-05-15,False,False
FJET,102,2025-12-18,2026-05-15,False,False
FKWL,754,2023-05-15,2026-05-15,False,False
FLD,754,2023-05-15,2026-05-15,False,False
FLEX,754,2023-05-15,2026-05-15,False,False
FLG,754,2023-05-15,2026-05-15,False,False
FLGT,754,2023-05-15,2026-05-15,False,False
FLL,754,2023-05-15,2026-05-15,False,False
FLNA,754,2023-05-15,2026-05-15,False,False
FLNC,754,2023-05-15,2026-05-15,False,False
FLNG,754,2023-05-15,2026-05-15,False,False
FLNT,754,2023-05-15,2026-05-15,False,False
FLO,754,2023-05-15,2026-05-15,False,False
FLOC,334,2025-01-16,2026-05-15,False,False
FLR,754,2023-05-15,2026-05-15,False,False
FLS,754,2023-05-15,2026-05-15,False,False
FLUT,754,2023-05-15,2026-05-15,False,False
FLUX,754,2023-05-15,2026-05-15,False,False
FLWS,754,2023-05-15,2026-05-15,False,False
FLXS,754,2023-05-15,2026-05-15,False,False
FLY,195,2025-08-07,2026-05-15,False,False
FLYE,487,2024-06-06,2026-05-15,False,False
FLYW,754,2023-05-15,2026-05-15,False,False
FLYX,596,2023-12-29,2026-05-15,False,False
FMAO,754,2023-05-15,2026-05-15,False,False
FMBH,754,2023-05-15,2026-05-15,False,False
FMC,754,2023-05-15,2026-05-15,False,False
FMFC,225,2025-06-25,2026-05-15,False,False
FMNB,754,2023-05-15,2026-05-15,False,False
FMST,720,2023-07-05,2026-05-15,False,False
FMX,754,2023-05-15,2026-05-15,False,False
FN,754,2023-05-15,2026-05-15,False,False
FNB,754,2023-05-15,2026-05-15,False,False
FND,754,2023-05-15,2026-05-15,False,False
FNF,754,2023-05-15,2026-05-15,False,False
FNGR,754,2023-05-15,2026-05-15,False,False
FNKO,754,2023-05-15,2026-05-15,False,False
FNLC,754,2023-05-15,2026-05-15,False,False
FNUC,754,2023-05-15,2026-05-15,False,False
FNV,754,2023-05-15,2026-05-15,False,False
FNWB,754,2023-05-15,2026-05-15,False,False
FNWD,754,2023-05-15,2026-05-15,False,False
FOA,754,2023-05-15,2026-05-15,False,False
FOFO,170,2025-09-12,2026-05-15,False,False
FONR,754,2023-05-15,2026-05-15,False,False
FOR,754,2023-05-15,2026-05-15,False,False
FORA,753,2023-05-15,2026-05-14,False,False
FORM,754,2023-05-15,2026-05-15,False,False
FORR,754,2023-05-15,2026-05-15,False,False
FOSL,754,2023-05-15,2026-05-15,False,False
FOUR,754,2023-05-15,2026-05-15,False,False
FOX,754,2023-05-15,2026-05-15,False,False
FOXA,754,2023-05-15,2026-05-15,False,False
FOXF,754,2023-05-15,2026-05-15,False,False
FOXX,753,2023-05-15,2026-05-14,False,False
FPH,754,2023-05-15,2026-05-15,False,False
FPI,754,2023-05-15,2026-05-15,False,False
FPS,70,2026-02-05,2026-05-15,False,False
FR,754,2023-05-15,2026-05-15,False,False
FRAF,754,2023-05-15,2026-05-15,False,False
FRBA,754,2023-05-15,2026-05-15,False,False
FRD,754,2023-05-15,2026-05-15,False,False
FRGT,754,2023-05-15,2026-05-15,False,False
FRHC,754,2023-05-15,2026-05-15,False,False
FRME,754,2023-05-15,2026-05-15,False,False
FRMI,157,2025-10-01,2026-05-15,False,False
FRMM,754,2023-05-15,2026-05-15,False,False
FRO,754,2023-05-15,2026-05-15,False,False
FROG,754,2023-05-15,2026-05-15,False,False
FRPH,754,2023-05-15,2026-05-15,False,False
FRPT,754,2023-05-15,2026-05-15,False,False
FRSH,754,2023-05-15,2026-05-15,False,False
FRST,754,2023-05-15,2026-05-15,False,False
FRT,754,2023-05-15,2026-05-15,False,False
FRVO,3,2026-05-13,2026-05-15,False,False
FSBC,754,2023-05-15,2026-05-15,False,False
FSBW,754,2023-05-15,2026-05-15,False,False
FSEA,754,2023-05-15,2026-05-15,False,False
FSI,754,2023-05-15,2026-05-15,False,False
FSK,754,2023-05-15,2026-05-15,False,False
FSLR,754,2023-05-15,2026-05-15,False,False
FSLY,754,2023-05-15,2026-05-15,False,False
FSM,754,2023-05-15,2026-05-15,False,False
FSP,754,2023-05-15,2026-05-15,False,False
FSS,754,2023-05-15,2026-05-15,False,False
FSTR,754,2023-05-15,2026-05-15,False,False
FSUN,754,2023-05-15,2026-05-15,False,False
FSV,754,2023-05-15,2026-05-15,False,False
FT,754,2023-05-15,2026-05-15,False,False
FTAI,754,2023-05-15,2026-05-15,False,False
FTCI,754,2023-05-15,2026-05-15,False,False
FTDR,754,2023-05-15,2026-05-15,False,False
FTEK,754,2023-05-15,2026-05-15,False,False
FTF,754,2023-05-15,2026-05-15,False,False
FTFT,754,2023-05-15,2026-05-15,False,False
FTHM,754,2023-05-15,2026-05-15,False,False
FTI,754,2023-05-15,2026-05-15,False,False
FTK,754,2023-05-15,2026-05-15,False,False
FTLF,754,2023-05-15,2026-05-15,False,False
FTNT,754,2023-05-15,2026-05-15,False,False
FTRE,731,2023-06-16,2026-05-15,False,False
FTRK,246,2025-05-23,2026-05-15,False,False
FTS,754,2023-05-15,2026-05-15,False,False
FTV,754,2023-05-15,2026-05-15,False,False
FTW,409,2024-09-27,2026-05-15,False,False
FUBO,754,2023-05-15,2026-05-15,False,False
FUFU,754,2023-05-15,2026-05-15,False,False
FUL,754,2023-05-15,2026-05-15,False,False
FULC,754,2023-05-15,2026-05-15,False,False
FULT,754,2023-05-15,2026-05-15,False,False
FUN,754,2023-05-15,2026-05-15,False,False
FURY,754,2023-05-15,2026-05-15,False,False
FUSB,753,2023-05-15,2026-05-14,False,False
FUSE,754,2023-05-15,2026-05-15,False,False
FVCB,754,2023-05-15,2026-05-15,False,False
FVR,406,2024-10-02,2026-05-15,False,False
FVRR,754,2023-05-15,2026-05-15,False,False
FWDI,754,2023-05-15,2026-05-15,False,False
FWONA,754,2023-05-15,2026-05-15,False,False
FWONK,754,2023-05-15,2026-05-15,False,False
FWRD,754,2023-05-15,2026-05-15,False,False
FWRG,754,2023-05-15,2026-05-15,False,False
FXNC,754,2023-05-15,2026-05-15,False,False
G,754,2023-05-15,2026-05-15,False,False
GAB,754,2023-05-15,2026-05-15,False,False
GABC,754,2023-05-15,2026-05-15,False,False
GAIA,754,2023-05-15,2026-05-15,False,False
GAIN,754,2023-05-15,2026-05-15,False,False
GALT,754,2023-05-15,2026-05-15,False,False
GAM,754,2023-05-15,2026-05-15,False,False
GAMB,754,2023-05-15,2026-05-15,False,False
GAME,754,2023-05-15,2026-05-15,False,False
GANX,754,2023-05-15,2026-05-15,False,False
GAP,754,2023-05-15,2026-05-15,False,False
GASS,754,2023-05-15,2026-05-15,False,False
GATX,754,2023-05-15,2026-05-15,False,False
GAU,754,2023-05-15,2026-05-15,False,False
GAUZ,487,2024-06-06,2026-05-15,False,False
GBAB,754,2023-05-15,2026-05-15,False,False
GBCI,754,2023-05-15,2026-05-15,False,False
GBFH,466,2024-07-09,2026-05-15,False,False
GBLI,754,2023-05-15,2026-05-15,False,False
GBR,754,2023-05-15,2026-05-15,False,False
GBTG,754,2023-05-15,2026-05-15,False,False
GBX,754,2023-05-15,2026-05-15,False,False
GCBC,754,2023-05-15,2026-05-15,False,False
GCDT,86,2026-01-13,2026-05-15,False,False
GCL,754,2023-05-15,2026-05-15,False,False
GCMG,754,2023-05-15,2026-05-15,False,False
GCO,754,2023-05-15,2026-05-15,False,False
GCT,754,2023-05-15,2026-05-15,False,False
GCTK,754,2023-05-15,2026-05-15,False,False
GCTS,754,2023-05-15,2026-05-15,False,False
GD,754,2023-05-15,2026-05-15,False,False
GDC,754,2023-05-15,2026-05-15,False,False
GDDY,754,2023-05-15,2026-05-15,False,False
GDEV,753,2023-05-15,2026-05-14,False,False
GDHG,753,2023-05-15,2026-05-14,False,False
GDOT,754,2023-05-15,2026-05-15,False,False
GDRX,754,2023-05-15,2026-05-15,False,False
GDTC,754,2023-05-15,2026-05-15,False,False
GDV,754,2023-05-15,2026-05-15,False,False
GDYN,754,2023-05-15,2026-05-15,False,False
GE,754,2023-05-15,2026-05-15,False,False
GEF-B,754,2023-05-15,2026-05-15,False,False
GEF,754,2023-05-15,2026-05-15,False,False
GEG,753,2023-05-15,2026-05-14,False,False
GEHC,754,2023-05-15,2026-05-15,False,False
GELS,387,2024-10-29,2026-05-15,False,False
GEMI,170,2025-09-12,2026-05-15,False,False
GEN,754,2023-05-15,2026-05-15,False,False
GENB,55,2026-02-27,2026-05-15,False,False
GENC,754,2023-05-15,2026-05-15,False,False
GENI,754,2023-05-15,2026-05-15,False,False
GENK,724,2023-06-28,2026-05-15,False,False
GEO,754,2023-05-15,2026-05-15,False,False
GEOS,754,2023-05-15,2026-05-15,False,False
GERN,754,2023-05-15,2026-05-15,False,False
GETY,754,2023-05-15,2026-05-15,False,False
GEV,536,2024-03-27,2026-05-15,False,False
GEVO,754,2023-05-15,2026-05-15,False,False
GFAI,754,2023-05-15,2026-05-15,False,False
GFF,754,2023-05-15,2026-05-15,False,False
GFL,754,2023-05-15,2026-05-15,False,False
GFR,754,2023-05-15,2026-05-15,False,False
GFS,754,2023-05-15,2026-05-15,False,False
GGB,754,2023-05-15,2026-05-15,False,False
GGG,754,2023-05-15,2026-05-15,False,False
GGN,754,2023-05-15,2026-05-15,False,False
GGR,754,2023-05-15,2026-05-15,False,False
GGRP,754,2023-05-15,2026-05-15,False,False
GGT,754,2023-05-15,2026-05-15,False,False
GGZ,754,2023-05-15,2026-05-15,False,False
GH,754,2023-05-15,2026-05-15,False,False
GHC,754,2023-05-15,2026-05-15,False,False
GHM,754,2023-05-15,2026-05-15,False,False
GHRS,754,2023-05-15,2026-05-15,False,False
GIB,754,2023-05-15,2026-05-15,False,False
GIBO,687,2023-08-21,2026-05-15,False,False
GIC,754,2023-05-15,2026-05-15,False,False
GIFT,754,2023-05-15,2026-05-15,False,False
GIG,421,2024-09-11,2026-05-15,False,False
GIGM,754,2023-05-15,2026-05-15,False,False
GIII,754,2023-05-15,2026-05-15,False,False
GIL,754,2023-05-15,2026-05-15,False,False
GILD,754,2023-05-15,2026-05-15,False,False
GILT,754,2023-05-15,2026-05-15,False,False
GIPR,754,2023-05-15,2026-05-15,False,False
GIS,754,2023-05-15,2026-05-15,False,False
GITS,701,2023-08-01,2026-05-15,False,False
GIW,139,2025-10-27,2026-05-15,False,False
GIX,40,2026-03-19,2026-05-14,False,False
GJH,754,2023-05-15,2026-05-15,False,False
GJO,754,2023-05-15,2026-05-15,False,False
GJP,753,2023-05-15,2026-05-14,False,False
GJR,753,2023-05-15,2026-05-14,False,False
GJS,754,2023-05-15,2026-05-15,False,False
GJT,754,2023-05-15,2026-05-15,False,False
GKOS,754,2023-05-15,2026-05-15,False,False
GL,754,2023-05-15,2026-05-15,False,False
GLBE,754,2023-05-15,2026-05-15,False,False
GLBS,754,2023-05-15,2026-05-15,False,False
GLDG,754,2023-05-15,2026-05-15,False,False
GLE,414,2024-09-20,2026-05-15,False,False
GLIBA,214,2025-07-11,2026-05-15,False,False
GLIBK,214,2025-07-11,2026-05-15,False,False
GLMD,754,2023-05-15,2026-05-15,False,False
GLND,39,2026-03-23,2026-05-15,False,False
GLNG,754,2023-05-15,2026-05-15,False,False
GLOB,754,2023-05-15,2026-05-15,False,False
GLOO,123,2025-11-18,2026-05-15,False,False
GLPI,754,2023-05-15,2026-05-15,False,False
GLRE,754,2023-05-15,2026-05-15,False,False
GLSI,754,2023-05-15,2026-05-15,False,False
GLU,754,2023-05-15,2026-05-15,False,False
GLUE,754,2023-05-15,2026-05-15,False,False
GLW,754,2023-05-15,2026-05-15,False,False
GLXG,420,2024-09-12,2026-05-15,False,False
GLXY,251,2025-05-16,2026-05-15,False,False
GM,754,2023-05-15,2026-05-15,False,False
GME,754,2023-05-15,2026-05-15,False,False
GMED,754,2023-05-15,2026-05-15,False,False
GMEX,696,2023-08-08,2026-05-15,False,False
GMHS,723,2023-06-28,2026-05-14,False,False
GMM,653,2023-10-09,2026-05-15,False,False
GMRS,3,2026-05-13,2026-05-15,False,False
GMTL,40,2026-03-20,2026-05-15,False,False
GNE,754,2023-05-15,2026-05-15,False,False
GNK,754,2023-05-15,2026-05-15,False,False
GNL,754,2023-05-15,2026-05-15,False,False
GNLN,754,2023-05-15,2026-05-15,False,False
GNLX,754,2023-05-15,2026-05-15,False,False
GNPX,754,2023-05-15,2026-05-15,False,False
GNRC,754,2023-05-15,2026-05-15,False,False
GNS,754,2023-05-15,2026-05-15,False,False
GNSS,754,2023-05-15,2026-05-15,False,False
GNT,754,2023-05-15,2026-05-15,False,False
GNTX,754,2023-05-15,2026-05-15,False,False
GNW,754,2023-05-15,2026-05-15,False,False
GO,754,2023-05-15,2026-05-15,False,False
GOAI,76,2026-01-28,2026-05-15,False,False
GOCO,754,2023-05-15,2026-05-15,False,False
GOGO,754,2023-05-15,2026-05-15,False,False
GOLD,754,2023-05-15,2026-05-15,False,False
GOLF,754,2023-05-15,2026-05-15,False,False
GOOD,754,2023-05-15,2026-05-15,False,False
GOOG,252,2025-05-15,2026-05-15,False,False
GOOGL,252,2025-05-15,2026-05-15,False,False
GOOS,754,2023-05-15,2026-05-15,False,False
GORO,754,2023-05-15,2026-05-15,False,False
GOSS,754,2023-05-15,2026-05-15,False,False
GOVX,754,2023-05-15,2026-05-15,False,False
GP,754,2023-05-15,2026-05-15,False,False
GPC,754,2023-05-15,2026-05-15,False,False
GPGI,754,2023-05-15,2026-05-15,False,False
GPI,754,2023-05-15,2026-05-15,False,False
GPK,754,2023-05-15,2026-05-15,False,False
GPMT,754,2023-05-15,2026-05-15,False,False
GPN,754,2023-05-15,2026-05-15,False,False
GPOR,754,2023-05-15,2026-05-15,False,False
GPRE,754,2023-05-15,2026-05-15,False,False
GPRK,754,2023-05-15,2026-05-15,False,False
GPRO,754,2023-05-15,2026-05-15,False,False
GPUS,754,2023-05-15,2026-05-15,False,False
GRAB,754,2023-05-15,2026-05-15,False,False
GRAF,438,2024-08-16,2026-05-15,False,False
GRAL,483,2024-06-12,2026-05-15,False,False
GRAN,221,2025-07-01,2026-05-15,False,False
GRBK,754,2023-05-15,2026-05-15,False,False
GRC,754,2023-05-15,2026-05-15,False,False
GRCE,754,2023-05-15,2026-05-15,False,False
GRDN,410,2024-09-26,2026-05-15,False,False
GRDX,754,2023-05-15,2026-05-15,False,False
GREE,754,2023-05-15,2026-05-15,False,False
GRI,754,2023-05-15,2026-05-15,False,False
GRML,754,2023-05-15,2026-05-15,False,False
GRMN,754,2023-05-15,2026-05-15,False,False
GRN,754,2023-05-15,2026-05-15,False,False
GRND,754,2023-05-15,2026-05-15,False,False
GRNQ,753,2023-05-15,2026-05-14,False,False
GRNT,754,2023-05-15,2026-05-15,False,False
GRO,366,2024-11-27,2026-05-15,False,False
GROV,754,2023-05-15,2026-05-15,False,False
GROW,754,2023-05-15,2026-05-15,False,False
GROY,754,2023-05-15,2026-05-15,False,False
GRPN,754,2023-05-15,2026-05-15,False,False
GRRR,754,2023-05-15,2026-05-15,False,False
GRWG,754,2023-05-15,2026-05-15,False,False
GRX,754,2023-05-15,2026-05-15,False,False
GS,754,2023-05-15,2026-05-15,False,False
GSAT,754,2023-05-15,2026-05-15,False,False
GSBC,754,2023-05-15,2026-05-15,False,False
GSBD,754,2023-05-15,2026-05-15,False,False
GSHD,754,2023-05-15,2026-05-15,False,False
GSIT,754,2023-05-15,2026-05-15,False,False
GSIW,615,2023-12-01,2026-05-15,False,False
GSL,754,2023-05-15,2026-05-15,False,False
GSM,754,2023-05-15,2026-05-15,False,False
GSUN,754,2023-05-15,2026-05-15,False,False
GT,754,2023-05-15,2026-05-15,False,False
GTBP,754,2023-05-15,2026-05-15,False,False
GTE,754,2023-05-15,2026-05-15,False,False
GTEC,754,2023-05-15,2026-05-15,False,False
GTEN,226,2025-06-23,2026-05-14,False,False
GTES,754,2023-05-15,2026-05-15,False,False
GTIM,754,2023-05-15,2026-05-15,False,False
GTLB,754,2023-05-15,2026-05-15,False,False
GTLS,754,2023-05-15,2026-05-15,False,False
GTM,754,2023-05-15,2026-05-15,False,False
GTN-A,754,2023-05-15,2026-05-15,False,False
GTN,754,2023-05-15,2026-05-15,False,False
GTX,754,2023-05-15,2026-05-15,False,False
GTY,754,2023-05-15,2026-05-15,False,False
GURE,754,2023-05-15,2026-05-15,False,False
GUT,754,2023-05-15,2026-05-15,False,False
GUTS,573,2024-02-02,2026-05-15,False,False
GV,754,2023-05-15,2026-05-15,False,False
GVA,754,2023-05-15,2026-05-15,False,False
GVH,631,2023-11-08,2026-05-15,False,False
GWAV,753,2023-05-15,2026-05-14,False,False
GWH,754,2023-05-15,2026-05-15,False,False
GWRE,754,2023-05-15,2026-05-15,False,False
GWRS,754,2023-05-15,2026-05-15,False,False
GWW,754,2023-05-15,2026-05-15,False,False
GXAI,754,2023-05-15,2026-05-15,False,False
GXO,754,2023-05-15,2026-05-15,False,False
GYRE,754,2023-05-15,2026-05-15,False,False
GYRO,753,2023-05-15,2026-05-14,False,False
H,754,2023-05-15,2026-05-15,False,False
HAE,754,2023-05-15,2026-05-15,False,False
HAFC,754,2023-05-15,2026-05-15,False,False
HAFN,527,2024-04-10,2026-05-15,False,False
HAIN,754,2023-05-15,2026-05-15,False,False
HAL,754,2023-05-15,2026-05-15,False,False
HALO,754,2023-05-15,2026-05-15,False,False
HAO,578,2024-01-26,2026-05-15,False,False
HAS,754,2023-05-15,2026-05-15,False,False
HASI,754,2023-05-15,2026-05-15,False,False
HAWK,7,2026-05-07,2026-05-15,False,False
HAYW,754,2023-05-15,2026-05-15,False,False
HBAN,754,2023-05-15,2026-05-15,False,False
HBB,754,2023-05-15,2026-05-15,False,False
HBCP,754,2023-05-15,2026-05-15,False,False
HBIO,754,2023-05-15,2026-05-15,False,False
HBM,754,2023-05-15,2026-05-15,False,False
HBNB,239,2025-06-03,2026-05-14,False,False
HBNC,754,2023-05-15,2026-05-15,False,False
HBT,754,2023-05-15,2026-05-15,False,False
HCA,754,2023-05-15,2026-05-15,False,False
HCAI,321,2025-02-05,2026-05-15,False,False
HCAT,754,2023-05-15,2026-05-15,False,False
HCC,754,2023-05-15,2026-05-15,False,False
HCHL,226,2025-06-24,2026-05-15,False,False
HCI,754,2023-05-15,2026-05-15,False,False
HCIC,33,2026-03-30,2026-05-14,False,False
HCKT,754,2023-05-15,2026-05-15,False,False
HCSG,754,2023-05-15,2026-05-15,False,False
HCTI,754,2023-05-15,2026-05-15,False,False
HCWB,754,2023-05-15,2026-05-15,False,False
HCWC,418,2024-09-16,2026-05-15,False,False
HD,754,2023-05-15,2026-05-15,False,False
HDB,754,2023-05-15,2026-05-15,False,False
HDSN,754,2023-05-15,2026-05-15,False,False
HE,754,2023-05-15,2026-05-15,False,False
HEI-A,754,2023-05-15,2026-05-15,False,False
HEI,754,2023-05-15,2026-05-15,False,False
HELE,754,2023-05-15,2026-05-15,False,False
HELP,754,2023-05-15,2026-05-15,False,False
HESM,754,2023-05-15,2026-05-15,False,False
HFBL,753,2023-05-15,2026-05-14,False,False
HFFG,754,2023-05-15,2026-05-15,False,False
HFWA,754,2023-05-15,2026-05-15,False,False
HG,629,2023-11-10,2026-05-15,False,False
HGBL,754,2023-05-15,2026-05-15,False,False
HGTY,754,2023-05-15,2026-05-15,False,False
HGV,754,2023-05-15,2026-05-15,False,False
HHH,754,2023-05-15,2026-05-15,False,False
HHS,753,2023-05-15,2026-05-14,False,False
HIFS,754,2023-05-15,2026-05-15,False,False
HIG,754,2023-05-15,2026-05-15,False,False
HIHO,753,2023-05-15,2026-05-14,False,False
HII,754,2023-05-15,2026-05-15,False,False
HIMS,754,2023-05-15,2026-05-15,False,False
HIND,754,2023-05-15,2026-05-15,False,False
HIPO,754,2023-05-15,2026-05-15,False,False
HIT,349,2024-12-23,2026-05-15,False,False
HITI,754,2023-05-15,2026-05-15,False,False
HIVE,754,2023-05-15,2026-05-15,False,False
HIW,754,2023-05-15,2026-05-15,False,False
HKIT,754,2023-05-15,2026-05-15,False,False
HKPD,335,2025-01-15,2026-05-15,False,False
HL,754,2023-05-15,2026-05-15,False,False
HLF,754,2023-05-15,2026-05-15,False,False
HLI,754,2023-05-15,2026-05-15,False,False
HLIO,754,2023-05-15,2026-05-15,False,False
HLIT,754,2023-05-15,2026-05-15,False,False
HLLY,754,2023-05-15,2026-05-15,False,False
HLMN,754,2023-05-15,2026-05-15,False,False
HLNE,754,2023-05-15,2026-05-15,False,False
HLP,754,2023-05-15,2026-05-15,False,False
HLT,754,2023-05-15,2026-05-15,False,False
HLX,754,2023-05-15,2026-05-15,False,False
HMC,754,2023-05-15,2026-05-15,False,False
HMH,32,2026-04-01,2026-05-15,False,False
HMN,754,2023-05-15,2026-05-15,False,False
HMR,311,2025-02-20,2026-05-15,False,False
HMY,754,2023-05-15,2026-05-15,False,False
HNGE,247,2025-05-22,2026-05-15,False,False
HNI,754,2023-05-15,2026-05-15,False,False
HNNA,754,2023-05-15,2026-05-15,False,False
HNRG,754,2023-05-15,2026-05-15,False,False
HNST,754,2023-05-15,2026-05-15,False,False
HNVR,754,2023-05-15,2026-05-15,False,False
HOFT,754,2023-05-15,2026-05-15,False,False
HOG,754,2023-05-15,2026-05-15,False,False
HOLO,754,2023-05-15,2026-05-15,False,False
HOMB,754,2023-05-15,2026-05-15,False,False
HON,754,2023-05-15,2026-05-15,False,False
HOOD,754,2023-05-15,2026-05-15,False,False
HOPE,754,2023-05-15,2026-05-15,False,False
HOTH,754,2023-05-15,2026-05-15,False,False
HOUR,754,2023-05-15,2026-05-15,False,False
HOV,754,2023-05-15,2026-05-15,False,False
HOVR,754,2023-05-15,2026-05-15,False,False
HOWL,754,2023-05-15,2026-05-15,False,False
HP,754,2023-05-15,2026-05-15,False,False
HPAI,447,2024-08-05,2026-05-15,False,False
HPE,754,2023-05-15,2026-05-15,False,False
HPK,754,2023-05-15,2026-05-15,False,False
HPP,754,2023-05-15,2026-05-15,False,False
HPQ,754,2023-05-15,2026-05-15,False,False
HQ,40,2026-03-20,2026-05-15,False,False
HQH,754,2023-05-15,2026-05-15,False,False
HQI,754,2023-05-15,2026-05-15,False,False
HQL,754,2023-05-15,2026-05-15,False,False
HQY,754,2023-05-15,2026-05-15,False,False
HR,754,2023-05-15,2026-05-15,False,False
HRB,754,2023-05-15,2026-05-15,False,False
HRI,754,2023-05-15,2026-05-15,False,False
HRL,754,2023-05-15,2026-05-15,False,False
HRMY,754,2023-05-15,2026-05-15,False,False
HROW,754,2023-05-15,2026-05-15,False,False
HRTG,754,2023-05-15,2026-05-15,False,False
HRTX,754,2023-05-15,2026-05-15,False,False
HRZN,754,2023-05-15,2026-05-15,False,False
HSBC,754,2023-05-15,2026-05-15,False,False
HSCS,754,2023-05-15,2026-05-15,False,False
HSDT,754,2023-05-15,2026-05-15,False,False
HSHP,754,2023-05-15,2026-05-15,False,False
HSIC,754,2023-05-15,2026-05-15,False,False
HSLV,47,2026-03-11,2026-05-15,False,False
HSPT,321,2025-02-05,2026-05-15,False,False
HST,754,2023-05-15,2026-05-15,False,False
HSTM,754,2023-05-15,2026-05-15,False,False
HSY,754,2023-05-15,2026-05-15,False,False
HTB,754,2023-05-15,2026-05-15,False,False
HTCO,754,2023-05-15,2026-05-15,False,False
HTCR,754,2023-05-15,2026-05-15,False,False
HTFL,193,2025-08-11,2026-05-15,False,False
HTGC,754,2023-05-15,2026-05-15,False,False
HTH,754,2023-05-15,2026-05-15,False,False
HTLD,754,2023-05-15,2026-05-15,False,False
HTLM,406,2024-10-01,2026-05-14,False,False
HTO,754,2023-05-15,2026-05-15,False,False
HTOO,754,2023-05-15,2026-05-15,False,False
HTZ,754,2023-05-15,2026-05-15,False,False
HUBB,754,2023-05-15,2026-05-15,False,False
HUBC,754,2023-05-15,2026-05-15,False,False
HUBG,754,2023-05-15,2026-05-15,False,False
HUBS,754,2023-05-15,2026-05-15,False,False
HUDI,754,2023-05-15,2026-05-15,False,False
HUHU,392,2024-10-22,2026-05-15,False,False
HUM,754,2023-05-15,2026-05-15,False,False
HUMA,754,2023-05-15,2026-05-15,False,False
HUN,754,2023-05-15,2026-05-15,False,False
HURA,754,2023-05-15,2026-05-15,False,False
HURC,753,2023-05-15,2026-05-14,False,False
HURN,754,2023-05-15,2026-05-15,False,False
HUT,754,2023-05-15,2026-05-15,False,False
HVII,319,2025-02-06,2026-05-14,False,False
HVMC,154,2025-10-03,2026-05-14,False,False
HVT-A,753,2023-05-15,2026-05-14,False,False
HVT,754,2023-05-15,2026-05-15,False,False
HWBK,754,2023-05-15,2026-05-15,False,False
HWC,754,2023-05-15,2026-05-15,False,False
HWH,754,2023-05-15,2026-05-15,False,False
HWKN,754,2023-05-15,2026-05-15,False,False
HWM,754,2023-05-15,2026-05-15,False,False
HXHX,273,2025-04-15,2026-05-15,False,False
HXL,754,2023-05-15,2026-05-15,False,False
HY,754,2023-05-15,2026-05-15,False,False
HYFM,754,2023-05-15,2026-05-15,False,False
HYFT,754,2023-05-15,2026-05-15,False,False
HYLN,754,2023-05-15,2026-05-15,False,False
HYMC,754,2023-05-15,2026-05-15,False,False
HYNE,112,2025-12-04,2026-05-15,False,False
HYPD,754,2023-05-15,2026-05-15,False,False
HYPR,754,2023-05-15,2026-05-15,False,False
HZO,754,2023-05-15,2026-05-15,False,False
IAC,754,2023-05-15,2026-05-15,False,False
IAG,754,2023-05-15,2026-05-15,False,False
IART,754,2023-05-15,2026-05-15,False,False
IAUX,754,2023-05-15,2026-05-15,False,False
IBCP,754,2023-05-15,2026-05-15,False,False
IBEX,754,2023-05-15,2026-05-15,False,False
IBG,410,2024-09-26,2026-05-15,False,False
IBIO,754,2023-05-15,2026-05-15,False,False
IBKR,754,2023-05-15,2026-05-15,False,False
IBM,754,2023-05-15,2026-05-15,False,False
IBN,754,2023-05-15,2026-05-15,False,False
IBO,418,2024-09-16,2026-05-15,False,False
IBOC,754,2023-05-15,2026-05-15,False,False
IBP,754,2023-05-15,2026-05-15,False,False
IBTA,520,2024-04-19,2026-05-15,False,False
ICCC,754,2023-05-15,2026-05-15,False,False
ICCM,754,2023-05-15,2026-05-15,False,False
ICE,754,2023-05-15,2026-05-15,False,False
ICFI,754,2023-05-15,2026-05-15,False,False
ICHR,754,2023-05-15,2026-05-15,False,False
ICL,754,2023-05-15,2026-05-15,False,False
ICLR,754,2023-05-15,2026-05-15,False,False
ICMB,754,2023-05-15,2026-05-15,False,False
ICON,463,2024-07-12,2026-05-15,False,False
ICU,754,2023-05-15,2026-05-15,False,False
ICUI,754,2023-05-15,2026-05-15,False,False
IDA,754,2023-05-15,2026-05-15,False,False
IDAI,754,2023-05-15,2026-05-15,False,False
IDCC,754,2023-05-15,2026-05-15,False,False
IDN,754,2023-05-15,2026-05-15,False,False
IDR,754,2023-05-15,2026-05-15,False,False
IDT,754,2023-05-15,2026-05-15,False,False
IDXX,754,2023-05-15,2026-05-15,False,False
IDYA,754,2023-05-15,2026-05-15,False,False
IE,754,2023-05-15,2026-05-15,False,False
IESC,754,2023-05-15,2026-05-15,False,False
IEX,754,2023-05-15,2026-05-15,False,False
IFBD,753,2023-05-15,2026-05-14,False,False
IFF,754,2023-05-15,2026-05-15,False,False
IFRX,754,2023-05-15,2026-05-15,False,False
IFS,754,2023-05-15,2026-05-15,False,False
IGC,754,2023-05-15,2026-05-15,False,False
IGIC,754,2023-05-15,2026-05-15,False,False
IHRT,754,2023-05-15,2026-05-15,False,False
IHS,754,2023-05-15,2026-05-15,False,False
IHT,754,2023-05-15,2026-05-15,False,False
III,754,2023-05-15,2026-05-15,False,False
IIIN,754,2023-05-15,2026-05-15,False,False
IIIV,754,2023-05-15,2026-05-15,False,False
IIM,754,2023-05-15,2026-05-15,False,False
IINN,754,2023-05-15,2026-05-15,False,False
IIPR,754,2023-05-15,2026-05-15,False,False
IKT,754,2023-05-15,2026-05-15,False,False
ILAG,753,2023-05-15,2026-05-14,False,False
ILLR,754,2023-05-15,2026-05-15,False,False
ILMN,754,2023-05-15,2026-05-15,False,False
ILPT,754,2023-05-15,2026-05-15,False,False
IMA,754,2023-05-15,2026-05-15,False,False
IMAX,754,2023-05-15,2026-05-15,False,False
IMCC,754,2023-05-15,2026-05-15,False,False
IMDX,754,2023-05-15,2026-05-15,False,False
IMKTA,754,2023-05-15,2026-05-15,False,False
IMMR,754,2023-05-15,2026-05-15,False,False
IMMX,754,2023-05-15,2026-05-15,False,False
IMNM,754,2023-05-15,2026-05-15,False,False
IMNN,754,2023-05-15,2026-05-15,False,False
IMO,754,2023-05-15,2026-05-15,False,False
IMPP,754,2023-05-15,2026-05-15,False,False
IMRX,754,2023-05-15,2026-05-15,False,False
IMSR,400,2024-10-10,2026-05-15,False,False
IMTE,754,2023-05-15,2026-05-15,False,False
IMTX,754,2023-05-15,2026-05-15,False,False
IMUX,754,2023-05-15,2026-05-15,False,False
IMVT,754,2023-05-15,2026-05-15,False,False
IMXI,754,2023-05-15,2026-05-15,False,False
INAB,754,2023-05-15,2026-05-15,False,False
INBK,754,2023-05-15,2026-05-15,False,False
INBS,754,2023-05-15,2026-05-15,False,False
INBX,493,2024-05-29,2026-05-15,False,False
INCR,754,2023-05-15,2026-05-15,False,False
INCY,754,2023-05-15,2026-05-15,False,False
INDB,754,2023-05-15,2026-05-15,False,False
INDI,754,2023-05-15,2026-05-15,False,False
INDO,754,2023-05-15,2026-05-15,False,False
INDP,754,2023-05-15,2026-05-15,False,False
INDV,754,2023-05-15,2026-05-15,False,False
INEO,391,2024-10-23,2026-05-15,False,False
INFQ,63,2026-02-17,2026-05-15,False,False
INFU,754,2023-05-15,2026-05-15,False,False
ING,754,2023-05-15,2026-05-15,False,False
INGM,390,2024-10-24,2026-05-15,False,False
INGN,754,2023-05-15,2026-05-15,False,False
INGR,754,2023-05-15,2026-05-15,False,False
INHD,606,2023-12-14,2026-05-15,False,False
INKT,754,2023-05-15,2026-05-15,False,False
INLF,343,2025-01-02,2026-05-15,False,False
INLX,754,2023-05-15,2026-05-15,False,False
INM,754,2023-05-15,2026-05-15,False,False
INMB,754,2023-05-15,2026-05-15,False,False
INMD,754,2023-05-15,2026-05-15,False,False
INN,754,2023-05-15,2026-05-15,False,False
INNV,754,2023-05-15,2026-05-15,False,False
INO,754,2023-05-15,2026-05-15,False,False
INOD,754,2023-05-15,2026-05-15,False,False
INR,324,2025-01-31,2026-05-15,False,False
INSE,754,2023-05-15,2026-05-15,False,False
INSG,754,2023-05-15,2026-05-15,False,False
INSM,754,2023-05-15,2026-05-15,False,False
INSP,754,2023-05-15,2026-05-15,False,False
INSW,754,2023-05-15,2026-05-15,False,False
INTA,754,2023-05-15,2026-05-15,False,False
INTC,754,2023-05-15,2026-05-15,False,False
INTG,754,2023-05-15,2026-05-15,False,False
INTJ,540,2024-03-20,2026-05-14,False,False
INTR,754,2023-05-15,2026-05-15,False,False
INTS,722,2023-06-30,2026-05-15,False,False
INTT,754,2023-05-15,2026-05-15,False,False
INTU,754,2023-05-15,2026-05-15,False,False
INTZ,754,2023-05-15,2026-05-15,False,False
INUV,754,2023-05-15,2026-05-15,False,False
INV,754,2023-05-15,2026-05-15,False,False
INVA,754,2023-05-15,2026-05-15,False,False
INVE,754,2023-05-15,2026-05-15,False,False
INVH,754,2023-05-15,2026-05-15,False,False
INVX,754,2023-05-15,2026-05-15,False,False
INVZ,754,2023-05-15,2026-05-15,False,False
IONQ,754,2023-05-15,2026-05-15,False,False
IONS,754,2023-05-15,2026-05-15,False,False
IOSP,754,2023-05-15,2026-05-15,False,False
IOT,754,2023-05-15,2026-05-15,False,False
IOTR,276,2025-04-10,2026-05-15,False,False
IOVA,754,2023-05-15,2026-05-15,False,False
IP,754,2023-05-15,2026-05-15,False,False
IPAR,754,2023-05-15,2026-05-15,False,False
IPDN,754,2023-05-15,2026-05-15,False,False
IPGP,754,2023-05-15,2026-05-15,False,False
IPI,754,2023-05-15,2026-05-15,False,False
IPM,754,2023-05-15,2026-05-15,False,False
IPSC,754,2023-05-15,2026-05-15,False,False
IPST,369,2024-11-22,2026-05-15,False,False
IPW,754,2023-05-15,2026-05-15,False,False
IPWR,754,2023-05-15,2026-05-15,False,False
IQI,754,2023-05-15,2026-05-15,False,False
IQST,754,2023-05-15,2026-05-15,False,False
IQV,754,2023-05-15,2026-05-15,False,False
IR,754,2023-05-15,2026-05-15,False,False
IRD,754,2023-05-15,2026-05-15,False,False
IRDM,754,2023-05-15,2026-05-15,False,False
IREN,754,2023-05-15,2026-05-15,False,False
IRHO,69,2026-02-06,2026-05-15,False,False
IRIX,754,2023-05-15,2026-05-15,False,False
IRM,754,2023-05-15,2026-05-15,False,False
IRMD,754,2023-05-15,2026-05-15,False,False
IRON,754,2023-05-15,2026-05-15,False,False
IRT,754,2023-05-15,2026-05-15,False,False
IRTC,754,2023-05-15,2026-05-15,False,False
IRWD,754,2023-05-15,2026-05-15,False,False
ISBA,753,2023-05-15,2026-05-14,False,False
ISOU,754,2023-05-15,2026-05-15,False,False
ISPC,754,2023-05-15,2026-05-15,False,False
ISPR,754,2023-05-15,2026-05-15,False,False
ISRG,754,2023-05-15,2026-05-15,False,False
ISSC,754,2023-05-15,2026-05-15,False,False
ISTR,754,2023-05-15,2026-05-15,False,False
IT,754,2023-05-15,2026-05-15,False,False
ITGR,754,2023-05-15,2026-05-15,False,False
ITIC,754,2023-05-15,2026-05-15,False,False
ITOC,425,2024-09-05,2026-05-15,False,False
ITP,754,2023-05-15,2026-05-15,False,False
ITRG,754,2023-05-15,2026-05-15,False,False
ITRI,754,2023-05-15,2026-05-15,False,False
ITRN,754,2023-05-15,2026-05-15,False,False
ITT,754,2023-05-15,2026-05-15,False,False
ITW,754,2023-05-15,2026-05-15,False,False
IVA,754,2023-05-15,2026-05-15,False,False
IVDA,754,2023-05-15,2026-05-15,False,False
IVF,754,2023-05-15,2026-05-15,False,False
IVR,754,2023-05-15,2026-05-15,False,False
IVT,754,2023-05-15,2026-05-15,False,False
IVVD,754,2023-05-15,2026-05-15,False,False
IVZ,754,2023-05-15,2026-05-15,False,False
IXHL,754,2023-05-15,2026-05-15,False,False
IZEA,754,2023-05-15,2026-05-15,False,False
IZM,754,2023-05-15,2026-05-15,False,False
J,754,2023-05-15,2026-05-15,False,False
JACK,754,2023-05-15,2026-05-15,False,False
JACS,324,2025-01-30,2026-05-14,False,False
JAGU,68,2026-02-09,2026-05-15,False,False
JAGX,754,2023-05-15,2026-05-15,False,False
JAKK,754,2023-05-15,2026-05-15,False,False
JAN,40,2026-03-20,2026-05-15,False,False
JANX,754,2023-05-15,2026-05-15,False,False
JAZZ,754,2023-05-15,2026-05-15,False,False
JBDI,430,2024-08-27,2026-05-14,False,False
JBGS,754,2023-05-15,2026-05-15,False,False
JBHT,754,2023-05-15,2026-05-15,False,False
JBI,754,2023-05-15,2026-05-15,False,False
JBIO,754,2023-05-15,2026-05-15,False,False
JBK,754,2023-05-15,2026-05-15,False,False
JBL,754,2023-05-15,2026-05-15,False,False
JBLU,754,2023-05-15,2026-05-15,False,False
JBS,232,2025-06-13,2026-05-15,False,False
JBSS,754,2023-05-15,2026-05-15,False,False
JBTM,754,2023-05-15,2026-05-15,False,False
JCAP,224,2025-06-26,2026-05-15,False,False
JCI,754,2023-05-15,2026-05-15,False,False
JCSE,754,2023-05-15,2026-05-15,False,False
JCTC,754,2023-05-15,2026-05-15,False,False
JDZG,502,2024-05-15,2026-05-15,False,False
JEF,754,2023-05-15,2026-05-15,False,False
JELD,754,2023-05-15,2026-05-15,False,False
JEM,236,2025-06-09,2026-05-15,False,False
JFB,301,2025-03-06,2026-05-15,False,False
JHG,754,2023-05-15,2026-05-15,False,False
JHI,754,2023-05-15,2026-05-15,False,False
JHS,754,2023-05-15,2026-05-15,False,False
JHX,754,2023-05-15,2026-05-15,False,False
JILL,754,2023-05-15,2026-05-15,False,False
JJSF,754,2023-05-15,2026-05-15,False,False
JKHY,754,2023-05-15,2026-05-15,False,False
JL,579,2024-01-24,2026-05-14,False,False
JLHL,224,2025-06-26,2026-05-15,False,False
JLL,754,2023-05-15,2026-05-15,False,False
JMG,107,2025-12-10,2026-05-14,False,False
JMSB,754,2023-05-15,2026-05-15,False,False
JNJ,754,2023-05-15,2026-05-15,False,False
JOB,754,2023-05-15,2026-05-15,False,False
JOBY,754,2023-05-15,2026-05-15,False,False
JOE,754,2023-05-15,2026-05-15,False,False
JOUT,754,2023-05-15,2026-05-15,False,False
JPM,754,2023-05-15,2026-05-15,False,False
JRSH,754,2023-05-15,2026-05-15,False,False
JRVR,754,2023-05-15,2026-05-15,False,False
JSPR,754,2023-05-15,2026-05-15,False,False
JTAI,754,2023-05-15,2026-05-15,False,False
JUNS,363,2024-12-03,2026-05-15,False,False
JVA,754,2023-05-15,2026-05-15,False,False
JWEL,754,2023-05-15,2026-05-15,False,False
JXG,754,2023-05-15,2026-05-15,False,False
JXN,754,2023-05-15,2026-05-15,False,False
JYD,754,2023-05-15,2026-05-15,False,False
JYNT,754,2023-05-15,2026-05-15,False,False
JZXN,754,2023-05-15,2026-05-15,False,False
KAI,754,2023-05-15,2026-05-15,False,False
KALA,754,2023-05-15,2026-05-15,False,False
KALU,754,2023-05-15,2026-05-15,False,False
KALV,754,2023-05-15,2026-05-15,False,False
KAPA,418,2024-09-16,2026-05-15,False,False
KARO,754,2023-05-15,2026-05-15,False,False
KB,754,2023-05-15,2026-05-15,False,False
KBDC,497,2024-05-22,2026-05-15,False,False
KBH,754,2023-05-15,2026-05-15,False,False
KBON,76,2026-01-27,2026-05-14,False,False
KBR,754,2023-05-15,2026-05-15,False,False
KBSX,754,2023-05-15,2026-05-15,False,False
KD,754,2023-05-15,2026-05-15,False,False
KDK,161,2025-09-25,2026-05-15,False,False
KDP,754,2023-05-15,2026-05-15,False,False
KE,754,2023-05-15,2026-05-15,False,False
KEEL,754,2023-05-15,2026-05-15,False,False
KELYA,754,2023-05-15,2026-05-15,False,False
KELYB,754,2023-05-15,2026-05-15,False,False
KEN,754,2023-05-15,2026-05-15,False,False
KEP,754,2023-05-15,2026-05-15,False,False
KEQU,753,2023-05-15,2026-05-14,False,False
KEX,754,2023-05-15,2026-05-15,False,False
KEY,754,2023-05-15,2026-05-15,False,False
KEYS,754,2023-05-15,2026-05-15,False,False
KFFB,753,2023-05-15,2026-05-14,False,False
KFRC,754,2023-05-15,2026-05-15,False,False
KFS,754,2023-05-15,2026-05-15,False,False
KFY,754,2023-05-15,2026-05-15,False,False
KG,754,2023-05-15,2026-05-15,False,False
KGC,754,2023-05-15,2026-05-15,False,False
KGEI,754,2023-05-15,2026-05-15,False,False
KGS,723,2023-06-29,2026-05-15,False,False
KHC,754,2023-05-15,2026-05-15,False,False
KIDS,754,2023-05-15,2026-05-15,False,False
KIDZ,279,2025-04-07,2026-05-15,False,False
KIM,754,2023-05-15,2026-05-15,False,False
KINS,754,2023-05-15,2026-05-15,False,False
KITT,754,2023-05-15,2026-05-15,False,False
KKR,754,2023-05-15,2026-05-15,False,False
KLAC,754,2023-05-15,2026-05-15,False,False
KLAR,171,2025-09-11,2026-05-15,False,False
KLC,401,2024-10-09,2026-05-15,False,False
KLIC,754,2023-05-15,2026-05-15,False,False
KLRA,21,2026-04-17,2026-05-15,False,False
KLRS,754,2023-05-15,2026-05-15,False,False
KLTR,754,2023-05-15,2026-05-15,False,False
KLXE,754,2023-05-15,2026-05-15,False,False
KMB,754,2023-05-15,2026-05-15,False,False
KMDA,754,2023-05-15,2026-05-15,False,False
KMI,754,2023-05-15,2026-05-15,False,False
KMPB,754,2023-05-15,2026-05-15,False,False
KMPR,754,2023-05-15,2026-05-15,False,False
KMRK,210,2025-07-16,2026-05-14,False,False
KMT,754,2023-05-15,2026-05-15,False,False
KMTS,301,2025-03-06,2026-05-15,False,False
KMX,754,2023-05-15,2026-05-15,False,False
KN,754,2023-05-15,2026-05-15,False,False
KNDI,754,2023-05-15,2026-05-15,False,False
KNF,739,2023-06-06,2026-05-15,False,False
KNRX,159,2025-09-29,2026-05-15,False,False
KNSA,754,2023-05-15,2026-05-15,False,False
KNSL,754,2023-05-15,2026-05-15,False,False
KNTK,754,2023-05-15,2026-05-15,False,False
KNX,754,2023-05-15,2026-05-15,False,False
KO,754,2023-05-15,2026-05-15,False,False
KOD,754,2023-05-15,2026-05-15,False,False
KODK,754,2023-05-15,2026-05-15,False,False
KOP,754,2023-05-15,2026-05-15,False,False
KOPN,754,2023-05-15,2026-05-15,False,False
KORE,754,2023-05-15,2026-05-15,False,False
KOS,754,2023-05-15,2026-05-15,False,False
KOSS,754,2023-05-15,2026-05-15,False,False
KPLT,754,2023-05-15,2026-05-15,False,False
KPRX,754,2023-05-15,2026-05-15,False,False
KPTI,754,2023-05-15,2026-05-15,False,False
KR,754,2023-05-15,2026-05-15,False,False
KRC,754,2023-05-15,2026-05-15,False,False
KREF,754,2023-05-15,2026-05-15,False,False
KRG,754,2023-05-15,2026-05-15,False,False
KRMD,754,2023-05-15,2026-05-15,False,False
KRMN,315,2025-02-13,2026-05-15,False,False
KRNT,754,2023-05-15,2026-05-15,False,False
KRNY,754,2023-05-15,2026-05-15,False,False
KRO,754,2023-05-15,2026-05-15,False,False
KROS,754,2023-05-15,2026-05-15,False,False
KRRO,754,2023-05-15,2026-05-15,False,False
KRT,754,2023-05-15,2026-05-15,False,False
KRUS,754,2023-05-15,2026-05-15,False,False
KRYS,754,2023-05-15,2026-05-15,False,False
KSCP,754,2023-05-15,2026-05-15,False,False
KSPI,583,2024-01-19,2026-05-15,False,False
KSS,754,2023-05-15,2026-05-15,False,False
KT,754,2023-05-15,2026-05-15,False,False
KTB,754,2023-05-15,2026-05-15,False,False
KTCC,754,2023-05-15,2026-05-15,False,False
KTF,754,2023-05-15,2026-05-15,False,False
KTN,754,2023-05-15,2026-05-15,False,False
KTOS,754,2023-05-15,2026-05-15,False,False
KTTA,754,2023-05-15,2026-05-15,False,False
KULR,754,2023-05-15,2026-05-15,False,False
KURA,754,2023-05-15,2026-05-15,False,False
KUST,754,2023-05-15,2026-05-15,False,False
KVHI,754,2023-05-15,2026-05-15,False,False
KVUE,754,2023-05-15,2026-05-15,False,False
KVYO,666,2023-09-20,2026-05-15,False,False
KW,754,2023-05-15,2026-05-15,False,False
KWM,253,2025-05-14,2026-05-15,False,False
KWR,754,2023-05-15,2026-05-15,False,False
KXIN,754,2023-05-15,2026-05-15,False,False
KYIV,363,2024-12-03,2026-05-15,False,False
KYMR,754,2023-05-15,2026-05-15,False,False
KYNB,754,2023-05-15,2026-05-15,False,False
KYTX,568,2024-02-09,2026-05-15,False,False
L,754,2023-05-15,2026-05-15,False,False
LAB,754,2023-05-15,2026-05-15,False,False
LABT,17,2026-04-23,2026-05-15,False,False
LAC,658,2023-10-02,2026-05-15,False,False
LAD,754,2023-05-15,2026-05-15,False,False
LADR,754,2023-05-15,2026-05-15,False,False
LAES,748,2023-05-23,2026-05-15,False,False
LAKE,754,2023-05-15,2026-05-15,False,False
LAMR,754,2023-05-15,2026-05-15,False,False
LAND,754,2023-05-15,2026-05-15,False,False
LANV,754,2023-05-15,2026-05-15,False,False
LAR,754,2023-05-15,2026-05-15,False,False
LARK,754,2023-05-15,2026-05-15,False,False
LASE,754,2023-05-15,2026-05-15,False,False
LASR,754,2023-05-15,2026-05-15,False,False
LAUR,754,2023-05-15,2026-05-15,False,False
LAW,754,2023-05-15,2026-05-15,False,False
LAWR,209,2025-07-17,2026-05-14,False,False
LAZ,754,2023-05-15,2026-05-15,False,False
LB,472,2024-06-28,2026-05-15,False,False
LBGJ,391,2024-10-23,2026-05-15,False,False
LBRDA,754,2023-05-15,2026-05-15,False,False
LBRDK,754,2023-05-15,2026-05-15,False,False
LBRT,754,2023-05-15,2026-05-15,False,False
LBRX,171,2025-09-11,2026-05-15,False,False
LBTYA,754,2023-05-15,2026-05-15,False,False
LBTYB,753,2023-05-15,2026-05-14,False,False
LBTYK,754,2023-05-15,2026-05-15,False,False
LC,754,2023-05-15,2026-05-15,False,False
LCCC,227,2025-06-23,2026-05-15,False,False
LCFY,754,2023-05-15,2026-05-15,False,False
LCID,754,2023-05-15,2026-05-15,False,False
LCII,754,2023-05-15,2026-05-15,False,False
LCNB,754,2023-05-15,2026-05-15,False,False
LCTX,754,2023-05-15,2026-05-15,False,False
LCUT,754,2023-05-15,2026-05-15,False,False
LDI,754,2023-05-15,2026-05-15,False,False
LDOS,754,2023-05-15,2026-05-15,False,False
LE,754,2023-05-15,2026-05-15,False,False
LEA,754,2023-05-15,2026-05-15,False,False
LECO,754,2023-05-15,2026-05-15,False,False
LEDS,754,2023-05-15,2026-05-15,False,False
LEE,754,2023-05-15,2026-05-15,False,False
LEG,754,2023-05-15,2026-05-15,False,False
LEGH,754,2023-05-15,2026-05-15,False,False
LEGO,43,2026-03-16,2026-05-14,False,False
LEGT,535,2024-03-28,2026-05-15,False,False
LEN-B,754,2023-05-15,2026-05-15,False,False
LEN,754,2023-05-15,2026-05-15,False,False
LENZ,754,2023-05-15,2026-05-15,False,False
LEO,754,2023-05-15,2026-05-15,False,False
LESL,754,2023-05-15,2026-05-15,False,False
LEU,754,2023-05-15,2026-05-15,False,False
LEVI,754,2023-05-15,2026-05-15,False,False
LEXX,754,2023-05-15,2026-05-15,False,False
LFCR,754,2023-05-15,2026-05-15,False,False
LFMD,754,2023-05-15,2026-05-15,False,False
LFST,754,2023-05-15,2026-05-15,False,False
LFT,754,2023-05-15,2026-05-15,False,False
LFUS,754,2023-05-15,2026-05-15,False,False
LFVN,754,2023-05-15,2026-05-15,False,False
LFWD,754,2023-05-15,2026-05-15,False,False
LGCB,603,2023-12-19,2026-05-15,False,False
LGCL,551,2024-03-05,2026-05-14,False,False
LGCY,410,2024-09-26,2026-05-15,False,False
LGIH,754,2023-05-15,2026-05-15,False,False
LGL,754,2023-05-15,2026-05-15,False,False
LGN,170,2025-09-12,2026-05-15,False,False
LGND,754,2023-05-15,2026-05-15,False,False
LGO,754,2023-05-15,2026-05-15,False,False
LGPS,288,2025-03-25,2026-05-15,False,False
LGVN,754,2023-05-15,2026-05-15,False,False
LH,754,2023-05-15,2026-05-15,False,False
LHAI,205,2025-07-24,2026-05-15,False,False
LHSW,281,2025-04-03,2026-05-15,False,False
LHX,754,2023-05-15,2026-05-15,False,False
LICN,754,2023-05-15,2026-05-15,False,False
LIDR,754,2023-05-15,2026-05-15,False,False
LIEN,754,2023-05-15,2026-05-15,False,False
LIF,487,2024-06-06,2026-05-15,False,False
LIFE,75,2026-01-29,2026-05-15,False,False
LII,754,2023-05-15,2026-05-15,False,False
LILA,754,2023-05-15,2026-05-15,False,False
LILAK,754,2023-05-15,2026-05-15,False,False
LIMN,261,2025-05-02,2026-05-15,False,False
LIN,754,2023-05-15,2026-05-15,False,False
LINC,754,2023-05-15,2026-05-15,False,False
LIND,754,2023-05-15,2026-05-15,False,False
LINE,454,2024-07-25,2026-05-15,False,False
LINK,754,2023-05-15,2026-05-15,False,False
LION,754,2023-05-15,2026-05-15,False,False
LIQT,753,2023-05-15,2026-05-14,False,False
LITE,754,2023-05-15,2026-05-15,False,False
LITS,754,2023-05-15,2026-05-15,False,False
LIVE,754,2023-05-15,2026-05-15,False,False
LIVN,754,2023-05-15,2026-05-15,False,False
LIXT,754,2023-05-15,2026-05-15,False,False
LKFN,754,2023-05-15,2026-05-15,False,False
LKQ,754,2023-05-15,2026-05-15,False,False
LLY,754,2023-05-15,2026-05-15,False,False
LLYVA,698,2023-08-04,2026-05-15,False,False
LLYVK,698,2023-08-04,2026-05-15,False,False
LMAT,754,2023-05-15,2026-05-15,False,False
LMB,754,2023-05-15,2026-05-15,False,False
LMND,754,2023-05-15,2026-05-15,False,False
LMNR,754,2023-05-15,2026-05-15,False,False
LMRI,107,2025-12-11,2026-05-15,False,False
LMT,754,2023-05-15,2026-05-15,False,False
LNAI,754,2023-05-15,2026-05-15,False,False
LNC,754,2023-05-15,2026-05-15,False,False
LND,754,2023-05-15,2026-05-15,False,False
LNG,754,2023-05-15,2026-05-15,False,False
LNKS,361,2024-12-05,2026-05-15,False,False
LNN,754,2023-05-15,2026-05-15,False,False
LNSR,754,2023-05-15,2026-05-15,False,False
LNT,754,2023-05-15,2026-05-15,False,False
LNTH,754,2023-05-15,2026-05-15,False,False
LNZA,754,2023-05-15,2026-05-15,False,False
LOAN,754,2023-05-15,2026-05-15,False,False
LOAR,516,2024-04-25,2026-05-15,False,False
LOB,754,2023-05-15,2026-05-15,False,False
LOBO,540,2024-03-21,2026-05-15,False,False
LOCL,754,2023-05-15,2026-05-15,False,False
LOCO,754,2023-05-15,2026-05-15,False,False
LODE,754,2023-05-15,2026-05-15,False,False
LOGI,754,2023-05-15,2026-05-15,False,False
LOMA,754,2023-05-15,2026-05-15,False,False
LONA,754,2023-05-15,2026-05-15,False,False
LOOP,754,2023-05-15,2026-05-15,False,False
LOPE,754,2023-05-15,2026-05-15,False,False
LOVE,754,2023-05-15,2026-05-15,False,False
LOW,754,2023-05-15,2026-05-15,False,False
LPA,535,2024-03-28,2026-05-15,False,False
LPCN,754,2023-05-15,2026-05-15,False,False
LPG,754,2023-05-15,2026-05-15,False,False
LPL,754,2023-05-15,2026-05-15,False,False
LPLA,754,2023-05-15,2026-05-15,False,False
LPRO,754,2023-05-15,2026-05-15,False,False
LPSN,754,2023-05-15,2026-05-15,False,False
LPTH,754,2023-05-15,2026-05-15,False,False
LPX,754,2023-05-15,2026-05-15,False,False
LQDA,754,2023-05-15,2026-05-15,False,False
LQDT,754,2023-05-15,2026-05-15,False,False
LRCX,754,2023-05-15,2026-05-15,False,False
LRHC,653,2023-10-09,2026-05-15,False,False
LRMR,754,2023-05-15,2026-05-15,False,False
LRN,754,2023-05-15,2026-05-15,False,False
LSAK,754,2023-05-15,2026-05-15,False,False
LSBK,753,2023-05-15,2026-05-14,False,False
LSCC,754,2023-05-15,2026-05-15,False,False
LSE,351,2024-12-19,2026-05-15,False,False
LSF,754,2023-05-15,2026-05-15,False,False
LSH,471,2024-06-28,2026-05-14,False,False
LSPD,754,2023-05-15,2026-05-15,False,False
LSTA,754,2023-05-15,2026-05-15,False,False
LSTR,754,2023-05-15,2026-05-15,False,False
LTBR,754,2023-05-15,2026-05-15,False,False
LTC,754,2023-05-15,2026-05-15,False,False
LTH,754,2023-05-15,2026-05-15,False,False
LTRN,754,2023-05-15,2026-05-15,False,False
LTRX,754,2023-05-15,2026-05-15,False,False
LUCD,754,2023-05-15,2026-05-15,False,False
LUCK,754,2023-05-15,2026-05-15,False,False
LUCY,754,2023-05-15,2026-05-15,False,False
LUD,306,2025-02-27,2026-05-15,False,False
LULU,754,2023-05-15,2026-05-15,False,False
LUMN,754,2023-05-15,2026-05-15,False,False
LUNG,754,2023-05-15,2026-05-15,False,False
LUNR,754,2023-05-15,2026-05-15,False,False
LUV,754,2023-05-15,2026-05-15,False,False
LVLU,754,2023-05-15,2026-05-15,False,False
LVO,754,2023-05-15,2026-05-15,False,False
LVS,754,2023-05-15,2026-05-15,False,False
LVWR,754,2023-05-15,2026-05-15,False,False
LW,754,2023-05-15,2026-05-15,False,False
LWAY,754,2023-05-15,2026-05-15,False,False
LWLG,754,2023-05-15,2026-05-15,False,False
LXEO,634,2023-11-03,2026-05-15,False,False
LXFR,754,2023-05-15,2026-05-15,False,False
LXP,754,2023-05-15,2026-05-15,False,False
LXRX,754,2023-05-15,2026-05-15,False,False
LXU,754,2023-05-15,2026-05-15,False,False
LYB,754,2023-05-15,2026-05-15,False,False
LYEL,754,2023-05-15,2026-05-15,False,False
LYFT,754,2023-05-15,2026-05-15,False,False
LYTS,754,2023-05-15,2026-05-15,False,False
LYV,754,2023-05-15,2026-05-15,False,False
LZ,754,2023-05-15,2026-05-15,False,False
LZB,754,2023-05-15,2026-05-15,False,False
LZM,754,2023-05-15,2026-05-15,False,False
LZMH,306,2025-02-27,2026-05-15,False,False
M,754,2023-05-15,2026-05-15,False,False
MA,754,2023-05-15,2026-05-15,False,False
MAAS,754,2023-05-15,2026-05-15,False,False
MAC,754,2023-05-15,2026-05-15,False,False
MAGH,191,2025-08-12,2026-05-14,False,False
MAGN,754,2023-05-15,2026-05-15,False,False
MAIA,754,2023-05-15,2026-05-15,False,False
MAIN,754,2023-05-15,2026-05-15,False,False
MAIR,22,2026-04-16,2026-05-15,False,False
MAKO,754,2023-05-15,2026-05-15,False,False
MAMA,754,2023-05-15,2026-05-15,False,False
MAMK,217,2025-07-07,2026-05-14,False,False
MAMO,533,2024-04-02,2026-05-15,False,False
MAN,754,2023-05-15,2026-05-15,False,False
MANE,71,2026-02-04,2026-05-15,False,False
MANH,754,2023-05-15,2026-05-15,False,False
MAR,754,2023-05-15,2026-05-15,False,False
MARA,754,2023-05-15,2026-05-15,False,False
MAS,754,2023-05-15,2026-05-15,False,False
MASI,754,2023-05-15,2026-05-15,False,False
MASK,339,2025-01-08,2026-05-15,False,False
MASS,754,2023-05-15,2026-05-15,False,False
MAT,754,2023-05-15,2026-05-15,False,False
MATH,754,2023-05-15,2026-05-15,False,False
MATV,754,2023-05-15,2026-05-15,False,False
MATW,754,2023-05-15,2026-05-15,False,False
MATX,754,2023-05-15,2026-05-15,False,False
MAX,754,2023-05-15,2026-05-15,False,False
MAYS,753,2023-05-15,2026-05-14,False,False
MAZE,324,2025-01-31,2026-05-15,False,False
MB,275,2025-04-10,2026-05-14,False,False
MBAI,754,2023-05-15,2026-05-15,False,False
MBAV,412,2024-09-23,2026-05-14,False,False
MBBC,754,2023-05-15,2026-05-15,False,False
MBC,754,2023-05-15,2026-05-15,False,False
MBI,754,2023-05-15,2026-05-15,False,False
MBIN,754,2023-05-15,2026-05-15,False,False
MBIO,754,2023-05-15,2026-05-15,False,False
MBLY,754,2023-05-15,2026-05-15,False,False
MBOT,754,2023-05-15,2026-05-15,False,False
MBRX,754,2023-05-15,2026-05-15,False,False
MBUU,754,2023-05-15,2026-05-15,False,False
MBVI,144,2025-10-17,2026-05-14,False,False
MBWM,754,2023-05-15,2026-05-15,False,False
MBX,419,2024-09-13,2026-05-15,False,False
MC,754,2023-05-15,2026-05-15,False,False
MCB,754,2023-05-15,2026-05-15,False,False
MCBS,754,2023-05-15,2026-05-15,False,False
MCD,754,2023-05-15,2026-05-15,False,False
MCFT,754,2023-05-15,2026-05-15,False,False
MCHB,754,2023-05-15,2026-05-15,False,False
MCHP,754,2023-05-15,2026-05-15,False,False
MCHX,754,2023-05-15,2026-05-15,False,False
MCI,754,2023-05-15,2026-05-15,False,False
MCK,754,2023-05-15,2026-05-15,False,False
MCO,754,2023-05-15,2026-05-15,False,False
MCR,754,2023-05-15,2026-05-15,False,False
MCRB,754,2023-05-15,2026-05-15,False,False
MCRI,754,2023-05-15,2026-05-15,False,False
MCRP,300,2025-03-07,2026-05-15,False,False
MCS,754,2023-05-15,2026-05-15,False,False
MCTA,142,2025-10-21,2026-05-14,False,False
MCW,754,2023-05-15,2026-05-15,False,False
MCY,754,2023-05-15,2026-05-15,False,False
MD,754,2023-05-15,2026-05-15,False,False
MDA,46,2026-03-12,2026-05-15,False,False
MDAI,754,2023-05-15,2026-05-15,False,False
MDB,754,2023-05-15,2026-05-15,False,False
MDBH,664,2023-09-21,2026-05-14,False,False
MDCX,375,2024-11-14,2026-05-15,False,False
MDGL,754,2023-05-15,2026-05-15,False,False
MDIA,754,2023-05-15,2026-05-15,False,False
MDLN,103,2025-12-17,2026-05-15,False,False
MDLZ,754,2023-05-15,2026-05-15,False,False
MDRR,753,2023-05-15,2026-05-14,False,False
MDT,754,2023-05-15,2026-05-15,False,False
MDU,754,2023-05-15,2026-05-15,False,False
MDV,754,2023-05-15,2026-05-15,False,False
MDWD,754,2023-05-15,2026-05-15,False,False
MDXG,754,2023-05-15,2026-05-15,False,False
MDXH,754,2023-05-15,2026-05-15,False,False
MEC,754,2023-05-15,2026-05-15,False,False
MED,754,2023-05-15,2026-05-15,False,False
MEDP,754,2023-05-15,2026-05-15,False,False
MEGL,753,2023-05-15,2026-05-14,False,False
MEHA,132,2025-11-05,2026-05-15,False,False
MEI,754,2023-05-15,2026-05-15,False,False
MELI,754,2023-05-15,2026-05-15,False,False
MENS,230,2025-06-17,2026-05-15,False,False
MEOH,754,2023-05-15,2026-05-15,False,False
MERC,754,2023-05-15,2026-05-15,False,False
MET,754,2023-05-15,2026-05-15,False,False
META,252,2025-05-15,2026-05-15,False,False
METC,754,2023-05-15,2026-05-15,False,False
METCB,731,2023-06-16,2026-05-15,False,False
MFA,754,2023-05-15,2026-05-15,False,False
MFC,754,2023-05-15,2026-05-15,False,False
MFG,754,2023-05-15,2026-05-15,False,False
MFI,519,2024-04-22,2026-05-15,False,False
MFIN,754,2023-05-15,2026-05-15,False,False
MFM,754,2023-05-15,2026-05-15,False,False
MG,754,2023-05-15,2026-05-15,False,False
MGA,754,2023-05-15,2026-05-15,False,False
MGEE,754,2023-05-15,2026-05-15,False,False
MGF,754,2023-05-15,2026-05-15,False,False
MGIH,754,2023-05-15,2026-05-15,False,False
MGLD,754,2023-05-15,2026-05-15,False,False
MGM,754,2023-05-15,2026-05-15,False,False
MGN,160,2025-09-26,2026-05-15,False,False
MGNI,754,2023-05-15,2026-05-15,False,False
MGNX,754,2023-05-15,2026-05-15,False,False
MGPI,754,2023-05-15,2026-05-15,False,False
MGRC,754,2023-05-15,2026-05-15,False,False
MGRT,210,2025-07-16,2026-05-14,False,False
MGRX,754,2023-05-15,2026-05-15,False,False
MGTX,754,2023-05-15,2026-05-15,False,False
MGX,568,2024-02-09,2026-05-15,False,False
MGY,754,2023-05-15,2026-05-15,False,False
MGYR,754,2023-05-15,2026-05-15,False,False
MH,205,2025-07-24,2026-05-15,False,False
MHH,754,2023-05-15,2026-05-15,False,False
MHK,754,2023-05-15,2026-05-15,False,False
MHO,754,2023-05-15,2026-05-15,False,False
MI,754,2023-05-15,2026-05-15,False,False
MIAX,190,2025-08-14,2026-05-15,False,False
MICC,110,2025-12-08,2026-05-15,False,False
MIDD,754,2023-05-15,2026-05-15,False,False
MIMI,338,2025-01-10,2026-05-15,False,False
MIN,754,2023-05-15,2026-05-15,False,False
MIND,754,2023-05-15,2026-05-15,False,False
MINE,77,2026-01-27,2026-05-15,False,False
MIR,754,2023-05-15,2026-05-15,False,False
MIRA,699,2023-08-03,2026-05-15,False,False
MIRM,754,2023-05-15,2026-05-15,False,False
MIST,754,2023-05-15,2026-05-15,False,False
MITK,754,2023-05-15,2026-05-15,False,False
MITQ,754,2023-05-15,2026-05-15,False,False
MITT,754,2023-05-15,2026-05-15,False,False
MKC-V,754,2023-05-15,2026-05-15,False,False
MKC,754,2023-05-15,2026-05-15,False,False
MKDW,754,2023-05-15,2026-05-15,False,False
MKL,754,2023-05-15,2026-05-15,False,False
MKSI,754,2023-05-15,2026-05-15,False,False
MKTW,754,2023-05-15,2026-05-15,False,False
MKTX,754,2023-05-15,2026-05-15,False,False
MKZR,466,2024-07-09,2026-05-15,False,False
MLAB,754,2023-05-15,2026-05-15,False,False
MLCI,754,2023-05-15,2026-05-15,False,False
MLEC,753,2023-05-15,2026-05-14,False,False
MLGO,754,2023-05-15,2026-05-15,False,False
MLI,754,2023-05-15,2026-05-15,False,False
MLKN,754,2023-05-15,2026-05-15,False,False
MLM,754,2023-05-15,2026-05-15,False,False
MLP,754,2023-05-15,2026-05-15,False,False
MLR,754,2023-05-15,2026-05-15,False,False
MLSS,754,2023-05-15,2026-05-15,False,False
MLTX,754,2023-05-15,2026-05-15,False,False
MLYS,754,2023-05-15,2026-05-15,False,False
MMA,535,2024-03-28,2026-05-15,False,False
MMED,50,2026-03-06,2026-05-15,False,False
MMI,754,2023-05-15,2026-05-15,False,False
MMM,754,2023-05-15,2026-05-15,False,False
MMS,754,2023-05-15,2026-05-15,False,False
MMSI,754,2023-05-15,2026-05-15,False,False
MMT,754,2023-05-15,2026-05-15,False,False
MMYT,754,2023-05-15,2026-05-15,False,False
MNDO,754,2023-05-15,2026-05-15,False,False
MNDR,527,2024-04-10,2026-05-15,False,False
MNDY,754,2023-05-15,2026-05-15,False,False
MNKD,754,2023-05-15,2026-05-15,False,False
MNOV,754,2023-05-15,2026-05-15,False,False
MNPR,754,2023-05-15,2026-05-15,False,False
MNRO,754,2023-05-15,2026-05-15,False,False
MNSB,754,2023-05-15,2026-05-15,False,False
MNST,754,2023-05-15,2026-05-15,False,False
MNTK,754,2023-05-15,2026-05-15,False,False
MNTN,247,2025-05-22,2026-05-15,False,False
MNTS,754,2023-05-15,2026-05-15,False,False
MNY,754,2023-05-15,2026-05-15,False,False
MO,754,2023-05-15,2026-05-15,False,False
MOB,754,2023-05-15,2026-05-15,False,False
MOBI,6,2026-05-08,2026-05-15,False,False
MOBX,754,2023-05-15,2026-05-15,False,False
MOD,754,2023-05-15,2026-05-15,False,False
MODD,754,2023-05-15,2026-05-15,False,False
MOG-A,754,2023-05-15,2026-05-15,False,False
MOG-B,753,2023-05-15,2026-05-14,False,False
MOH,754,2023-05-15,2026-05-15,False,False
MORN,754,2023-05-15,2026-05-15,False,False
MOS,754,2023-05-15,2026-05-15,False,False
MOV,754,2023-05-15,2026-05-15,False,False
MOVE,754,2023-05-15,2026-05-15,False,False
MP,754,2023-05-15,2026-05-15,False,False
MPAA,754,2023-05-15,2026-05-15,False,False
MPB,754,2023-05-15,2026-05-15,False,False
MPC,754,2023-05-15,2026-05-15,False,False
MPLT,139,2025-10-27,2026-05-15,False,False
MPT,754,2023-05-15,2026-05-15,False,False
MPTI,754,2023-05-15,2026-05-15,False,False
MPU,754,2023-05-15,2026-05-15,False,False
MPV,754,2023-05-15,2026-05-15,False,False
MPWR,754,2023-05-15,2026-05-15,False,False
MQ,754,2023-05-15,2026-05-15,False,False
MRAM,754,2023-05-15,2026-05-15,False,False
MRBK,754,2023-05-15,2026-05-15,False,False
MRCY,754,2023-05-15,2026-05-15,False,False
MRDN,754,2023-05-15,2026-05-15,False,False
MRK,754,2023-05-15,2026-05-15,False,False
MRKR,754,2023-05-15,2026-05-15,False,False
MRLN,364,2024-12-02,2026-05-15,False,False
MRNA,754,2023-05-15,2026-05-15,False,False
MRNO,754,2023-05-15,2026-05-15,False,False
MRP,321,2025-02-05,2026-05-15,False,False
MRSH,754,2023-05-15,2026-05-15,False,False
MRT,754,2023-05-15,2026-05-15,False,False
MRTN,754,2023-05-15,2026-05-15,False,False
MRVI,754,2023-05-15,2026-05-15,False,False
MRVL,754,2023-05-15,2026-05-15,False,False
MRX,516,2024-04-25,2026-05-15,False,False
MS,754,2023-05-15,2026-05-15,False,False
MSA,754,2023-05-15,2026-05-15,False,False
MSAI,754,2023-05-15,2026-05-15,False,False
MSB,754,2023-05-15,2026-05-15,False,False
MSBI,754,2023-05-15,2026-05-15,False,False
MSCI,754,2023-05-15,2026-05-15,False,False
MSEX,754,2023-05-15,2026-05-15,False,False
MSFT,754,2023-05-15,2026-05-15,False,False
MSGE,754,2023-05-15,2026-05-15,False,False
MSGM,754,2023-05-15,2026-05-15,False,False
MSGS,754,2023-05-15,2026-05-15,False,False
MSGY,217,2025-07-08,2026-05-15,False,False
MSI,754,2023-05-15,2026-05-15,False,False
MSLE,754,2023-05-15,2026-05-15,False,False
MSM,754,2023-05-15,2026-05-15,False,False
MSN,754,2023-05-15,2026-05-15,False,False
MSS,655,2023-10-05,2026-05-15,False,False
MSTR,754,2023-05-15,2026-05-15,False,False
MSW,369,2024-11-22,2026-05-15,False,False
MT,754,2023-05-15,2026-05-15,False,False
MTA,754,2023-05-15,2026-05-15,False,False
MTB,754,2023-05-15,2026-05-15,False,False
MTC,754,2023-05-15,2026-05-15,False,False
MTCH,754,2023-05-15,2026-05-15,False,False
MTD,754,2023-05-15,2026-05-15,False,False
MTDR,754,2023-05-15,2026-05-15,False,False
MTEK,754,2023-05-15,2026-05-15,False,False
MTEN,520,2024-04-19,2026-05-15,False,False
MTEX,753,2023-05-15,2026-05-14,False,False
MTG,754,2023-05-15,2026-05-15,False,False
MTH,754,2023-05-15,2026-05-15,False,False
MTN,754,2023-05-15,2026-05-15,False,False
MTNB,754,2023-05-15,2026-05-15,False,False
MTR,753,2023-05-15,2026-05-14,False,False
MTRN,754,2023-05-15,2026-05-15,False,False
MTRX,754,2023-05-15,2026-05-15,False,False
MTSI,754,2023-05-15,2026-05-15,False,False
MTUS,754,2023-05-15,2026-05-15,False,False
MTVA,754,2023-05-15,2026-05-15,False,False
MTW,754,2023-05-15,2026-05-15,False,False
MTX,754,2023-05-15,2026-05-15,False,False
MTZ,754,2023-05-15,2026-05-15,False,False
MU,754,2023-05-15,2026-05-15,False,False
MUFG,754,2023-05-15,2026-05-15,False,False
MUR,754,2023-05-15,2026-05-15,False,False
MUSA,754,2023-05-15,2026-05-15,False,False
MUX,754,2023-05-15,2026-05-15,False,False
MVBF,754,2023-05-15,2026-05-15,False,False
MVIS,754,2023-05-15,2026-05-15,False,False
MVST,754,2023-05-15,2026-05-15,False,False
MWA,754,2023-05-15,2026-05-15,False,False
MWG,754,2023-05-15,2026-05-15,False,False
MWH,65,2026-02-12,2026-05-15,False,False
MWYN,296,2025-03-13,2026-05-15,False,False
MX,754,2023-05-15,2026-05-15,False,False
MXC,754,2023-05-15,2026-05-15,False,False
MXCT,754,2023-05-15,2026-05-15,False,False
MXL,754,2023-05-15,2026-05-15,False,False
MYE,754,2023-05-15,2026-05-15,False,False
MYFW,753,2023-05-15,2026-05-14,False,False
MYGN,754,2023-05-15,2026-05-15,False,False
MYO,754,2023-05-15,2026-05-15,False,False
MYPS,754,2023-05-15,2026-05-15,False,False
MYRG,754,2023-05-15,2026-05-15,False,False
MYSE,754,2023-05-15,2026-05-15,False,False
MYSZ,754,2023-05-15,2026-05-15,False,False
MZTI,754,2023-05-15,2026-05-15,False,False
NABL,754,2023-05-15,2026-05-15,False,False
NAGE,754,2023-05-15,2026-05-15,False,False
NAII,754,2023-05-15,2026-05-15,False,False
NAK,754,2023-05-15,2026-05-15,False,False
NAKA,491,2024-05-31,2026-05-15,False,False
NAMM,237,2025-06-06,2026-05-15,False,False
NAMS,754,2023-05-15,2026-05-15,False,False
NAT,754,2023-05-15,2026-05-15,False,False
NATH,754,2023-05-15,2026-05-15,False,False
NATL,651,2023-10-11,2026-05-15,False,False
NATR,754,2023-05-15,2026-05-15,False,False
NAUT,754,2023-05-15,2026-05-15,False,False
NAVI,754,2023-05-15,2026-05-15,False,False
NAVN,136,2025-10-30,2026-05-15,False,False
NB,754,2023-05-15,2026-05-15,False,False
NBBK,597,2023-12-28,2026-05-15,False,False
NBHC,754,2023-05-15,2026-05-15,False,False
NBIS,393,2024-10-21,2026-05-15,False,False
NBIX,754,2023-05-15,2026-05-15,False,False
NBN,754,2023-05-15,2026-05-15,False,False
NBR,754,2023-05-15,2026-05-15,False,False
NBRG,38,2026-03-23,2026-05-14,False,False
NBTB,754,2023-05-15,2026-05-15,False,False
NBTX,754,2023-05-15,2026-05-15,False,False
NC,754,2023-05-15,2026-05-15,False,False
NCDL,579,2024-01-25,2026-05-15,False,False
NCEL,754,2023-05-15,2026-05-15,False,False
NCEW,351,2024-12-18,2026-05-14,False,False
NCI,518,2024-04-23,2026-05-15,False,False
NCL,645,2023-10-19,2026-05-15,False,False
NCLH,754,2023-05-15,2026-05-15,False,False
NCMI,754,2023-05-15,2026-05-15,False,False
NCNO,754,2023-05-15,2026-05-15,False,False
NCPL,754,2023-05-15,2026-05-15,False,False
NCRA,754,2023-05-15,2026-05-15,False,False
NCSM,754,2023-05-15,2026-05-15,False,False
NCT,285,2025-03-28,2026-05-15,False,False
NCTY,754,2023-05-15,2026-05-15,False,False
NDAQ,754,2023-05-15,2026-05-15,False,False
NDLS,754,2023-05-15,2026-05-15,False,False
NDRA,754,2023-05-15,2026-05-15,False,False
NDSN,754,2023-05-15,2026-05-15,False,False
NE,754,2023-05-15,2026-05-15,False,False
NEE,754,2023-05-15,2026-05-15,False,False
NEGG,754,2023-05-15,2026-05-15,False,False
NEM,754,2023-05-15,2026-05-15,False,False
NEO,754,2023-05-15,2026-05-15,False,False
NEOG,754,2023-05-15,2026-05-15,False,False
NEON,754,2023-05-15,2026-05-15,False,False
NEOV,754,2023-05-15,2026-05-15,False,False
NEPH,754,2023-05-15,2026-05-15,False,False
NERV,754,2023-05-15,2026-05-15,False,False
NET,754,2023-05-15,2026-05-15,False,False
NEU,754,2023-05-15,2026-05-15,False,False
NEUP,754,2023-05-15,2026-05-15,False,False
NEWP,754,2023-05-15,2026-05-15,False,False
NEWT,754,2023-05-15,2026-05-15,False,False
NEXA,754,2023-05-15,2026-05-15,False,False
NEXM,754,2023-05-15,2026-05-15,False,False
NEXN,754,2023-05-15,2026-05-15,False,False
NEXR,754,2023-05-15,2026-05-15,False,False
NEXT,754,2023-05-15,2026-05-15,False,False
NFBK,754,2023-05-15,2026-05-15,False,False
NFE,754,2023-05-15,2026-05-15,False,False
NFG,754,2023-05-15,2026-05-15,False,False
NFGC,754,2023-05-15,2026-05-15,False,False
NG,754,2023-05-15,2026-05-15,False,False
NGEN,754,2023-05-15,2026-05-15,False,False
NGNE,754,2023-05-15,2026-05-15,False,False
NGS,754,2023-05-15,2026-05-15,False,False
NGVC,754,2023-05-15,2026-05-15,False,False
NGVT,754,2023-05-15,2026-05-15,False,False
NHC,754,2023-05-15,2026-05-15,False,False
NHI,754,2023-05-15,2026-05-15,False,False
NHIC,270,2025-04-17,2026-05-14,False,False
NHP,18,2026-04-22,2026-05-15,False,False
NHTC,754,2023-05-15,2026-05-15,False,False
NI,754,2023-05-15,2026-05-15,False,False
NIC,754,2023-05-15,2026-05-15,False,False
NINE,33,2026-03-31,2026-05-15,False,False
NIQ,206,2025-07-23,2026-05-15,False,False
NIVF,754,2023-05-15,2026-05-15,False,False
NIXX,754,2023-05-15,2026-05-15,False,False
NJR,754,2023-05-15,2026-05-15,False,False
NKE,754,2023-05-15,2026-05-15,False,False
NKLR,154,2025-10-06,2026-05-15,False,False
NKSH,754,2023-05-15,2026-05-15,False,False
NKTR,754,2023-05-15,2026-05-15,False,False
NKTX,754,2023-05-15,2026-05-15,False,False
NL,754,2023-05-15,2026-05-15,False,False
NLOP,639,2023-10-27,2026-05-15,False,False
NLY,754,2023-05-15,2026-05-15,False,False
NMAX,284,2025-03-31,2026-05-15,False,False
NMFC,754,2023-05-15,2026-05-15,False,False
NMG,754,2023-05-15,2026-05-15,False,False
NMIH,754,2023-05-15,2026-05-15,False,False
NMRA,670,2023-09-14,2026-05-15,False,False
NMRK,754,2023-05-15,2026-05-15,False,False
NMTC,754,2023-05-15,2026-05-15,False,False
NN,754,2023-05-15,2026-05-15,False,False
NNBR,754,2023-05-15,2026-05-15,False,False
NNE,507,2024-05-08,2026-05-15,False,False
NNI,754,2023-05-15,2026-05-15,False,False
NNN,754,2023-05-15,2026-05-15,False,False
NNNN,312,2025-02-19,2026-05-15,False,False
NNOX,754,2023-05-15,2026-05-15,False,False
NNVC,754,2023-05-15,2026-05-15,False,False
NOA,754,2023-05-15,2026-05-15,False,False
NOC,754,2023-05-15,2026-05-15,False,False
NODK,753,2023-05-15,2026-05-14,False,False
NOEM,334,2025-01-16,2026-05-15,False,False
NOG,754,2023-05-15,2026-05-15,False,False
NOMA,134,2025-11-03,2026-05-15,False,False
NOMD,754,2023-05-15,2026-05-15,False,False
NOTV,754,2023-05-15,2026-05-15,False,False
NOV,754,2023-05-15,2026-05-15,False,False
NOVT,754,2023-05-15,2026-05-15,False,False
NOW,754,2023-05-15,2026-05-15,False,False
NP,157,2025-10-01,2026-05-15,False,False
NPB,313,2025-02-18,2026-05-15,False,False
NPCE,754,2023-05-15,2026-05-15,False,False
NPK,754,2023-05-15,2026-05-15,False,False
NPKI,754,2023-05-15,2026-05-15,False,False
NPO,754,2023-05-15,2026-05-15,False,False
NPT,142,2025-10-22,2026-05-15,False,False
NPWR,754,2023-05-15,2026-05-15,False,False
NRC,754,2023-05-15,2026-05-15,False,False
NRDS,754,2023-05-15,2026-05-15,False,False
NRDY,754,2023-05-15,2026-05-15,False,False
NREF,754,2023-05-15,2026-05-15,False,False
NRG,754,2023-05-15,2026-05-15,False,False
NRGV,754,2023-05-15,2026-05-15,False,False
NRIM,754,2023-05-15,2026-05-15,False,False
NRIX,754,2023-05-15,2026-05-15,False,False
NRP,754,2023-05-15,2026-05-15,False,False
NRSN,754,2023-05-15,2026-05-15,False,False
NRT,754,2023-05-15,2026-05-15,False,False
NRXP,754,2023-05-15,2026-05-15,False,False
NRXS,695,2023-08-09,2026-05-15,False,False
NSA,754,2023-05-15,2026-05-15,False,False
NSC,754,2023-05-15,2026-05-15,False,False
NSIT,754,2023-05-15,2026-05-15,False,False
NSP,754,2023-05-15,2026-05-15,False,False
NSPR,754,2023-05-15,2026-05-15,False,False
NSRX,191,2025-08-13,2026-05-15,False,False
NSSC,754,2023-05-15,2026-05-15,False,False
NSTS,754,2023-05-15,2026-05-15,False,False
NSYS,754,2023-05-15,2026-05-15,False,False
NTAP,754,2023-05-15,2026-05-15,False,False
NTB,754,2023-05-15,2026-05-15,False,False
NTCL,355,2024-12-13,2026-05-15,False,False
NTCT,754,2023-05-15,2026-05-15,False,False
NTGR,754,2023-05-15,2026-05-15,False,False
NTHI,287,2025-03-26,2026-05-15,False,False
NTIC,754,2023-05-15,2026-05-15,False,False
NTIP,754,2023-05-15,2026-05-15,False,False
NTLA,754,2023-05-15,2026-05-15,False,False
NTNX,754,2023-05-15,2026-05-15,False,False
NTR,754,2023-05-15,2026-05-15,False,False
NTRA,754,2023-05-15,2026-05-15,False,False
NTRB,753,2023-05-15,2026-05-14,False,False
NTRP,754,2023-05-15,2026-05-15,False,False
NTRS,754,2023-05-15,2026-05-15,False,False
NTSK,166,2025-09-18,2026-05-15,False,False
NTST,754,2023-05-15,2026-05-15,False,False
NTWK,754,2023-05-15,2026-05-15,False,False
NTZ,754,2023-05-15,2026-05-15,False,False
NU,754,2023-05-15,2026-05-15,False,False
NUAI,754,2023-05-15,2026-05-15,False,False
NUCL,57,2026-02-25,2026-05-15,False,False
NUE,754,2023-05-15,2026-05-15,False,False
NUS,754,2023-05-15,2026-05-15,False,False
NUTR,188,2025-08-15,2026-05-14,False,False
NUTX,754,2023-05-15,2026-05-15,False,False
NUVB,754,2023-05-15,2026-05-15,False,False
NUVL,754,2023-05-15,2026-05-15,False,False
NUWE,754,2023-05-15,2026-05-15,False,False
NVAX,754,2023-05-15,2026-05-15,False,False
NVCR,754,2023-05-15,2026-05-15,False,False
NVCT,754,2023-05-15,2026-05-15,False,False
NVDA,754,2023-05-15,2026-05-15,False,False
NVEC,754,2023-05-15,2026-05-15,False,False
NVGS,754,2023-05-15,2026-05-15,False,False
NVMI,754,2023-05-15,2026-05-15,False,False
NVNI,754,2023-05-15,2026-05-15,False,False
NVNO,754,2023-05-15,2026-05-15,False,False
NVO,754,2023-05-15,2026-05-15,False,False
NVR,754,2023-05-15,2026-05-15,False,False
NVRI,754,2023-05-15,2026-05-15,False,False
NVS,754,2023-05-15,2026-05-15,False,False
NVST,754,2023-05-15,2026-05-15,False,False
NVT,754,2023-05-15,2026-05-15,False,False
NVTS,754,2023-05-15,2026-05-15,False,False
NVVE,754,2023-05-15,2026-05-15,False,False
NVX,754,2023-05-15,2026-05-15,False,False
NWAX,78,2026-01-26,2026-05-15,False,False
NWBI,754,2023-05-15,2026-05-15,False,False
NWE,754,2023-05-15,2026-05-15,False,False
NWFL,754,2023-05-15,2026-05-15,False,False
NWL,754,2023-05-15,2026-05-15,False,False
NWN,754,2023-05-15,2026-05-15,False,False
NWPX,754,2023-05-15,2026-05-15,False,False
NWS,754,2023-05-15,2026-05-15,False,False
NWSA,754,2023-05-15,2026-05-15,False,False
NWTG,691,2023-08-15,2026-05-15,False,False
NX,754,2023-05-15,2026-05-15,False,False
NXDR,754,2023-05-15,2026-05-15,False,False
NXDT,754,2023-05-15,2026-05-15,False,False
NXE,754,2023-05-15,2026-05-15,False,False
NXGL,754,2023-05-15,2026-05-15,False,False
NXL,754,2023-05-15,2026-05-15,False,False
NXP,754,2023-05-15,2026-05-15,False,False
NXPI,754,2023-05-15,2026-05-15,False,False
NXPL,754,2023-05-15,2026-05-15,False,False
NXRT,754,2023-05-15,2026-05-15,False,False
NXST,754,2023-05-15,2026-05-15,False,False
NXT,754,2023-05-15,2026-05-15,False,False
NXTC,754,2023-05-15,2026-05-15,False,False
NXTS,754,2023-05-15,2026-05-15,False,False
NXTT,754,2023-05-15,2026-05-15,False,False
NXXT,754,2023-05-15,2026-05-15,False,False
NYAX,754,2023-05-15,2026-05-15,False,False
NYC,754,2023-05-15,2026-05-15,False,False
NYT,754,2023-05-15,2026-05-15,False,False
NYXH,754,2023-05-15,2026-05-15,False,False
O,754,2023-05-15,2026-05-15,False,False
OABI,754,2023-05-15,2026-05-15,False,False
OBA,188,2025-08-15,2026-05-14,False,False
OBAI,71,2026-02-04,2026-05-15,False,False
OBDC,754,2023-05-15,2026-05-15,False,False
OBE,754,2023-05-15,2026-05-15,False,False
OBIO,754,2023-05-15,2026-05-15,False,False
OBK,754,2023-05-15,2026-05-15,False,False
OBT,754,2023-05-15,2026-05-15,False,False
OC,754,2023-05-15,2026-05-15,False,False
OCC,754,2023-05-15,2026-05-15,False,False
OCFC,754,2023-05-15,2026-05-15,False,False
OCG,754,2023-05-15,2026-05-15,False,False
OCGN,754,2023-05-15,2026-05-15,False,False
OCS,754,2023-05-15,2026-05-15,False,False
OCUL,754,2023-05-15,2026-05-15,False,False
ODC,754,2023-05-15,2026-05-15,False,False
ODD,710,2023-07-19,2026-05-15,False,False
ODFL,754,2023-05-15,2026-05-15,False,False
ODTX,6,2026-05-08,2026-05-15,False,False
ODV,754,2023-05-15,2026-05-15,False,False
ODYS,754,2023-05-15,2026-05-15,False,False
OEC,754,2023-05-15,2026-05-15,False,False
OESX,754,2023-05-15,2026-05-15,False,False
OFAL,248,2025-05-21,2026-05-15,False,False
OFG,754,2023-05-15,2026-05-15,False,False
OFIX,754,2023-05-15,2026-05-15,False,False
OFLX,754,2023-05-15,2026-05-15,False,False
OFRM,69,2026-02-06,2026-05-15,False,False
OGC,754,2023-05-15,2026-05-15,False,False
OGE,754,2023-05-15,2026-05-15,False,False
OGEN,754,2023-05-15,2026-05-15,False,False
OGI,754,2023-05-15,2026-05-15,False,False
OGN,754,2023-05-15,2026-05-15,False,False
OGS,754,2023-05-15,2026-05-15,False,False
OHI,754,2023-05-15,2026-05-15,False,False
OI,754,2023-05-15,2026-05-15,False,False
OII,754,2023-05-15,2026-05-15,False,False
OIO,754,2023-05-15,2026-05-15,False,False
OIS,754,2023-05-15,2026-05-15,False,False
OKE,754,2023-05-15,2026-05-15,False,False
OKLO,754,2023-05-15,2026-05-15,False,False
OKTA,754,2023-05-15,2026-05-15,False,False
OKUR,754,2023-05-15,2026-05-15,False,False
OKYO,754,2023-05-15,2026-05-15,False,False
OLB,754,2023-05-15,2026-05-15,False,False
OLED,754,2023-05-15,2026-05-15,False,False
OLLI,754,2023-05-15,2026-05-15,False,False
OLMA,754,2023-05-15,2026-05-15,False,False
OLN,754,2023-05-15,2026-05-15,False,False
OLOX,754,2023-05-15,2026-05-15,False,False
OLP,754,2023-05-15,2026-05-15,False,False
OLPX,754,2023-05-15,2026-05-15,False,False
OM,754,2023-05-15,2026-05-15,False,False
OMC,754,2023-05-15,2026-05-15,False,False
OMCL,754,2023-05-15,2026-05-15,False,False
OMDA,237,2025-06-06,2026-05-15,False,False
OMER,754,2023-05-15,2026-05-15,False,False
OMEX,754,2023-05-15,2026-05-15,False,False
OMF,754,2023-05-15,2026-05-15,False,False
OMH,753,2023-05-15,2026-05-14,False,False
OMSE,254,2025-05-13,2026-05-15,False,False
ON,754,2023-05-15,2026-05-15,False,False
ONB,754,2023-05-15,2026-05-15,False,False
ONCO,754,2023-05-15,2026-05-15,False,False
ONCY,754,2023-05-15,2026-05-15,False,False
ONDS,754,2023-05-15,2026-05-15,False,False
ONEG,344,2024-12-31,2026-05-15,False,False
ONEW,754,2023-05-15,2026-05-15,False,False
ONFO,754,2023-05-15,2026-05-15,False,False
ONIT,754,2023-05-15,2026-05-15,False,False
ONL,754,2023-05-15,2026-05-15,False,False
ONMD,754,2023-05-15,2026-05-15,False,False
ONON,754,2023-05-15,2026-05-15,False,False
ONT,754,2023-05-15,2026-05-15,False,False
ONTO,754,2023-05-15,2026-05-15,False,False
OOMA,754,2023-05-15,2026-05-15,False,False
OPAD,754,2023-05-15,2026-05-15,False,False
OPAL,754,2023-05-15,2026-05-15,False,False
OPBK,754,2023-05-15,2026-05-15,False,False
OPCH,754,2023-05-15,2026-05-15,False,False
OPEN,754,2023-05-15,2026-05-15,False,False
OPFI,754,2023-05-15,2026-05-15,False,False
OPHC,754,2023-05-15,2026-05-15,False,False
OPK,754,2023-05-15,2026-05-15,False,False
OPLN,754,2023-05-15,2026-05-15,False,False
OPRT,754,2023-05-15,2026-05-15,False,False
OPRX,754,2023-05-15,2026-05-15,False,False
OPTT,754,2023-05-15,2026-05-15,False,False
OPTU,754,2023-05-15,2026-05-15,False,False
OPTX,754,2023-05-15,2026-05-15,False,False
OPXS,754,2023-05-15,2026-05-15,False,False
OPY,754,2023-05-15,2026-05-15,False,False
OR,754,2023-05-15,2026-05-15,False,False
ORA,754,2023-05-15,2026-05-15,False,False
ORBS,754,2023-05-15,2026-05-15,False,False
ORC,754,2023-05-15,2026-05-15,False,False
ORCL,754,2023-05-15,2026-05-15,False,False
ORGN,754,2023-05-15,2026-05-15,False,False
ORGO,754,2023-05-15,2026-05-15,False,False
ORI,754,2023-05-15,2026-05-15,False,False
ORIC,754,2023-05-15,2026-05-15,False,False
ORIO,754,2023-05-15,2026-05-15,False,False
ORIQ,172,2025-09-09,2026-05-14,False,False
ORIS,394,2024-10-18,2026-05-15,False,False
ORKA,754,2023-05-15,2026-05-15,False,False
ORKT,454,2024-07-25,2026-05-15,False,False
ORLA,754,2023-05-15,2026-05-15,False,False
ORLY,754,2023-05-15,2026-05-15,False,False
ORMP,754,2023-05-15,2026-05-15,False,False
ORN,754,2023-05-15,2026-05-15,False,False
ORRF,754,2023-05-15,2026-05-15,False,False
OSBC,754,2023-05-15,2026-05-15,False,False
OSCR,754,2023-05-15,2026-05-15,False,False
OSG,754,2023-05-15,2026-05-15,False,False
OSIS,754,2023-05-15,2026-05-15,False,False
OSK,754,2023-05-15,2026-05-15,False,False
OSPN,754,2023-05-15,2026-05-15,False,False
OSRH,754,2023-05-15,2026-05-15,False,False
OSS,754,2023-05-15,2026-05-15,False,False
OST,753,2023-05-15,2026-05-14,False,False
OSTX,449,2024-08-01,2026-05-15,False,False
OSUR,754,2023-05-15,2026-05-15,False,False
OSW,754,2023-05-15,2026-05-15,False,False
OTEX,754,2023-05-15,2026-05-15,False,False
OTF,233,2025-06-12,2026-05-15,False,False
OTH,126,2025-11-13,2026-05-15,False,False
OTIS,754,2023-05-15,2026-05-15,False,False
OTLK,754,2023-05-15,2026-05-15,False,False
OTTR,754,2023-05-15,2026-05-15,False,False
OUST,754,2023-05-15,2026-05-15,False,False
OUT,754,2023-05-15,2026-05-15,False,False
OVBC,754,2023-05-15,2026-05-15,False,False
OVID,754,2023-05-15,2026-05-15,False,False
OVLY,754,2023-05-15,2026-05-15,False,False
OVV,754,2023-05-15,2026-05-15,False,False
OWL,754,2023-05-15,2026-05-15,False,False
OWLS,146,2025-10-16,2026-05-15,False,False
OWLT,754,2023-05-15,2026-05-15,False,False
OXBR,754,2023-05-15,2026-05-15,False,False
OXM,754,2023-05-15,2026-05-15,False,False
OXY,754,2023-05-15,2026-05-15,False,False
OZK,754,2023-05-15,2026-05-15,False,False
P,754,2023-05-15,2026-05-15,False,False
PAAS,754,2023-05-15,2026-05-15,False,False
PAC,754,2023-05-15,2026-05-15,False,False
PACB,754,2023-05-15,2026-05-15,False,False
PACH,188,2025-08-15,2026-05-14,False,False
PACK,754,2023-05-15,2026-05-15,False,False
PACS,526,2024-04-11,2026-05-15,False,False
PAG,754,2023-05-15,2026-05-15,False,False
PAGP,754,2023-05-15,2026-05-15,False,False
PAGS,754,2023-05-15,2026-05-15,False,False
PAHC,754,2023-05-15,2026-05-15,False,False
PAL,506,2024-05-09,2026-05-15,False,False
PALI,754,2023-05-15,2026-05-15,False,False
PAM,754,2023-05-15,2026-05-15,False,False
PAMT,754,2023-05-15,2026-05-15,False,False
PANL,754,2023-05-15,2026-05-15,False,False
PANW,754,2023-05-15,2026-05-15,False,False
PAPL,636,2023-11-01,2026-05-15,False,False
PAR,754,2023-05-15,2026-05-15,False,False
PARK,112,2025-12-03,2026-05-14,False,False
PARR,754,2023-05-15,2026-05-15,False,False
PASG,754,2023-05-15,2026-05-15,False,False
PASW,209,2025-07-18,2026-05-15,False,False
PATH,754,2023-05-15,2026-05-15,False,False
PATK,754,2023-05-15,2026-05-15,False,False
PAVM,754,2023-05-15,2026-05-15,False,False
PAVS,754,2023-05-15,2026-05-15,False,False
PAX,754,2023-05-15,2026-05-15,False,False
PAY,754,2023-05-15,2026-05-15,False,False
PAYC,754,2023-05-15,2026-05-15,False,False
PAYO,754,2023-05-15,2026-05-15,False,False
PAYP,46,2026-03-12,2026-05-15,False,False
PAYS,754,2023-05-15,2026-05-15,False,False
PAYX,754,2023-05-15,2026-05-15,False,False
PB,754,2023-05-15,2026-05-15,False,False
PBA,754,2023-05-15,2026-05-15,False,False
PBF,754,2023-05-15,2026-05-15,False,False
PBFS,753,2023-05-15,2026-05-14,False,False
PBH,754,2023-05-15,2026-05-15,False,False
PBHC,753,2023-05-15,2026-05-14,False,False
PBI,754,2023-05-15,2026-05-15,False,False
PBM,754,2023-05-15,2026-05-15,False,False
PBR,754,2023-05-15,2026-05-15,False,False
PBT,754,2023-05-15,2026-05-15,False,False
PBYI,754,2023-05-15,2026-05-15,False,False
PC,410,2024-09-25,2026-05-14,False,False
PCAR,754,2023-05-15,2026-05-15,False,False
PCB,754,2023-05-15,2026-05-15,False,False
PCG,754,2023-05-15,2026-05-15,False,False
PCOR,754,2023-05-15,2026-05-15,False,False
PCRX,754,2023-05-15,2026-05-15,False,False
PCSA,754,2023-05-15,2026-05-15,False,False
PCSC,483,2024-06-12,2026-05-15,False,False
PCT,754,2023-05-15,2026-05-15,False,False
PCTY,754,2023-05-15,2026-05-15,False,False
PCVX,754,2023-05-15,2026-05-15,False,False
PCYO,754,2023-05-15,2026-05-15,False,False
PD,754,2023-05-15,2026-05-15,False,False
PDCC,459,2024-07-18,2026-05-15,False,False
PDEX,754,2023-05-15,2026-05-15,False,False
PDFS,754,2023-05-15,2026-05-15,False,False
PDLB,754,2023-05-15,2026-05-15,False,False
PDM,754,2023-05-15,2026-05-15,False,False
PDS,754,2023-05-15,2026-05-15,False,False
PDSB,754,2023-05-15,2026-05-15,False,False
PDYN,754,2023-05-15,2026-05-15,False,False
PEB,754,2023-05-15,2026-05-15,False,False
PEBK,754,2023-05-15,2026-05-15,False,False
PEBO,754,2023-05-15,2026-05-15,False,False
PECO,754,2023-05-15,2026-05-15,False,False
PED,754,2023-05-15,2026-05-15,False,False
PEG,754,2023-05-15,2026-05-15,False,False
PEGA,754,2023-05-15,2026-05-15,False,False
PEN,754,2023-05-15,2026-05-15,False,False
PENG,754,2023-05-15,2026-05-15,False,False
PENN,754,2023-05-15,2026-05-15,False,False
PEP,754,2023-05-15,2026-05-15,False,False
PEPG,754,2023-05-15,2026-05-15,False,False
PERF,754,2023-05-15,2026-05-15,False,False
PERI,754,2023-05-15,2026-05-15,False,False
PESI,754,2023-05-15,2026-05-15,False,False
PETS,754,2023-05-15,2026-05-15,False,False
PETZ,754,2023-05-15,2026-05-15,False,False
PEW,588,2024-01-11,2026-05-15,False,False
PFAI,269,2025-04-21,2026-05-14,False,False
PFE,754,2023-05-15,2026-05-15,False,False
PFG,754,2023-05-15,2026-05-15,False,False
PFGC,754,2023-05-15,2026-05-15,False,False
PFIS,754,2023-05-15,2026-05-15,False,False
PFLT,754,2023-05-15,2026-05-15,False,False
PFS,754,2023-05-15,2026-05-15,False,False
PFSA,214,2025-07-11,2026-05-15,False,False
PFSI,754,2023-05-15,2026-05-15,False,False
PFX,754,2023-05-15,2026-05-15,False,False
PG,754,2023-05-15,2026-05-15,False,False
PGC,754,2023-05-15,2026-05-15,False,False
PGEN,754,2023-05-15,2026-05-15,False,False
PGNY,754,2023-05-15,2026-05-15,False,False
PGR,754,2023-05-15,2026-05-15,False,False
PGY,754,2023-05-15,2026-05-15,False,False
PH,754,2023-05-15,2026-05-15,False,False
PHAR,754,2023-05-15,2026-05-15,False,False
PHAT,754,2023-05-15,2026-05-15,False,False
PHG,754,2023-05-15,2026-05-15,False,False
PHGE,754,2023-05-15,2026-05-15,False,False
PHI,754,2023-05-15,2026-05-15,False,False
PHIN,724,2023-06-28,2026-05-15,False,False
PHIO,754,2023-05-15,2026-05-15,False,False
PHM,754,2023-05-15,2026-05-15,False,False
PHOE,266,2025-04-25,2026-05-15,False,False
PHR,754,2023-05-15,2026-05-15,False,False
PHUN,754,2023-05-15,2026-05-15,False,False
PHVS,754,2023-05-15,2026-05-15,False,False
PI,754,2023-05-15,2026-05-15,False,False
PICS,75,2026-01-29,2026-05-15,False,False
PII,754,2023-05-15,2026-05-15,False,False
PIII,754,2023-05-15,2026-05-15,False,False
PIM,754,2023-05-15,2026-05-15,False,False
PINE,754,2023-05-15,2026-05-15,False,False
PINS,754,2023-05-15,2026-05-15,False,False
PIPR,754,2023-05-15,2026-05-15,False,False
PJT,754,2023-05-15,2026-05-15,False,False
PK,754,2023-05-15,2026-05-15,False,False
PKBK,754,2023-05-15,2026-05-15,False,False
PKE,754,2023-05-15,2026-05-15,False,False
PKG,754,2023-05-15,2026-05-15,False,False
PKOH,754,2023-05-15,2026-05-15,False,False
PL,754,2023-05-15,2026-05-15,False,False
PLAB,754,2023-05-15,2026-05-15,False,False
PLAG,754,2023-05-15,2026-05-15,False,False
PLAY,754,2023-05-15,2026-05-15,False,False
PLBC,754,2023-05-15,2026-05-15,False,False
PLBL,193,2025-08-08,2026-05-14,False,False
PLBY,754,2023-05-15,2026-05-15,False,False
PLCE,754,2023-05-15,2026-05-15,False,False
PLD,754,2023-05-15,2026-05-15,False,False
PLG,754,2023-05-15,2026-05-15,False,False
PLGO,723,2023-06-29,2026-05-15,False,False
PLMR,754,2023-05-15,2026-05-15,False,False
PLNT,754,2023-05-15,2026-05-15,False,False
PLOW,754,2023-05-15,2026-05-15,False,False
PLPC,754,2023-05-15,2026-05-15,False,False
PLRX,754,2023-05-15,2026-05-15,False,False
PLRZ,387,2024-10-29,2026-05-15,False,False
PLSE,754,2023-05-15,2026-05-15,False,False
PLSM,81,2026-01-21,2026-05-15,False,False
PLTK,754,2023-05-15,2026-05-15,False,False
PLTR,754,2023-05-15,2026-05-15,False,False
PLTS,164,2025-09-19,2026-05-14,False,False
PLUG,754,2023-05-15,2026-05-15,False,False
PLUR,754,2023-05-15,2026-05-15,False,False
PLUS,754,2023-05-15,2026-05-15,False,False
PLUT,321,2025-02-05,2026-05-15,False,False
PLX,754,2023-05-15,2026-05-15,False,False
PLXS,754,2023-05-15,2026-05-15,False,False
PLYX,73,2026-02-02,2026-05-15,False,False
PM,754,2023-05-15,2026-05-15,False,False
PMAX,425,2024-09-05,2026-05-15,False,False
PMCB,754,2023-05-15,2026-05-15,False,False
PMEC,653,2023-10-09,2026-05-15,False,False
PMI,179,2025-08-29,2026-05-15,False,False
PMM,754,2023-05-15,2026-05-15,False,False
PMN,754,2023-05-15,2026-05-15,False,False
PMNT,569,2024-02-08,2026-05-15,False,False
PMT,754,2023-05-15,2026-05-15,False,False
PMTS,754,2023-05-15,2026-05-15,False,False
PMVP,754,2023-05-15,2026-05-15,False,False
PN,303,2025-03-04,2026-05-15,False,False
PNBK,754,2023-05-15,2026-05-15,False,False
PNC,754,2023-05-15,2026-05-15,False,False
PNFP,754,2023-05-15,2026-05-15,False,False
PNNT,754,2023-05-15,2026-05-15,False,False
PNR,754,2023-05-15,2026-05-15,False,False
PNRG,754,2023-05-15,2026-05-15,False,False
PNTG,754,2023-05-15,2026-05-15,False,False
PNW,754,2023-05-15,2026-05-15,False,False
POAS,126,2025-11-13,2026-05-15,False,False
POCI,754,2023-05-15,2026-05-15,False,False
PODC,674,2023-09-08,2026-05-15,False,False
PODD,754,2023-05-15,2026-05-15,False,False
POET,754,2023-05-15,2026-05-15,False,False
POLA,754,2023-05-15,2026-05-15,False,False
PONO,8,2026-05-05,2026-05-14,False,False
POOL,754,2023-05-15,2026-05-15,False,False
POR,754,2023-05-15,2026-05-15,False,False
POST,754,2023-05-15,2026-05-15,False,False
POWI,754,2023-05-15,2026-05-15,False,False
POWL,754,2023-05-15,2026-05-15,False,False
POWW,754,2023-05-15,2026-05-15,False,False
PPC,754,2023-05-15,2026-05-15,False,False
PPCB,754,2023-05-15,2026-05-15,False,False
PPG,754,2023-05-15,2026-05-15,False,False
PPHC,76,2026-01-28,2026-05-15,False,False
PPIH,754,2023-05-15,2026-05-15,False,False
PPL,754,2023-05-15,2026-05-15,False,False
PPSI,754,2023-05-15,2026-05-15,False,False
PPT,754,2023-05-15,2026-05-15,False,False
PPTA,754,2023-05-15,2026-05-15,False,False
PR,754,2023-05-15,2026-05-15,False,False
PRA,754,2023-05-15,2026-05-15,False,False
PRAA,754,2023-05-15,2026-05-15,False,False
PRAX,754,2023-05-15,2026-05-15,False,False
PRCH,754,2023-05-15,2026-05-15,False,False
PRCT,754,2023-05-15,2026-05-15,False,False
PRDO,754,2023-05-15,2026-05-15,False,False
PRE,754,2023-05-15,2026-05-15,False,False
PRFX,754,2023-05-15,2026-05-15,False,False
PRG,754,2023-05-15,2026-05-15,False,False
PRGO,754,2023-05-15,2026-05-15,False,False
PRGS,754,2023-05-15,2026-05-15,False,False
PRHI,753,2023-05-15,2026-05-14,False,False
PRI,754,2023-05-15,2026-05-15,False,False
PRIM,754,2023-05-15,2026-05-15,False,False
PRK,754,2023-05-15,2026-05-15,False,False
PRLB,754,2023-05-15,2026-05-15,False,False
PRLD,754,2023-05-15,2026-05-15,False,False
PRM,754,2023-05-15,2026-05-15,False,False
PRMB,754,2023-05-15,2026-05-15,False,False
PRME,754,2023-05-15,2026-05-15,False,False
PROF,754,2023-05-15,2026-05-15,False,False
PROK,754,2023-05-15,2026-05-15,False,False
PROP,754,2023-05-15,2026-05-15,False,False
PROV,754,2023-05-15,2026-05-15,False,False
PRPL,754,2023-05-15,2026-05-15,False,False
PRPO,754,2023-05-15,2026-05-15,False,False
PRQR,754,2023-05-15,2026-05-15,False,False
PRSO,754,2023-05-15,2026-05-15,False,False
PRSU,754,2023-05-15,2026-05-15,False,False
PRTA,754,2023-05-15,2026-05-15,False,False
PRTH,754,2023-05-15,2026-05-15,False,False
PRTS,754,2023-05-15,2026-05-15,False,False
PRU,754,2023-05-15,2026-05-15,False,False
PRVA,754,2023-05-15,2026-05-15,False,False
PRZO,704,2023-07-27,2026-05-15,False,False
PS,13,2026-04-29,2026-05-15,False,False
PSA,754,2023-05-15,2026-05-15,False,False
PSBD,584,2024-01-18,2026-05-15,False,False
PSFE,754,2023-05-15,2026-05-15,False,False
PSHG,754,2023-05-15,2026-05-15,False,False
PSIG,458,2024-07-19,2026-05-15,False,False
PSIX,754,2023-05-15,2026-05-15,False,False
PSKY,754,2023-05-15,2026-05-15,False,False
PSMT,754,2023-05-15,2026-05-15,False,False
PSN,754,2023-05-15,2026-05-15,False,False
PSNL,754,2023-05-15,2026-05-15,False,False
PSNY,754,2023-05-15,2026-05-15,False,False
PSNYW,150,2025-10-10,2026-05-15,False,False
PSO,754,2023-05-15,2026-05-15,False,False
PSQH,754,2023-05-15,2026-05-15,False,False
PSTL,754,2023-05-15,2026-05-15,False,False
PSTV,754,2023-05-15,2026-05-15,False,False
PSUS,13,2026-04-29,2026-05-15,False,False
PSX,754,2023-05-15,2026-05-15,False,False
PTC,754,2023-05-15,2026-05-15,False,False
PTCT,754,2023-05-15,2026-05-15,False,False
PTEN,754,2023-05-15,2026-05-15,False,False
PTGX,754,2023-05-15,2026-05-15,False,False
PTHS,563,2024-02-16,2026-05-15,False,False
PTLE,396,2024-10-16,2026-05-15,False,False
PTLO,754,2023-05-15,2026-05-15,False,False
PTN,754,2023-05-15,2026-05-15,False,False
PTNM,241,2025-05-30,2026-05-14,False,False
PTON,754,2023-05-15,2026-05-15,False,False
PTRN,165,2025-09-19,2026-05-15,False,False
PUBM,754,2023-05-15,2026-05-15,False,False
PUK,754,2023-05-15,2026-05-15,False,False
PULM,754,2023-05-15,2026-05-15,False,False
PUMP,754,2023-05-15,2026-05-15,False,False
PURR,113,2025-12-03,2026-05-15,False,False
PVH,754,2023-05-15,2026-05-15,False,False
PVLA,754,2023-05-15,2026-05-15,False,False
PW,754,2023-05-15,2026-05-15,False,False
PWP,754,2023-05-15,2026-05-15,False,False
PWR,754,2023-05-15,2026-05-15,False,False
PXED,151,2025-10-09,2026-05-15,False,False
PXLW,754,2023-05-15,2026-05-15,False,False
PXS,754,2023-05-15,2026-05-15,False,False
PYPD,754,2023-05-15,2026-05-15,False,False
PYPL,754,2023-05-15,2026-05-15,False,False
PYT,754,2023-05-15,2026-05-15,False,False
PYXS,754,2023-05-15,2026-05-15,False,False
PZG,754,2023-05-15,2026-05-15,False,False
PZZA,754,2023-05-15,2026-05-15,False,False
Q,139,2025-10-27,2026-05-15,False,False
QBTS,754,2023-05-15,2026-05-15,False,False
QCLS,754,2023-05-15,2026-05-15,False,False
QCOM,754,2023-05-15,2026-05-15,False,False
QCRH,754,2023-05-15,2026-05-15,False,False
QDEL,754,2023-05-15,2026-05-15,False,False
QGEN,754,2023-05-15,2026-05-15,False,False
QLYS,754,2023-05-15,2026-05-15,False,False
QMCO,754,2023-05-15,2026-05-15,False,False
QMMM,457,2024-07-19,2026-05-14,False,False
QNC,58,2026-02-24,2026-05-15,False,False
QNCX,754,2023-05-15,2026-05-15,False,False
QNST,754,2023-05-15,2026-05-15,False,False
QNTM,754,2023-05-15,2026-05-15,False,False
QRHC,754,2023-05-15,2026-05-15,False,False
QRVO,754,2023-05-15,2026-05-15,False,False
QS,754,2023-05-15,2026-05-15,False,False
QSI,754,2023-05-15,2026-05-15,False,False
QSR,754,2023-05-15,2026-05-15,False,False
QTI,754,2023-05-15,2026-05-15,False,False
QTRX,754,2023-05-15,2026-05-15,False,False
QTTB,754,2023-05-15,2026-05-15,False,False
QTWO,754,2023-05-15,2026-05-15,False,False
QUAD,754,2023-05-15,2026-05-15,False,False
QUBT,754,2023-05-15,2026-05-15,False,False
QUCY,754,2023-05-15,2026-05-15,False,False
QUIK,754,2023-05-15,2026-05-15,False,False
QURE,754,2023-05-15,2026-05-15,False,False
QXL,754,2023-05-15,2026-05-15,False,False
QXO,754,2023-05-15,2026-05-15,False,False
R,754,2023-05-15,2026-05-15,False,False
RACE,754,2023-05-15,2026-05-15,False,False
RAIL,754,2023-05-15,2026-05-15,False,False
RAIN,343,2025-01-02,2026-05-15,False,False
RAL,225,2025-06-25,2026-05-15,False,False
RAMP,754,2023-05-15,2026-05-15,False,False
RANI,754,2023-05-15,2026-05-15,False,False
RAPP,486,2024-06-07,2026-05-15,False,False
RARE,754,2023-05-15,2026-05-15,False,False
RAVE,754,2023-05-15,2026-05-15,False,False
RAY,502,2024-05-15,2026-05-15,False,False
RAYA,754,2023-05-15,2026-05-15,False,False
RBA,754,2023-05-15,2026-05-15,False,False
RBB,754,2023-05-15,2026-05-15,False,False
RBBN,754,2023-05-15,2026-05-15,False,False
RBC,754,2023-05-15,2026-05-15,False,False
RBCAA,754,2023-05-15,2026-05-15,False,False
RBKB,753,2023-05-15,2026-05-14,False,False
RBLX,754,2023-05-15,2026-05-15,False,False
RBNE,275,2025-04-11,2026-05-15,False,False
RBRK,516,2024-04-25,2026-05-15,False,False
RC,754,2023-05-15,2026-05-15,False,False
RCAT,754,2023-05-15,2026-05-15,False,False
RCEL,754,2023-05-15,2026-05-15,False,False
RCI,754,2023-05-15,2026-05-15,False,False
RCKT,754,2023-05-15,2026-05-15,False,False
RCKY,754,2023-05-15,2026-05-15,False,False
RCL,754,2023-05-15,2026-05-15,False,False
RCMT,754,2023-05-15,2026-05-15,False,False
RCON,754,2023-05-15,2026-05-15,False,False
RCT,290,2025-03-21,2026-05-15,False,False
RCUS,754,2023-05-15,2026-05-15,False,False
RDAG,227,2025-06-23,2026-05-15,False,False
RDCM,754,2023-05-15,2026-05-15,False,False
RDDT,540,2024-03-21,2026-05-15,False,False
RDGT,754,2023-05-15,2026-05-15,False,False
RDI,754,2023-05-15,2026-05-15,False,False
RDIB,753,2023-05-15,2026-05-14,False,False
RDN,754,2023-05-15,2026-05-15,False,False
RDNT,754,2023-05-15,2026-05-15,False,False
RDNW,754,2023-05-15,2026-05-15,False,False
RDVT,754,2023-05-15,2026-05-15,False,False
RDW,754,2023-05-15,2026-05-15,False,False
RDWR,754,2023-05-15,2026-05-15,False,False
RDY,754,2023-05-15,2026-05-15,False,False
RDZN,754,2023-05-15,2026-05-15,False,False
REA,9,2026-05-05,2026-05-15,False,False
REAL,754,2023-05-15,2026-05-15,False,False
REAX,754,2023-05-15,2026-05-15,False,False
REBN,754,2023-05-15,2026-05-15,False,False
RECT,477,2024-06-21,2026-05-15,False,False
REE,754,2023-05-15,2026-05-15,False,False
REED,754,2023-05-15,2026-05-15,False,False
REFI,754,2023-05-15,2026-05-15,False,False
REFR,754,2023-05-15,2026-05-15,False,False
REG,754,2023-05-15,2026-05-15,False,False
REGN,754,2023-05-15,2026-05-15,False,False
REI,754,2023-05-15,2026-05-15,False,False
REKR,754,2023-05-15,2026-05-15,False,False
RELL,754,2023-05-15,2026-05-15,False,False
RELY,754,2023-05-15,2026-05-15,False,False
RENT,754,2023-05-15,2026-05-15,False,False
RENX,667,2023-09-19,2026-05-15,False,False
REPL,754,2023-05-15,2026-05-15,False,False
REPX,754,2023-05-15,2026-05-15,False,False
RES,754,2023-05-15,2026-05-15,False,False
RETO,754,2023-05-15,2026-05-15,False,False
REVB,754,2023-05-15,2026-05-15,False,False
REX,754,2023-05-15,2026-05-15,False,False
REXR,754,2023-05-15,2026-05-15,False,False
REYN,754,2023-05-15,2026-05-15,False,False
REZI,754,2023-05-15,2026-05-15,False,False
RF,754,2023-05-15,2026-05-15,False,False
RFIL,754,2023-05-15,2026-05-15,False,False
RFL,754,2023-05-15,2026-05-15,False,False
RGA,754,2023-05-15,2026-05-15,False,False
RGC,754,2023-05-15,2026-05-15,False,False
RGCO,754,2023-05-15,2026-05-15,False,False
RGEN,754,2023-05-15,2026-05-15,False,False
RGLD,754,2023-05-15,2026-05-15,False,False
RGNT,112,2025-12-04,2026-05-15,False,False
RGNX,754,2023-05-15,2026-05-15,False,False
RGP,754,2023-05-15,2026-05-15,False,False
RGR,754,2023-05-15,2026-05-15,False,False
RGS,754,2023-05-15,2026-05-15,False,False
RGT,754,2023-05-15,2026-05-15,False,False
RGTI,754,2023-05-15,2026-05-15,False,False
RH,754,2023-05-15,2026-05-15,False,False
RHI,754,2023-05-15,2026-05-15,False,False
RHLD,309,2025-02-24,2026-05-15,False,False
RHP,754,2023-05-15,2026-05-15,False,False
RICK,754,2023-05-15,2026-05-15,False,False
RIG,754,2023-05-15,2026-05-15,False,False
RIGL,754,2023-05-15,2026-05-15,False,False
RILY,754,2023-05-15,2026-05-15,False,False
RIME,754,2023-05-15,2026-05-15,False,False
RIO,754,2023-05-15,2026-05-15,False,False
RIOT,754,2023-05-15,2026-05-15,False,False
RITM,754,2023-05-15,2026-05-15,False,False
RITR,433,2024-08-23,2026-05-15,False,False
RIVN,754,2023-05-15,2026-05-15,False,False
RJET,754,2023-05-15,2026-05-15,False,False
RJF,754,2023-05-15,2026-05-15,False,False
RKDA,754,2023-05-15,2026-05-15,False,False
RKLB,754,2023-05-15,2026-05-15,False,False
RKT,754,2023-05-15,2026-05-15,False,False
RL,754,2023-05-15,2026-05-15,False,False
RLAY,754,2023-05-15,2026-05-15,False,False
RLGT,754,2023-05-15,2026-05-15,False,False
RLI,754,2023-05-15,2026-05-15,False,False
RLJ,754,2023-05-15,2026-05-15,False,False
RLMD,754,2023-05-15,2026-05-15,False,False
RLYB,754,2023-05-15,2026-05-15,False,False
RM,754,2023-05-15,2026-05-15,False,False
RMAX,754,2023-05-15,2026-05-15,False,False
RMBI,754,2023-05-15,2026-05-15,False,False
RMBS,754,2023-05-15,2026-05-15,False,False
RMCF,754,2023-05-15,2026-05-15,False,False
RMCO,754,2023-05-15,2026-05-15,False,False
RMD,754,2023-05-15,2026-05-15,False,False
RMIX,31,2026-04-02,2026-05-15,False,False
RMNI,754,2023-05-15,2026-05-15,False,False
RMR,754,2023-05-15,2026-05-15,False,False
RMSG,754,2023-05-15,2026-05-15,False,False
RMT,754,2023-05-15,2026-05-15,False,False
RMTI,754,2023-05-15,2026-05-15,False,False
RNA,55,2026-02-27,2026-05-15,False,False
RNAC,754,2023-05-15,2026-05-15,False,False
RNAZ,754,2023-05-15,2026-05-15,False,False
RNG,754,2023-05-15,2026-05-15,False,False
RNGR,754,2023-05-15,2026-05-15,False,False
RNR,754,2023-05-15,2026-05-15,False,False
RNST,754,2023-05-15,2026-05-15,False,False
RNTX,754,2023-05-15,2026-05-15,False,False
RNW,754,2023-05-15,2026-05-15,False,False
RNXT,754,2023-05-15,2026-05-15,False,False
ROAD,754,2023-05-15,2026-05-15,False,False
ROC,59,2026-02-23,2026-05-15,False,False
ROCK,754,2023-05-15,2026-05-15,False,False
ROG,754,2023-05-15,2026-05-15,False,False
ROIV,754,2023-05-15,2026-05-15,False,False
ROK,754,2023-05-15,2026-05-15,False,False
ROKU,754,2023-05-15,2026-05-15,False,False
ROL,754,2023-05-15,2026-05-15,False,False
ROLR,391,2024-10-23,2026-05-15,False,False
ROMA,590,2024-01-09,2026-05-15,False,False
ROOT,754,2023-05-15,2026-05-15,False,False
ROP,754,2023-05-15,2026-05-15,False,False
ROST,754,2023-05-15,2026-05-15,False,False
RPAY,754,2023-05-15,2026-05-15,False,False
RPC,754,2023-05-15,2026-05-15,False,False
RPD,754,2023-05-15,2026-05-15,False,False
RPGL,148,2025-10-14,2026-05-15,False,False
RPID,754,2023-05-15,2026-05-15,False,False
RPM,754,2023-05-15,2026-05-15,False,False
RPRX,754,2023-05-15,2026-05-15,False,False
RPT,754,2023-05-15,2026-05-15,False,False
RR,624,2023-11-17,2026-05-15,False,False
RRBI,754,2023-05-15,2026-05-15,False,False
RRC,754,2023-05-15,2026-05-15,False,False
RRGB,754,2023-05-15,2026-05-15,False,False
RRR,754,2023-05-15,2026-05-15,False,False
RRX,754,2023-05-15,2026-05-15,False,False
RS,754,2023-05-15,2026-05-15,False,False
RSG,754,2023-05-15,2026-05-15,False,False
RSI,754,2023-05-15,2026-05-15,False,False
RSKD,754,2023-05-15,2026-05-15,False,False
RSSS,754,2023-05-15,2026-05-15,False,False
RSVR,754,2023-05-15,2026-05-15,False,False
RTB,754,2023-05-15,2026-05-15,False,False
RTX,754,2023-05-15,2026-05-15,False,False
RUBI,198,2025-08-04,2026-05-15,False,False
RUM,754,2023-05-15,2026-05-15,False,False
RUN,754,2023-05-15,2026-05-15,False,False
RUSHA,754,2023-05-15,2026-05-15,False,False
RUSHB,754,2023-05-15,2026-05-15,False,False
RVLV,754,2023-05-15,2026-05-15,False,False
RVMD,754,2023-05-15,2026-05-15,False,False
RVP,754,2023-05-15,2026-05-15,False,False
RVSB,754,2023-05-15,2026-05-15,False,False
RVSN,754,2023-05-15,2026-05-15,False,False
RVT,754,2023-05-15,2026-05-15,False,False
RVTY,754,2023-05-15,2026-05-15,False,False
RWAY,754,2023-05-15,2026-05-15,False,False
RWT,754,2023-05-15,2026-05-15,False,False
RXO,754,2023-05-15,2026-05-15,False,False
RXRX,754,2023-05-15,2026-05-15,False,False
RXST,754,2023-05-15,2026-05-15,False,False
RXT,754,2023-05-15,2026-05-15,False,False
RY,754,2023-05-15,2026-05-15,False,False
RYAM,754,2023-05-15,2026-05-15,False,False
RYAN,754,2023-05-15,2026-05-15,False,False
RYDE,551,2024-03-06,2026-05-15,False,False
RYET,278,2025-04-08,2026-05-15,False,False
RYM,754,2023-05-15,2026-05-15,False,False
RYN,754,2023-05-15,2026-05-15,False,False
RYOJ,190,2025-08-14,2026-05-15,False,False
RYTM,754,2023-05-15,2026-05-15,False,False
RYZ,754,2023-05-15,2026-05-15,False,False
RZB,754,2023-05-15,2026-05-15,False,False
RZC,754,2023-05-15,2026-05-15,False,False
RZLT,754,2023-05-15,2026-05-15,False,False
RZLV,754,2023-05-15,2026-05-15,False,False
S,754,2023-05-15,2026-05-15,False,False
SA,754,2023-05-15,2026-05-15,False,False
SABR,754,2023-05-15,2026-05-15,False,False
SABS,754,2023-05-15,2026-05-15,False,False
SACH,754,2023-05-15,2026-05-15,False,False
SAFE,754,2023-05-15,2026-05-15,False,False
SAFT,754,2023-05-15,2026-05-15,False,False
SAFX,343,2025-01-02,2026-05-15,False,False
SAGT,300,2025-03-07,2026-05-15,False,False
SAH,754,2023-05-15,2026-05-15,False,False
SAIA,754,2023-05-15,2026-05-15,False,False
SAIC,754,2023-05-15,2026-05-15,False,False
SAIH,754,2023-05-15,2026-05-15,False,False
SAIL,315,2025-02-13,2026-05-15,False,False
SAM,754,2023-05-15,2026-05-15,False,False
SAMG,754,2023-05-15,2026-05-15,False,False
SAN,754,2023-05-15,2026-05-15,False,False
SANA,754,2023-05-15,2026-05-15,False,False
SANG,753,2023-05-15,2026-05-14,False,False
SANM,754,2023-05-15,2026-05-15,False,False
SAP,754,2023-05-15,2026-05-15,False,False
SAR,754,2023-05-15,2026-05-15,False,False
SARO,406,2024-10-02,2026-05-15,False,False
SATL,754,2023-05-15,2026-05-15,False,False
SATS,754,2023-05-15,2026-05-15,False,False
SB,754,2023-05-15,2026-05-15,False,False
SBAC,754,2023-05-15,2026-05-15,False,False
SBC,754,2023-05-15,2026-05-15,False,False
SBCF,754,2023-05-15,2026-05-15,False,False
SBET,754,2023-05-15,2026-05-15,False,False
SBEV,754,2023-05-15,2026-05-15,False,False
SBFG,754,2023-05-15,2026-05-15,False,False
SBFM,754,2023-05-15,2026-05-15,False,False
SBGI,754,2023-05-15,2026-05-15,False,False
SBH,754,2023-05-15,2026-05-15,False,False
SBLK,754,2023-05-15,2026-05-15,False,False
SBMT,12,2026-04-30,2026-05-15,False,False
SBR,754,2023-05-15,2026-05-15,False,False
SBRA,754,2023-05-15,2026-05-15,False,False
SBSI,754,2023-05-15,2026-05-15,False,False
SBSW,754,2023-05-15,2026-05-15,False,False
SBUX,754,2023-05-15,2026-05-15,False,False
SBXD,403,2024-10-07,2026-05-15,False,False
SBXE,78,2026-01-23,2026-05-14,False,False
SCCO,754,2023-05-15,2026-05-15,False,False
SCHL,754,2023-05-15,2026-05-15,False,False
SCHW,754,2023-05-15,2026-05-15,False,False
SCI,754,2023-05-15,2026-05-15,False,False
SCKT,753,2023-05-15,2026-05-14,False,False
SCL,754,2023-05-15,2026-05-15,False,False
SCLX,754,2023-05-15,2026-05-15,False,False
SCM,754,2023-05-15,2026-05-15,False,False
SCNX,754,2023-05-15,2026-05-15,False,False
SCOR,754,2023-05-15,2026-05-15,False,False
SCPQ,64,2026-02-12,2026-05-14,False,False
SCSC,754,2023-05-15,2026-05-15,False,False
SCVL,754,2023-05-15,2026-05-15,False,False
SCWO,754,2023-05-15,2026-05-15,False,False
SCYX,754,2023-05-15,2026-05-15,False,False
SCZM,754,2023-05-15,2026-05-15,False,False
SD,754,2023-05-15,2026-05-15,False,False
SDA,754,2023-05-15,2026-05-15,False,False
SDEV,754,2023-05-15,2026-05-15,False,False
SDGR,754,2023-05-15,2026-05-15,False,False
SDHC,588,2024-01-11,2026-05-15,False,False
SDM,260,2025-05-02,2026-05-14,False,False
SDOT,754,2023-05-15,2026-05-15,False,False
SDRL,754,2023-05-15,2026-05-15,False,False
SDST,754,2023-05-15,2026-05-15,False,False
SEAT,754,2023-05-15,2026-05-15,False,False
SEB,754,2023-05-15,2026-05-15,False,False
SEDG,754,2023-05-15,2026-05-15,False,False
SEED,754,2023-05-15,2026-05-15,False,False
SEER,754,2023-05-15,2026-05-15,False,False
SEG,451,2024-07-30,2026-05-15,False,False
SEGG,732,2023-06-15,2026-05-15,False,False
SEI,754,2023-05-15,2026-05-15,False,False
SEIC,754,2023-05-15,2026-05-15,False,False
SELF,754,2023-05-15,2026-05-15,False,False
SELX,754,2023-05-15,2026-05-15,False,False
SEM,754,2023-05-15,2026-05-15,False,False
SENEA,754,2023-05-15,2026-05-15,False,False
SENEB,753,2023-05-15,2026-05-14,False,False
SENS,754,2023-05-15,2026-05-15,False,False
SEPN,389,2024-10-25,2026-05-15,False,False
SER,754,2023-05-15,2026-05-15,False,False
SERA,754,2023-05-15,2026-05-15,False,False
SERV,549,2024-03-08,2026-05-15,False,False
SES,754,2023-05-15,2026-05-15,False,False
SEV,146,2025-10-16,2026-05-15,False,False
SEVN,754,2023-05-15,2026-05-15,False,False
SEZL,671,2023-09-13,2026-05-15,False,False
SF,754,2023-05-15,2026-05-15,False,False
SFBC,754,2023-05-15,2026-05-15,False,False
SFBS,754,2023-05-15,2026-05-15,False,False
SFD,327,2025-01-28,2026-05-15,False,False
SFHG,397,2024-10-15,2026-05-15,False,False
SFIX,754,2023-05-15,2026-05-15,False,False
SFL,754,2023-05-15,2026-05-15,False,False
SFM,754,2023-05-15,2026-05-15,False,False
SFNC,754,2023-05-15,2026-05-15,False,False
SFST,754,2023-05-15,2026-05-15,False,False
SFWL,753,2023-05-15,2026-05-14,False,False
SG,754,2023-05-15,2026-05-15,False,False
SGA,754,2023-05-15,2026-05-15,False,False
SGC,754,2023-05-15,2026-05-15,False,False
SGHC,754,2023-05-15,2026-05-15,False,False
SGHT,754,2023-05-15,2026-05-15,False,False
SGI,754,2023-05-15,2026-05-15,False,False
SGLY,754,2023-05-15,2026-05-15,False,False
SGML,754,2023-05-15,2026-05-15,False,False
SGMT,713,2023-07-14,2026-05-15,False,False
SGP,69,2026-02-06,2026-05-15,False,False
SGRP,754,2023-05-15,2026-05-15,False,False
SGRY,754,2023-05-15,2026-05-15,False,False
SGU,754,2023-05-15,2026-05-15,False,False
SHAK,754,2023-05-15,2026-05-15,False,False
SHAZ,62,2026-02-18,2026-05-15,False,False
SHBI,754,2023-05-15,2026-05-15,False,False
SHC,754,2023-05-15,2026-05-15,False,False
SHEN,754,2023-05-15,2026-05-15,False,False
SHFS,754,2023-05-15,2026-05-15,False,False
SHIM,627,2023-11-14,2026-05-15,False,False
SHIP,754,2023-05-15,2026-05-15,False,False
SHLS,754,2023-05-15,2026-05-15,False,False
SHMD,512,2024-05-01,2026-05-15,False,False
SHO,754,2023-05-15,2026-05-15,False,False
SHOO,754,2023-05-15,2026-05-15,False,False
SHOP,754,2023-05-15,2026-05-15,False,False
SHPH,754,2023-05-15,2026-05-15,False,False
SHW,754,2023-05-15,2026-05-15,False,False
SI,200,2025-07-31,2026-05-15,False,False
SIBN,754,2023-05-15,2026-05-15,False,False
SID,754,2023-05-15,2026-05-15,False,False
SIDU,754,2023-05-15,2026-05-15,False,False
SIEB,754,2023-05-15,2026-05-15,False,False
SIF,754,2023-05-15,2026-05-15,False,False
SIFY,754,2023-05-15,2026-05-15,False,False
SIG,754,2023-05-15,2026-05-15,False,False
SIGA,754,2023-05-15,2026-05-15,False,False
SIGI,754,2023-05-15,2026-05-15,False,False
SII,754,2023-05-15,2026-05-15,False,False
SILA,482,2024-06-13,2026-05-15,False,False
SILC,754,2023-05-15,2026-05-15,False,False
SILO,754,2023-05-15,2026-05-15,False,False
SINT,754,2023-05-15,2026-05-15,False,False
SION,319,2025-02-07,2026-05-15,False,False
SIRI,754,2023-05-15,2026-05-15,False,False
SITC,754,2023-05-15,2026-05-15,False,False
SITE,754,2023-05-15,2026-05-15,False,False
SITM,754,2023-05-15,2026-05-15,False,False
SJ,754,2023-05-15,2026-05-15,False,False
SJM,754,2023-05-15,2026-05-15,False,False
SJT,754,2023-05-15,2026-05-15,False,False
SKBL,311,2025-02-20,2026-05-15,False,False
SKE,754,2023-05-15,2026-05-15,False,False
SKIL,754,2023-05-15,2026-05-15,False,False
SKIN,754,2023-05-15,2026-05-15,False,False
SKK,402,2024-10-08,2026-05-15,False,False
SKLZ,754,2023-05-15,2026-05-15,False,False
SKM,754,2023-05-15,2026-05-15,False,False
SKT,754,2023-05-15,2026-05-15,False,False
SKWD,754,2023-05-15,2026-05-15,False,False
SKY,754,2023-05-15,2026-05-15,False,False
SKYE,754,2023-05-15,2026-05-15,False,False
SKYH,754,2023-05-15,2026-05-15,False,False
SKYQ,400,2024-10-10,2026-05-15,False,False
SKYT,754,2023-05-15,2026-05-15,False,False
SKYW,754,2023-05-15,2026-05-15,False,False
SKYX,754,2023-05-15,2026-05-15,False,False
SLAB,754,2023-05-15,2026-05-15,False,False
SLB,754,2023-05-15,2026-05-15,False,False
SLDB,754,2023-05-15,2026-05-15,False,False
SLDE,229,2025-06-18,2026-05-15,False,False
SLDP,754,2023-05-15,2026-05-15,False,False
SLE,754,2023-05-15,2026-05-15,False,False
SLF,754,2023-05-15,2026-05-15,False,False
SLG,754,2023-05-15,2026-05-15,False,False
SLGB,147,2025-10-15,2026-05-15,False,False
SLGL,753,2023-05-15,2026-05-14,False,False
SLGN,754,2023-05-15,2026-05-15,False,False
SLI,754,2023-05-15,2026-05-15,False,False
SLM,754,2023-05-15,2026-05-15,False,False
SLMT,754,2023-05-15,2026-05-15,False,False
SLN,754,2023-05-15,2026-05-15,False,False
SLND,754,2023-05-15,2026-05-15,False,False
SLNG,754,2023-05-15,2026-05-15,False,False
SLNH,754,2023-05-15,2026-05-15,False,False
SLNO,754,2023-05-15,2026-05-15,False,False
SLP,754,2023-05-15,2026-05-15,False,False
SLQT,754,2023-05-15,2026-05-15,False,False
SLS,754,2023-05-15,2026-05-15,False,False
SLSN,754,2023-05-15,2026-05-15,False,False
SLSR,754,2023-05-15,2026-05-15,False,False
SLVM,754,2023-05-15,2026-05-15,False,False
SLXN,754,2023-05-15,2026-05-15,False,False
SM,754,2023-05-15,2026-05-15,False,False
SMA,282,2025-04-02,2026-05-15,False,False
SMBC,754,2023-05-15,2026-05-15,False,False
SMBK,754,2023-05-15,2026-05-15,False,False
SMC,754,2023-05-15,2026-05-15,False,False
SMCI,754,2023-05-15,2026-05-15,False,False
SMG,754,2023-05-15,2026-05-15,False,False
SMHB,754,2023-05-15,2026-05-15,False,False
SMHI,754,2023-05-15,2026-05-15,False,False
SMID,754,2023-05-15,2026-05-15,False,False
SMJF,112,2025-12-04,2026-05-15,False,False
SMMT,754,2023-05-15,2026-05-15,False,False
SMP,754,2023-05-15,2026-05-15,False,False
SMPL,754,2023-05-15,2026-05-15,False,False
SMR,754,2023-05-15,2026-05-15,False,False
SMRT,754,2023-05-15,2026-05-15,False,False
SMSI,754,2023-05-15,2026-05-15,False,False
SMTC,754,2023-05-15,2026-05-15,False,False
SMTI,754,2023-05-15,2026-05-15,False,False
SMTK,491,2024-05-31,2026-05-15,False,False
SMWB,754,2023-05-15,2026-05-15,False,False
SMX,754,2023-05-15,2026-05-15,False,False
SMXT,557,2024-02-27,2026-05-15,False,False
SN,702,2023-07-31,2026-05-15,False,False
SNA,754,2023-05-15,2026-05-15,False,False
SNAL,754,2023-05-15,2026-05-15,False,False
SNAP,754,2023-05-15,2026-05-15,False,False
SNBR,754,2023-05-15,2026-05-15,False,False
SND,754,2023-05-15,2026-05-15,False,False
SNDA,754,2023-05-15,2026-05-15,False,False
SNDK,315,2025-02-13,2026-05-15,False,False
SNDL,754,2023-05-15,2026-05-15,False,False
SNDR,754,2023-05-15,2026-05-15,False,False
SNDX,754,2023-05-15,2026-05-15,False,False
SNES,754,2023-05-15,2026-05-15,False,False
SNEX,754,2023-05-15,2026-05-15,False,False
SNFCA,754,2023-05-15,2026-05-15,False,False
SNGX,754,2023-05-15,2026-05-15,False,False
SNN,754,2023-05-15,2026-05-15,False,False
SNOA,754,2023-05-15,2026-05-15,False,False
SNOW,754,2023-05-15,2026-05-15,False,False
SNPS,754,2023-05-15,2026-05-15,False,False
SNSE,754,2023-05-15,2026-05-15,False,False
SNT,754,2023-05-15,2026-05-15,False,False
SNTG,754,2023-05-15,2026-05-15,False,False
SNTI,754,2023-05-15,2026-05-15,False,False
SNWV,394,2024-10-18,2026-05-15,False,False
SNX,754,2023-05-15,2026-05-15,False,False
SNYR,391,2024-10-23,2026-05-15,False,False
SO,754,2023-05-15,2026-05-15,False,False
SOAR,754,2023-05-15,2026-05-15,False,False
SOBO,405,2024-10-03,2026-05-15,False,False
SOBR,754,2023-05-15,2026-05-15,False,False
SOC,754,2023-05-15,2026-05-15,False,False
SOFI,754,2023-05-15,2026-05-15,False,False
SOLS,144,2025-10-20,2026-05-15,False,False
SOLV,537,2024-03-26,2026-05-15,False,False
SON,754,2023-05-15,2026-05-15,False,False
SONM,754,2023-05-15,2026-05-15,False,False
SONO,754,2023-05-15,2026-05-15,False,False
SOPA,754,2023-05-15,2026-05-15,False,False
SOPH,754,2023-05-15,2026-05-15,False,False
SOR,754,2023-05-15,2026-05-15,False,False
SORA,282,2025-04-02,2026-05-15,False,False
SOS,754,2023-05-15,2026-05-15,False,False
SOTK,754,2023-05-15,2026-05-15,False,False
SOUN,754,2023-05-15,2026-05-15,False,False
SOWG,754,2023-05-15,2026-05-15,False,False
SPAI,430,2024-08-28,2026-05-15,False,False
SPB,754,2023-05-15,2026-05-15,False,False
SPCB,754,2023-05-15,2026-05-15,False,False
SPCE,754,2023-05-15,2026-05-15,False,False
SPFI,754,2023-05-15,2026-05-15,False,False
SPG,754,2023-05-15,2026-05-15,False,False
SPGI,754,2023-05-15,2026-05-15,False,False
SPH,754,2023-05-15,2026-05-15,False,False
SPHL,394,2024-10-18,2026-05-15,False,False
SPHR,754,2023-05-15,2026-05-15,False,False
SPIR,754,2023-05-15,2026-05-15,False,False
SPMC,481,2024-06-14,2026-05-15,False,False
SPNT,754,2023-05-15,2026-05-15,False,False
SPOK,754,2023-05-15,2026-05-15,False,False
SPOT,754,2023-05-15,2026-05-15,False,False
SPPL,671,2023-09-13,2026-05-15,False,False
SPRB,754,2023-05-15,2026-05-15,False,False
SPRC,754,2023-05-15,2026-05-15,False,False
SPRO,754,2023-05-15,2026-05-15,False,False
SPRU,754,2023-05-15,2026-05-15,False,False
SPRY,754,2023-05-15,2026-05-15,False,False
SPSC,754,2023-05-15,2026-05-15,False,False
SPT,754,2023-05-15,2026-05-15,False,False
SPTX,11,2026-05-01,2026-05-15,False,False
SPWH,754,2023-05-15,2026-05-15,False,False
SPWR,754,2023-05-15,2026-05-15,False,False
SPXC,754,2023-05-15,2026-05-15,False,False
SPY,754,2023-05-15,2026-05-15,False,False
SQFT,754,2023-05-15,2026-05-15,False,False
SQM,754,2023-05-15,2026-05-15,False,False
SR,754,2023-05-15,2026-05-15,False,False
SRAD,754,2023-05-15,2026-05-15,False,False
SRBK,666,2023-09-20,2026-05-15,False,False
SRCE,754,2023-05-15,2026-05-15,False,False
SRE,754,2023-05-15,2026-05-15,False,False
SRFM,704,2023-07-27,2026-05-15,False,False
SRG,754,2023-05-15,2026-05-15,False,False
SRI,754,2023-05-15,2026-05-15,False,False
SRL,753,2023-05-15,2026-05-14,False,False
SRPT,754,2023-05-15,2026-05-15,False,False
SRRK,754,2023-05-15,2026-05-15,False,False
SRTA,753,2023-05-15,2026-05-14,False,False
SRTS,753,2023-05-15,2026-05-14,False,False
SRXH,753,2023-05-15,2026-05-14,False,False
SRZN,753,2023-05-15,2026-05-14,False,False
SSB,753,2023-05-15,2026-05-14,False,False
SSBI,753,2023-05-15,2026-05-14,False,False
SSD,753,2023-05-15,2026-05-14,False,False
SSII,444,2024-08-07,2026-05-14,False,False
SSM,753,2023-05-15,2026-05-14,False,False
SSNC,753,2023-05-15,2026-05-14,False,False
SSP,753,2023-05-15,2026-05-14,False,False
SSRM,753,2023-05-15,2026-05-14,False,False
SST,753,2023-05-15,2026-05-14,False,False
SSTI,753,2023-05-15,2026-05-14,False,False
SSTK,753,2023-05-15,2026-05-14,False,False
SSYS,753,2023-05-15,2026-05-14,False,False
ST,753,2023-05-15,2026-05-14,False,False
STAA,753,2023-05-15,2026-05-14,False,False
STAG,753,2023-05-15,2026-05-14,False,False
STAK,306,2025-02-26,2026-05-14,False,False
STBA,753,2023-05-15,2026-05-14,False,False
STC,753,2023-05-15,2026-05-14,False,False
STE,753,2023-05-15,2026-05-14,False,False
STEL,753,2023-05-15,2026-05-14,False,False
STEM,753,2023-05-15,2026-05-14,False,False
STEP,753,2023-05-15,2026-05-14,False,False
STEX,753,2023-05-15,2026-05-14,False,False
STFS,398,2024-10-11,2026-05-14,False,False
STGW,753,2023-05-15,2026-05-14,False,False
STHO,753,2023-05-15,2026-05-14,False,False
STI,753,2023-05-15,2026-05-14,False,False
STIM,753,2023-05-15,2026-05-14,False,False
STKE,753,2023-05-15,2026-05-14,False,False
STKS,753,2023-05-15,2026-05-14,False,False
STLA,753,2023-05-15,2026-05-14,False,False
STLD,753,2023-05-15,2026-05-14,False,False
STM,753,2023-05-15,2026-05-14,False,False
STN,753,2023-05-15,2026-05-14,False,False
STNE,753,2023-05-15,2026-05-14,False,False
STNG,753,2023-05-15,2026-05-14,False,False
STOK,753,2023-05-15,2026-05-14,False,False
STRA,753,2023-05-15,2026-05-14,False,False
STRL,753,2023-05-15,2026-05-14,False,False
STRO,753,2023-05-15,2026-05-14,False,False
STRR,753,2023-05-15,2026-05-14,False,False
STRS,753,2023-05-15,2026-05-14,False,False
STRT,753,2023-05-15,2026-05-14,False,False
STRW,753,2023-05-15,2026-05-14,False,False
STRZ,257,2025-05-07,2026-05-14,False,False
STSS,753,2023-05-15,2026-05-14,False,False
STT,753,2023-05-15,2026-05-14,False,False
STTK,753,2023-05-15,2026-05-14,False,False
STUB,166,2025-09-17,2026-05-14,False,False
STVN,753,2023-05-15,2026-05-14,False,False
STWD,753,2023-05-15,2026-05-14,False,False
STX,753,2023-05-15,2026-05-14,False,False
STXS,753,2023-05-15,2026-05-14,False,False
STZ,753,2023-05-15,2026-05-14,False,False
SU,753,2023-05-15,2026-05-14,False,False
SUGP,579,2024-01-24,2026-05-14,False,False
SUIG,753,2023-05-15,2026-05-14,False,False
SUJA,6,2026-05-07,2026-05-14,False,False
SUNB,53,2026-03-02,2026-05-14,False,False
SUNE,753,2023-05-15,2026-05-14,False,False
SUNS,465,2024-07-09,2026-05-14,False,False
SUPN,753,2023-05-15,2026-05-14,False,False
SUPX,521,2024-04-17,2026-05-14,False,False
SURG,753,2023-05-15,2026-05-14,False,False
SUUN,528,2024-04-08,2026-05-14,False,False
SVA,753,2023-05-15,2026-05-14,False,False
SVC,753,2023-05-15,2026-05-14,False,False
SVCC,288,2025-03-24,2026-05-14,False,False
SVCO,505,2024-05-09,2026-05-14,False,False
SVM,753,2023-05-15,2026-05-14,False,False
SVRA,753,2023-05-15,2026-05-14,False,False
SVRN,753,2023-05-15,2026-05-14,False,False
SVV,722,2023-06-29,2026-05-14,False,False
SW,753,2023-05-15,2026-05-14,False,False
SWAG,753,2023-05-15,2026-05-14,False,False
SWBI,753,2023-05-15,2026-05-14,False,False
SWIM,753,2023-05-15,2026-05-14,False,False
SWK,753,2023-05-15,2026-05-14,False,False
SWKS,753,2023-05-15,2026-05-14,False,False
SWMR,42,2026-03-17,2026-05-14,False,False
SWVL,753,2023-05-15,2026-05-14,False,False
SWX,753,2023-05-15,2026-05-14,False,False
SXC,753,2023-05-15,2026-05-14,False,False
SXI,753,2023-05-15,2026-05-14,False,False
SXT,753,2023-05-15,2026-05-14,False,False
SXTC,753,2023-05-15,2026-05-14,False,False
SXTP,714,2023-07-12,2026-05-14,False,False
SY,753,2023-05-15,2026-05-14,False,False
SYBT,753,2023-05-15,2026-05-14,False,False
SYF,753,2023-05-15,2026-05-14,False,False
SYK,753,2023-05-15,2026-05-14,False,False
SYM,753,2023-05-15,2026-05-14,False,False
SYNA,753,2023-05-15,2026-05-14,False,False
SYNX,586,2024-01-12,2026-05-14,False,False
SYPR,753,2023-05-15,2026-05-14,False,False
SYRE,753,2023-05-15,2026-05-14,False,False
SYY,753,2023-05-15,2026-05-14,False,False
T,753,2023-05-15,2026-05-14,False,False
TAC,753,2023-05-15,2026-05-14,False,False
TACT,753,2023-05-15,2026-05-14,False,False
TALK,753,2023-05-15,2026-05-14,False,False
TALO,753,2023-05-15,2026-05-14,False,False
TANH,753,2023-05-15,2026-05-14,False,False
TAOP,753,2023-05-15,2026-05-14,False,False
TAOX,753,2023-05-15,2026-05-14,False,False
TAP-A,753,2023-05-15,2026-05-14,False,False
TAP,753,2023-05-15,2026-05-14,False,False
TARA,753,2023-05-15,2026-05-14,False,False
TARS,753,2023-05-15,2026-05-14,False,False
TASK,753,2023-05-15,2026-05-14,False,False
TATT,753,2023-05-15,2026-05-14,False,False
TAYD,753,2023-05-15,2026-05-14,False,False
TBBB,567,2024-02-09,2026-05-14,False,False
TBBK,753,2023-05-15,2026-05-14,False,False
TBCH,753,2023-05-15,2026-05-14,False,False
TBH,300,2025-03-06,2026-05-14,False,False
TBI,753,2023-05-15,2026-05-14,False,False
TBLA,753,2023-05-15,2026-05-14,False,False
TBN,472,2024-06-27,2026-05-14,False,False
TBPH,753,2023-05-15,2026-05-14,False,False
TBRG,753,2023-05-15,2026-05-14,False,False
TCBI,753,2023-05-15,2026-05-14,False,False
TCBK,753,2023-05-15,2026-05-14,False,False
TCBX,753,2023-05-15,2026-05-14,False,False
TCGL,146,2025-10-15,2026-05-14,False,False
TCI,753,2023-05-15,2026-05-14,False,False
TCMD,753,2023-05-15,2026-05-14,False,False
TCRT,753,2023-05-15,2026-05-14,False,False
TCRX,753,2023-05-15,2026-05-14,False,False
TCX,753,2023-05-15,2026-05-14,False,False
TD,753,2023-05-15,2026-05-14,False,False
TDAY,753,2023-05-15,2026-05-14,False,False
TDC,753,2023-05-15,2026-05-14,False,False
TDG,753,2023-05-15,2026-05-14,False,False
TDIC,205,2025-07-23,2026-05-14,False,False
TDOC,753,2023-05-15,2026-05-14,False,False
TDS,753,2023-05-15,2026-05-14,False,False
TDTH,421,2024-09-10,2026-05-14,False,False
TDUP,753,2023-05-15,2026-05-14,False,False
TDW,753,2023-05-15,2026-05-14,False,False
TDY,753,2023-05-15,2026-05-14,False,False
TE,753,2023-05-15,2026-05-14,False,False
TEAD,753,2023-05-15,2026-05-14,False,False
TEAM,753,2023-05-15,2026-05-14,False,False
TECH,753,2023-05-15,2026-05-14,False,False
TECK,753,2023-05-15,2026-05-14,False,False
TECX,753,2023-05-15,2026-05-14,False,False
TEL,753,2023-05-15,2026-05-14,False,False
TELA,753,2023-05-15,2026-05-14,False,False
TELO,567,2024-02-09,2026-05-14,False,False
TEM,480,2024-06-14,2026-05-14,False,False
TEN,753,2023-05-15,2026-05-14,False,False
TENB,753,2023-05-15,2026-05-14,False,False
TENX,753,2023-05-15,2026-05-14,False,False
TEO,753,2023-05-15,2026-05-14,False,False
TER,753,2023-05-15,2026-05-14,False,False
TEX,753,2023-05-15,2026-05-14,False,False
TFC,753,2023-05-15,2026-05-14,False,False
TFII,753,2023-05-15,2026-05-14,False,False
TFIN,753,2023-05-15,2026-05-14,False,False
TFPM,753,2023-05-15,2026-05-14,False,False
TFSL,753,2023-05-15,2026-05-14,False,False
TFX,753,2023-05-15,2026-05-14,False,False
TG,753,2023-05-15,2026-05-14,False,False
TGB,753,2023-05-15,2026-05-14,False,False
TGE,237,2025-06-05,2026-05-14,False,False
TGEN,753,2023-05-15,2026-05-14,False,False
TGHL,179,2025-08-28,2026-05-14,False,False
TGL,753,2023-05-15,2026-05-14,False,False
TGLS,753,2023-05-15,2026-05-14,False,False
TGS,753,2023-05-15,2026-05-14,False,False
TGT,753,2023-05-15,2026-05-14,False,False
TGTX,753,2023-05-15,2026-05-14,False,False
TH,753,2023-05-15,2026-05-14,False,False
THC,753,2023-05-15,2026-05-14,False,False
THCH,753,2023-05-15,2026-05-14,False,False
THFF,753,2023-05-15,2026-05-14,False,False
THG,753,2023-05-15,2026-05-14,False,False
THH,180,2025-08-27,2026-05-14,False,False
THM,753,2023-05-15,2026-05-14,False,False
THO,753,2023-05-15,2026-05-14,False,False
THR,753,2023-05-15,2026-05-14,False,False
THRM,753,2023-05-15,2026-05-14,False,False
THRY,753,2023-05-15,2026-05-14,False,False
TIC,312,2025-02-18,2026-05-14,False,False
TIGO,753,2023-05-15,2026-05-14,False,False
TII,753,2023-05-15,2026-05-14,False,False
TIL,753,2023-05-15,2026-05-14,False,False
TILE,753,2023-05-15,2026-05-14,False,False
TIPT,753,2023-05-15,2026-05-14,False,False
TISI,753,2023-05-15,2026-05-14,False,False
TITN,753,2023-05-15,2026-05-14,False,False
TJGC,330,2025-01-22,2026-05-14,False,False
TJX,753,2023-05-15,2026-05-14,False,False
TK,753,2023-05-15,2026-05-14,False,False
TKC,753,2023-05-15,2026-05-14,False,False
TKNO,753,2023-05-15,2026-05-14,False,False
TKO,753,2023-05-15,2026-05-14,False,False
TKR,753,2023-05-15,2026-05-14,False,False
TLF,753,2023-05-15,2026-05-14,False,False
TLIH,216,2025-07-08,2026-05-14,False,False
TLK,753,2023-05-15,2026-05-14,False,False
TLN,740,2023-06-02,2026-05-14,False,False
TLNC,151,2025-10-08,2026-05-14,False,False
TLPH,753,2023-05-15,2026-05-14,False,False
TLRY,753,2023-05-15,2026-05-14,False,False
TLS,753,2023-05-15,2026-05-14,False,False
TLSA,753,2023-05-15,2026-05-14,False,False
TLSI,753,2023-05-15,2026-05-14,False,False
TLYS,753,2023-05-15,2026-05-14,False,False
TM,753,2023-05-15,2026-05-14,False,False
TMC,753,2023-05-15,2026-05-14,False,False
TMCI,753,2023-05-15,2026-05-14,False,False
TMCR,27,2026-04-08,2026-05-14,False,False
TMDE,269,2025-04-21,2026-05-14,False,False
TMDX,753,2023-05-15,2026-05-14,False,False
TMHC,753,2023-05-15,2026-05-14,False,False
TMO,753,2023-05-15,2026-05-14,False,False
TMP,753,2023-05-15,2026-05-14,False,False
TMQ,753,2023-05-15,2026-05-14,False,False
TMUS,753,2023-05-15,2026-05-14,False,False
TNC,753,2023-05-15,2026-05-14,False,False
TNDM,753,2023-05-15,2026-05-14,False,False
TNET,753,2023-05-15,2026-05-14,False,False
TNGX,753,2023-05-15,2026-05-14,False,False
TNK,753,2023-05-15,2026-05-14,False,False
TNL,753,2023-05-15,2026-05-14,False,False
TNMG,753,2023-05-15,2026-05-14,False,False
TNON,753,2023-05-15,2026-05-14,False,False
TNXP,753,2023-05-15,2026-05-14,False,False
TNYA,753,2023-05-15,2026-05-14,False,False
TOI,753,2023-05-15,2026-05-14,False,False
TOL,753,2023-05-15,2026-05-14,False,False
TOMZ,753,2023-05-15,2026-05-14,False,False
TONX,753,2023-05-15,2026-05-14,False,False
TOON,753,2023-05-15,2026-05-14,False,False
TOP,753,2023-05-15,2026-05-14,False,False
TOPP,330,2025-01-22,2026-05-14,False,False
TOPS,753,2023-05-15,2026-05-14,False,False
TORO,753,2023-05-15,2026-05-14,False,False
TOST,753,2023-05-15,2026-05-14,False,False
TOVX,753,2023-05-15,2026-05-14,False,False
TOWN,753,2023-05-15,2026-05-14,False,False
TOYO,753,2023-05-15,2026-05-14,False,False
TPB,753,2023-05-15,2026-05-14,False,False
TPC,753,2023-05-15,2026-05-14,False,False
TPCS,753,2023-05-15,2026-05-14,False,False
TPET,753,2023-05-15,2026-05-14,False,False
TPG,753,2023-05-15,2026-05-14,False,False
TPL,753,2023-05-15,2026-05-14,False,False
TPR,753,2023-05-15,2026-05-14,False,False
TPST,753,2023-05-15,2026-05-14,False,False
TPVG,753,2023-05-15,2026-05-14,False,False
TR,753,2023-05-15,2026-05-14,False,False
TRAK,753,2023-05-15,2026-05-14,False,False
TRAW,753,2023-05-15,2026-05-14,False,False
TRAX,29,2026-04-06,2026-05-14,False,False
TRC,753,2023-05-15,2026-05-14,False,False
TRDA,753,2023-05-15,2026-05-14,False,False
TREE,753,2023-05-15,2026-05-14,False,False
TREX,753,2023-05-15,2026-05-14,False,False
TRGP,753,2023-05-15,2026-05-14,False,False
TRGS,19,2026-04-20,2026-05-14,False,False
TRI,753,2023-05-15,2026-05-14,False,False
TRIN,753,2023-05-15,2026-05-14,False,False
TRIP,753,2023-05-15,2026-05-14,False,False
TRMB,753,2023-05-15,2026-05-14,False,False
TRMD,753,2023-05-15,2026-05-14,False,False
TRMK,753,2023-05-15,2026-05-14,False,False
TRN,753,2023-05-15,2026-05-14,False,False
TRNO,753,2023-05-15,2026-05-14,False,False
TRNR,753,2023-05-15,2026-05-14,False,False
TRNS,753,2023-05-15,2026-05-14,False,False
TRON,690,2023-08-15,2026-05-14,False,False
TROO,753,2023-05-15,2026-05-14,False,False
TROW,753,2023-05-15,2026-05-14,False,False
TROX,753,2023-05-15,2026-05-14,False,False
TRP,753,2023-05-15,2026-05-14,False,False
TRS,753,2023-05-15,2026-05-14,False,False
TRSG,519,2024-04-19,2026-05-14,False,False
TRST,753,2023-05-15,2026-05-14,False,False
TRT,753,2023-05-15,2026-05-14,False,False
TRTX,753,2023-05-15,2026-05-14,False,False
TRU,753,2023-05-15,2026-05-14,False,False
TRUG,753,2023-05-15,2026-05-14,False,False
TRUP,753,2023-05-15,2026-05-14,False,False
TRV,753,2023-05-15,2026-05-14,False,False
TRVI,753,2023-05-15,2026-05-14,False,False
TRX,753,2023-05-15,2026-05-14,False,False
TSAT,753,2023-05-15,2026-05-14,False,False
TSBK,753,2023-05-15,2026-05-14,False,False
TSCO,753,2023-05-15,2026-05-14,False,False
TSEM,753,2023-05-15,2026-05-14,False,False
TSHA,753,2023-05-15,2026-05-14,False,False
TSLA,753,2023-05-15,2026-05-14,False,False
TSLX,753,2023-05-15,2026-05-14,False,False
TSM,753,2023-05-15,2026-05-14,False,False
TSN,753,2023-05-15,2026-05-14,False,False
TSQ,753,2023-05-15,2026-05-14,False,False
TSSI,753,2023-05-15,2026-05-14,False,False
TT,753,2023-05-15,2026-05-14,False,False
TTAM,318,2025-02-07,2026-05-14,False,False
TTAN,355,2024-12-12,2026-05-14,False,False
TTC,753,2023-05-15,2026-05-14,False,False
TTD,753,2023-05-15,2026-05-14,False,False
TTE,753,2023-05-15,2026-05-14,False,False
TTEC,753,2023-05-15,2026-05-14,False,False
TTEK,753,2023-05-15,2026-05-14,False,False
TTGT,753,2023-05-15,2026-05-14,False,False
TTI,753,2023-05-15,2026-05-14,False,False
TTMI,753,2023-05-15,2026-05-14,False,False
TTRX,151,2025-10-08,2026-05-14,False,False
TTWO,753,2023-05-15,2026-05-14,False,False
TU,753,2023-05-15,2026-05-14,False,False
TULP,753,2023-05-15,2026-05-14,False,False
TUSK,753,2023-05-15,2026-05-14,False,False
TV,753,2023-05-15,2026-05-14,False,False
TVA,250,2025-05-16,2026-05-14,False,False
TVC,753,2023-05-15,2026-05-14,False,False
TVE,753,2023-05-15,2026-05-14,False,False
TVGN,753,2023-05-15,2026-05-14,False,False
TVRD,753,2023-05-15,2026-05-14,False,False
TVTX,753,2023-05-15,2026-05-14,False,False
TW,753,2023-05-15,2026-05-14,False,False
TWAV,753,2023-05-15,2026-05-14,False,False
TWFG,458,2024-07-18,2026-05-14,False,False
TWG,521,2024-04-17,2026-05-14,False,False
TWI,753,2023-05-15,2026-05-14,False,False
TWIN,753,2023-05-15,2026-05-14,False,False
TWLO,753,2023-05-15,2026-05-14,False,False
TWLV,87,2026-01-09,2026-05-14,False,False
TWO,753,2023-05-15,2026-05-14,False,False
TWST,753,2023-05-15,2026-05-14,False,False
TXG,753,2023-05-15,2026-05-14,False,False
TXMD,753,2023-05-15,2026-05-14,False,False
TXN,753,2023-05-15,2026-05-14,False,False
TXNM,753,2023-05-15,2026-05-14,False,False
TXRH,753,2023-05-15,2026-05-14,False,False
TXT,753,2023-05-15,2026-05-14,False,False
TY,753,2023-05-15,2026-05-14,False,False
TYG,753,2023-05-15,2026-05-14,False,False
TYGO,753,2023-05-15,2026-05-14,False,False
TYL,753,2023-05-15,2026-05-14,False,False
TYRA,753,2023-05-15,2026-05-14,False,False
TZOO,753,2023-05-15,2026-05-14,False,False
UA,753,2023-05-15,2026-05-14,False,False
UAA,753,2023-05-15,2026-05-14,False,False
UAVS,753,2023-05-15,2026-05-14,False,False
UBER,753,2023-05-15,2026-05-14,False,False
UBS,753,2023-05-15,2026-05-14,False,False
UBXG,534,2024-03-28,2026-05-14,False,False
UCAR,753,2023-05-15,2026-05-14,False,False
UCFI,562,2024-02-16,2026-05-14,False,False
UCTT,753,2023-05-15,2026-05-14,False,False
UDR,753,2023-05-15,2026-05-14,False,False
UE,753,2023-05-15,2026-05-14,False,False
UEC,753,2023-05-15,2026-05-14,False,False
UEIC,753,2023-05-15,2026-05-14,False,False
UFG,335,2025-01-14,2026-05-14,False,False
UFI,753,2023-05-15,2026-05-14,False,False
UFPI,753,2023-05-15,2026-05-14,False,False
UFPT,753,2023-05-15,2026-05-14,False,False
UGI,753,2023-05-15,2026-05-14,False,False
UGRO,753,2023-05-15,2026-05-14,False,False
UHAL-B,753,2023-05-15,2026-05-14,False,False
UHAL,753,2023-05-15,2026-05-14,False,False
UHS,753,2023-05-15,2026-05-14,False,False
UHT,753,2023-05-15,2026-05-14,False,False
UI,753,2023-05-15,2026-05-14,False,False
UIS,753,2023-05-15,2026-05-14,False,False
UK,753,2023-05-15,2026-05-14,False,False
ULBI,753,2023-05-15,2026-05-14,False,False
ULCC,753,2023-05-15,2026-05-14,False,False
ULH,753,2023-05-15,2026-05-14,False,False
ULS,524,2024-04-12,2026-05-14,False,False
ULTA,753,2023-05-15,2026-05-14,False,False
UMAC,564,2024-02-14,2026-05-14,False,False
UMBF,753,2023-05-15,2026-05-14,False,False
UMH,753,2023-05-15,2026-05-14,False,False
UNB,753,2023-05-15,2026-05-14,False,False
UNCY,753,2023-05-15,2026-05-14,False,False
UNF,753,2023-05-15,2026-05-14,False,False
UNM,753,2023-05-15,2026-05-14,False,False
UNP,753,2023-05-15,2026-05-14,False,False
UONE,753,2023-05-15,2026-05-14,False,False
UONEK,753,2023-05-15,2026-05-14,False,False
UP,753,2023-05-15,2026-05-14,False,False
UPB,398,2024-10-11,2026-05-14,False,False
UPBD,753,2023-05-15,2026-05-14,False,False
UPC,753,2023-05-15,2026-05-14,False,False
UPLD,753,2023-05-15,2026-05-14,False,False
UPST,753,2023-05-15,2026-05-14,False,False
UPWK,753,2023-05-15,2026-05-14,False,False
UPXI,753,2023-05-15,2026-05-14,False,False
URBN,753,2023-05-15,2026-05-14,False,False
URG,753,2023-05-15,2026-05-14,False,False
URGN,753,2023-05-15,2026-05-14,False,False
UROY,753,2023-05-15,2026-05-14,False,False
USAR,711,2023-07-17,2026-05-14,False,False
USAS,753,2023-05-15,2026-05-14,False,False
USAU,753,2023-05-15,2026-05-14,False,False
USB,753,2023-05-15,2026-05-14,False,False
USBC,752,2023-05-15,2026-05-14,False,False
USCB,753,2023-05-15,2026-05-14,False,False
USEG,753,2023-05-15,2026-05-14,False,False
USFD,753,2023-05-15,2026-05-14,False,False
USGO,753,2023-05-15,2026-05-14,False,False
USIO,753,2023-05-15,2026-05-14,False,False
USNA,753,2023-05-15,2026-05-14,False,False
USPH,753,2023-05-15,2026-05-14,False,False
UTI,753,2023-05-15,2026-05-14,False,False
UTMD,753,2023-05-15,2026-05-14,False,False
UTSI,753,2023-05-15,2026-05-14,False,False
UTZ,753,2023-05-15,2026-05-14,False,False
UUU,753,2023-05-15,2026-05-14,False,False
UUUU,753,2023-05-15,2026-05-14,False,False
UVE,753,2023-05-15,2026-05-14,False,False
UVSP,753,2023-05-15,2026-05-14,False,False
UVV,753,2023-05-15,2026-05-14,False,False
UWMC,753,2023-05-15,2026-05-14,False,False
V,753,2023-05-15,2026-05-14,False,False
VABK,753,2023-05-15,2026-05-14,False,False
VAC,753,2023-05-15,2026-05-14,False,False
VAL,753,2023-05-15,2026-05-14,False,False
VALU,753,2023-05-15,2026-05-14,False,False
VANI,753,2023-05-15,2026-05-14,False,False
VATE,753,2023-05-15,2026-05-14,False,False
VBIO,753,2023-05-15,2026-05-14,False,False
VBNK,753,2023-05-15,2026-05-14,False,False
VC,753,2023-05-15,2026-05-14,False,False
VCEL,753,2023-05-15,2026-05-14,False,False
VCIG,753,2023-05-15,2026-05-14,False,False
VCTR,753,2023-05-15,2026-05-14,False,False
VCV,753,2023-05-15,2026-05-14,False,False
VCYT,753,2023-05-15,2026-05-14,False,False
VECO,753,2023-05-15,2026-05-14,False,False
VEEA,753,2023-05-15,2026-05-14,False,False
VEEE,753,2023-05-15,2026-05-14,False,False
VEEV,753,2023-05-15,2026-05-14,False,False
VEL,753,2023-05-15,2026-05-14,False,False
VELO,753,2023-05-15,2026-05-14,False,False
VENU,365,2024-11-27,2026-05-14,False,False
VERA,753,2023-05-15,2026-05-14,False,False
VERI,753,2023-05-15,2026-05-14,False,False
VERU,753,2023-05-15,2026-05-14,False,False
VERX,753,2023-05-15,2026-05-14,False,False
VET,753,2023-05-15,2026-05-14,False,False
VFC,753,2023-05-15,2026-05-14,False,False
VFF,753,2023-05-15,2026-05-14,False,False
VFS,753,2023-05-15,2026-05-14,False,False
VG,328,2025-01-24,2026-05-14,False,False
VGAS,753,2023-05-15,2026-05-14,False,False
VGM,753,2023-05-15,2026-05-14,False,False
VGNT,34,2026-03-27,2026-05-14,False,False
VGZ,753,2023-05-15,2026-05-14,False,False
VHC,753,2023-05-15,2026-05-14,False,False
VHCP,67,2026-02-09,2026-05-14,False,False
VHI,753,2023-05-15,2026-05-14,False,False
VHUB,73,2026-01-30,2026-05-14,False,False
VIA,169,2025-09-12,2026-05-14,False,False
VIAV,753,2023-05-15,2026-05-14,False,False
VICI,753,2023-05-15,2026-05-14,False,False
VICR,753,2023-05-15,2026-05-14,False,False
VIDA,2,2026-05-13,2026-05-14,False,False
VIK,511,2024-05-01,2026-05-14,False,False
VINP,753,2023-05-15,2026-05-14,False,False
VIR,753,2023-05-15,2026-05-14,False,False
VIRC,753,2023-05-15,2026-05-14,False,False
VIRT,753,2023-05-15,2026-05-14,False,False
VISN,753,2023-05-15,2026-05-14,False,False
VITL,753,2023-05-15,2026-05-14,False,False
VIVK,753,2023-05-15,2026-05-14,False,False
VIVO,753,2023-05-15,2026-05-14,False,False
VIVS,753,2023-05-15,2026-05-14,False,False
VKI,753,2023-05-15,2026-05-14,False,False
VKQ,753,2023-05-15,2026-05-14,False,False
VKTX,753,2023-05-15,2026-05-14,False,False
VLGEA,753,2023-05-15,2026-05-14,False,False
VLN,753,2023-05-15,2026-05-14,False,False
VLO,753,2023-05-15,2026-05-14,False,False
VLT,753,2023-05-15,2026-05-14,False,False
VLTO,655,2023-10-04,2026-05-14,False,False
VLY,753,2023-05-15,2026-05-14,False,False
VMAR,753,2023-05-15,2026-05-14,False,False
VMC,753,2023-05-15,2026-05-14,False,False
VMD,753,2023-05-15,2026-05-14,False,False
VMET,53,2026-03-02,2026-05-14,False,False
VMI,753,2023-05-15,2026-05-14,False,False
VNCE,753,2023-05-15,2026-05-14,False,False
VNDA,753,2023-05-15,2026-05-14,False,False
VNO,753,2023-05-15,2026-05-14,False,False
VNOM,753,2023-05-15,2026-05-14,False,False
VNRX,753,2023-05-15,2026-05-14,False,False
VNT,753,2023-05-15,2026-05-14,False,False
VNTG,233,2025-06-11,2026-05-14,False,False
VOR,753,2023-05-15,2026-05-14,False,False
VOXR,753,2023-05-15,2026-05-14,False,False
VOYA,753,2023-05-15,2026-05-14,False,False
VOYG,233,2025-06-11,2026-05-14,False,False
VPG,753,2023-05-15,2026-05-14,False,False
VPV,753,2023-05-15,2026-05-14,False,False
VRA,753,2023-05-15,2026-05-14,False,False
VRAX,753,2023-05-15,2026-05-14,False,False
VRCA,753,2023-05-15,2026-05-14,False,False
VRDN,753,2023-05-15,2026-05-14,False,False
VRE,753,2023-05-15,2026-05-14,False,False
VREX,753,2023-05-15,2026-05-14,False,False
VRM,310,2025-02-20,2026-05-14,False,False
VRME,753,2023-05-15,2026-05-14,False,False
VRNS,753,2023-05-15,2026-05-14,False,False
VRRM,753,2023-05-15,2026-05-14,False,False
VRSK,753,2023-05-15,2026-05-14,False,False
VRSN,753,2023-05-15,2026-05-14,False,False
VRT,753,2023-05-15,2026-05-14,False,False
VRTS,753,2023-05-15,2026-05-14,False,False
VRTX,753,2023-05-15,2026-05-14,False,False
VS,753,2023-05-15,2026-05-14,False,False
VSAT,753,2023-05-15,2026-05-14,False,False
VSCO,753,2023-05-15,2026-05-14,False,False
VSEC,753,2023-05-15,2026-05-14,False,False
VSEE,753,2023-05-15,2026-05-14,False,False
VSH,753,2023-05-15,2026-05-14,False,False
VSME,660,2023-09-27,2026-05-14,False,False
VSNT,104,2025-12-15,2026-05-14,False,False
VST,753,2023-05-15,2026-05-14,False,False
VSTD,753,2023-05-15,2026-05-14,False,False
VSTM,753,2023-05-15,2026-05-14,False,False
VSTS,660,2023-09-27,2026-05-14,False,False
VTAK,753,2023-05-15,2026-05-14,False,False
VTEX,753,2023-05-15,2026-05-14,False,False
VTGN,753,2023-05-15,2026-05-14,False,False
VTIX,76,2026-01-27,2026-05-14,False,False
VTN,753,2023-05-15,2026-05-14,False,False
VTOL,753,2023-05-15,2026-05-14,False,False
VTR,753,2023-05-15,2026-05-14,False,False
VTRS,753,2023-05-15,2026-05-14,False,False
VTS,753,2023-05-15,2026-05-14,False,False
VTSI,753,2023-05-15,2026-05-14,False,False
VTVT,753,2023-05-15,2026-05-14,False,False
VUZI,753,2023-05-15,2026-05-14,False,False
VVOS,753,2023-05-15,2026-05-14,False,False
VVR,753,2023-05-15,2026-05-14,False,False
VVV,753,2023-05-15,2026-05-14,False,False
VVX,753,2023-05-15,2026-05-14,False,False
VWAV,211,2025-07-15,2026-05-14,False,False
VXX,753,2023-05-15,2026-05-14,False,False
VXZ,753,2023-05-15,2026-05-14,False,False
VYGR,753,2023-05-15,2026-05-14,False,False
VYNE,753,2023-05-15,2026-05-14,False,False
VYX,753,2023-05-15,2026-05-14,False,False
VZ,753,2023-05-15,2026-05-14,False,False
VZLA,753,2023-05-15,2026-05-14,False,False
W,753,2023-05-15,2026-05-14,False,False
WAB,753,2023-05-15,2026-05-14,False,False
WABC,753,2023-05-15,2026-05-14,False,False
WAFD,753,2023-05-15,2026-05-14,False,False
WAFU,753,2023-05-15,2026-05-14,False,False
WAI,753,2023-05-15,2026-05-14,False,False
WAL,753,2023-05-15,2026-05-14,False,False
WALD,753,2023-05-15,2026-05-14,False,False
WASH,753,2023-05-15,2026-05-14,False,False
WAT,753,2023-05-15,2026-05-14,False,False
WATT,753,2023-05-15,2026-05-14,False,False
WAY,485,2024-06-07,2026-05-14,False,False
WBD,753,2023-05-15,2026-05-14,False,False
WBI,166,2025-09-17,2026-05-14,False,False
WBS,753,2023-05-15,2026-05-14,False,False
WBTN,472,2024-06-27,2026-05-14,False,False
WBUY,644,2023-10-19,2026-05-14,False,False
WBX,753,2023-05-15,2026-05-14,False,False
WCC,753,2023-05-15,2026-05-14,False,False
WCN,753,2023-05-15,2026-05-14,False,False
WCT,405,2024-10-02,2026-05-14,False,False
WD,753,2023-05-15,2026-05-14,False,False
WDAY,753,2023-05-15,2026-05-14,False,False
WDC,753,2023-05-15,2026-05-14,False,False
WDFC,753,2023-05-15,2026-05-14,False,False
WEAV,753,2023-05-15,2026-05-14,False,False
WEC,753,2023-05-15,2026-05-14,False,False
WELL,753,2023-05-15,2026-05-14,False,False
WEN,753,2023-05-15,2026-05-14,False,False
WENC,2,2026-05-13,2026-05-14,False,False
WERN,753,2023-05-15,2026-05-14,False,False
WEST,753,2023-05-15,2026-05-14,False,False
WETH,560,2024-02-21,2026-05-14,False,False
WETO,305,2025-02-27,2026-05-14,False,False
WEX,753,2023-05-15,2026-05-14,False,False
WEYS,753,2023-05-15,2026-05-14,False,False
WFC,753,2023-05-15,2026-05-14,False,False
WFCF,753,2023-05-15,2026-05-14,False,False
WFF,285,2025-03-27,2026-05-14,False,False
WFG,753,2023-05-15,2026-05-14,False,False
WFRD,753,2023-05-15,2026-05-14,False,False
WGO,753,2023-05-15,2026-05-14,False,False
WGRX,309,2025-02-21,2026-05-14,False,False
WGS,753,2023-05-15,2026-05-14,False,False
WH,753,2023-05-15,2026-05-14,False,False
WHD,753,2023-05-15,2026-05-14,False,False
WHG,753,2023-05-15,2026-05-14,False,False
WHLR,753,2023-05-15,2026-05-14,False,False
WHR,753,2023-05-15,2026-05-14,False,False
WHWK,753,2023-05-15,2026-05-14,False,False
WILC,753,2023-05-15,2026-05-14,False,False
WIMI,753,2023-05-15,2026-05-14,False,False
WINA,753,2023-05-15,2026-05-14,False,False
WING,753,2023-05-15,2026-05-14,False,False
WIT,753,2023-05-15,2026-05-14,False,False
WIX,753,2023-05-15,2026-05-14,False,False
WK,753,2023-05-15,2026-05-14,False,False
WKC,753,2023-05-15,2026-05-14,False,False
WKHS,753,2023-05-15,2026-05-14,False,False
WKSP,753,2023-05-15,2026-05-14,False,False
WLDN,753,2023-05-15,2026-05-14,False,False
WLDS,753,2023-05-15,2026-05-14,False,False
WLFC,753,2023-05-15,2026-05-14,False,False
WLK,753,2023-05-15,2026-05-14,False,False
WLTH,104,2025-12-15,2026-05-14,False,False
WLY,753,2023-05-15,2026-05-14,False,False
WLYB,753,2023-05-15,2026-05-14,False,False
WM,753,2023-05-15,2026-05-14,False,False
WMB,753,2023-05-15,2026-05-14,False,False
WMG,753,2023-05-15,2026-05-14,False,False
WMK,753,2023-05-15,2026-05-14,False,False
WMS,753,2023-05-15,2026-05-14,False,False
WMT,753,2023-05-15,2026-05-14,False,False
WNC,753,2023-05-15,2026-05-14,False,False
WNEB,753,2023-05-15,2026-05-14,False,False
WNW,753,2023-05-15,2026-05-14,False,False
WOK,432,2024-08-23,2026-05-14,False,False
WOLF,158,2025-09-29,2026-05-14,False,False
WOOF,753,2023-05-15,2026-05-14,False,False
WOR,753,2023-05-15,2026-05-14,False,False
WPC,753,2023-05-15,2026-05-14,False,False
WPM,753,2023-05-15,2026-05-14,False,False
WPRT,753,2023-05-15,2026-05-14,False,False
WRAP,753,2023-05-15,2026-05-14,False,False
WRB,753,2023-05-15,2026-05-14,False,False
WRBY,753,2023-05-15,2026-05-14,False,False
WRLD,753,2023-05-15,2026-05-14,False,False
WRN,753,2023-05-15,2026-05-14,False,False
WS,617,2023-11-28,2026-05-14,False,False
WSBC,753,2023-05-15,2026-05-14,False,False
WSBF,753,2023-05-15,2026-05-14,False,False
WSBK,260,2025-05-02,2026-05-14,False,False
WSC,753,2023-05-15,2026-05-14,False,False
WSE,4,2026-05-11,2026-05-14,False,False
WSFS,753,2023-05-15,2026-05-14,False,False
WSHP,124,2025-11-14,2026-05-14,False,False
WSM,753,2023-05-15,2026-05-14,False,False
WSO-B,753,2023-05-15,2026-05-14,False,False
WSO,753,2023-05-15,2026-05-14,False,False
WSR,753,2023-05-15,2026-05-14,False,False
WST,753,2023-05-15,2026-05-14,False,False
WT,753,2023-05-15,2026-05-14,False,False
WTBA,753,2023-05-15,2026-05-14,False,False
WTF,282,2025-04-01,2026-05-14,False,False
WTFC,753,2023-05-15,2026-05-14,False,False
WTI,753,2023-05-15,2026-05-14,False,False
WTM,753,2023-05-15,2026-05-14,False,False
WTO,753,2023-05-15,2026-05-14,False,False
WTRG,753,2023-05-15,2026-05-14,False,False
WTS,753,2023-05-15,2026-05-14,False,False
WTTR,753,2023-05-15,2026-05-14,False,False
WTW,753,2023-05-15,2026-05-14,False,False
WU,753,2023-05-15,2026-05-14,False,False
WULF,753,2023-05-15,2026-05-14,False,False
WVE,753,2023-05-15,2026-05-14,False,False
WVVI,753,2023-05-15,2026-05-14,False,False
WW,222,2025-06-27,2026-05-14,False,False
WWD,753,2023-05-15,2026-05-14,False,False
WWR,753,2023-05-15,2026-05-14,False,False
WWW,753,2023-05-15,2026-05-14,False,False
WXM,282,2025-04-01,2026-05-14,False,False
WY,753,2023-05-15,2026-05-14,False,False
WYFI,194,2025-08-07,2026-05-14,False,False
WYNN,753,2023-05-15,2026-05-14,False,False
WYY,753,2023-05-15,2026-05-14,False,False
XAIR,753,2023-05-15,2026-05-14,False,False
XBIO,753,2023-05-15,2026-05-14,False,False
XBIT,753,2023-05-15,2026-05-14,False,False
XBP,753,2023-05-15,2026-05-14,False,False
XCH,421,2024-09-10,2026-05-14,False,False
XCUR,753,2023-05-15,2026-05-14,False,False
XE,15,2026-04-24,2026-05-14,False,False
XEL,753,2023-05-15,2026-05-14,False,False
XELB,753,2023-05-15,2026-05-14,False,False
XELLL,151,2025-10-08,2026-05-14,False,False
XENE,753,2023-05-15,2026-05-14,False,False
XERS,753,2023-05-15,2026-05-14,False,False
XFLH,48,2026-03-09,2026-05-14,False,False
XFLT,753,2023-05-15,2026-05-14,False,False
XFOR,753,2023-05-15,2026-05-14,False,False
XGN,753,2023-05-15,2026-05-14,False,False
XHLD,314,2025-02-13,2026-05-14,False,False
XHR,753,2023-05-15,2026-05-14,False,False
XLO,753,2023-05-15,2026-05-14,False,False
XMTR,753,2023-05-15,2026-05-14,False,False
XNCR,753,2023-05-15,2026-05-14,False,False
XNDU,38,2026-03-23,2026-05-14,False,False
XOM,753,2023-05-15,2026-05-14,False,False
XOMA,753,2023-05-15,2026-05-14,False,False
XOS,753,2023-05-15,2026-05-14,False,False
XP,753,2023-05-15,2026-05-14,False,False
XPEL,753,2023-05-15,2026-05-14,False,False
XPER,753,2023-05-15,2026-05-14,False,False
XPL,753,2023-05-15,2026-05-14,False,False
XPO,753,2023-05-15,2026-05-14,False,False
XPOF,753,2023-05-15,2026-05-14,False,False
XPON,753,2023-05-15,2026-05-14,False,False
XPRO,753,2023-05-15,2026-05-14,False,False
XRAY,753,2023-05-15,2026-05-14,False,False
XRN,753,2023-05-15,2026-05-14,False,False
XRTX,753,2023-05-15,2026-05-14,False,False
XRX,753,2023-05-15,2026-05-14,False,False
XSLL,41,2026-03-18,2026-05-14,False,False
XTIA,753,2023-05-15,2026-05-14,False,False
XTNT,753,2023-05-15,2026-05-14,False,False
XWEL,753,2023-05-15,2026-05-14,False,False
XWIN,753,2023-05-15,2026-05-14,False,False
XXI,440,2024-08-13,2026-05-14,False,False
XXII,753,2023-05-15,2026-05-14,False,False
XYL,753,2023-05-15,2026-05-14,False,False
XYZ,753,2023-05-15,2026-05-14,False,False
XZO,131,2025-11-05,2026-05-14,False,False
YAAS,349,2024-12-20,2026-05-14,False,False
YCBD,753,2023-05-15,2026-05-14,False,False
YDDL,150,2025-10-09,2026-05-14,False,False
YDES,181,2025-08-26,2026-05-14,False,False
YDKG,753,2023-05-15,2026-05-14,False,False
YELP,753,2023-05-15,2026-05-14,False,False
YETI,753,2023-05-15,2026-05-14,False,False
YEXT,753,2023-05-15,2026-05-14,False,False
YHC,693,2023-08-10,2026-05-14,False,False
YHGJ,753,2023-05-15,2026-05-14,False,False
YHNA,378,2024-11-08,2026-05-14,False,False
YIBO,578,2024-01-25,2026-05-14,False,False
YJ,753,2023-05-15,2026-05-14,False,False
YMAT,200,2025-07-30,2026-05-14,False,False
YOOV,269,2025-04-21,2026-05-14,False,False
YORW,753,2023-05-15,2026-05-14,False,False
YOU,753,2023-05-15,2026-05-14,False,False
YPF,753,2023-05-15,2026-05-14,False,False
YSS,74,2026-01-29,2026-05-14,False,False
YSWY,17,2026-04-22,2026-05-14,False,False
YSXT,351,2024-12-18,2026-05-14,False,False
YTRA,753,2023-05-15,2026-05-14,False,False
YUM,753,2023-05-15,2026-05-14,False,False
YUMC,753,2023-05-15,2026-05-14,False,False
YXT,437,2024-08-16,2026-05-14,False,False
YYAI,753,2023-05-15,2026-05-14,False,False
YYGH,518,2024-04-22,2026-05-14,False,False
Z,753,2023-05-15,2026-05-14,False,False
ZBAI,753,2023-05-15,2026-05-14,False,False
ZBAO,532,2024-04-02,2026-05-14,False,False
ZBH,753,2023-05-15,2026-05-14,False,False
ZBIO,418,2024-09-13,2026-05-14,False,False
ZBRA,753,2023-05-15,2026-05-14,False,False
ZCMD,753,2023-05-15,2026-05-14,False,False
ZD,753,2023-05-15,2026-05-14,False,False
ZDAI,455,2024-07-23,2026-05-14,False,False
ZDGE,753,2023-05-15,2026-05-14,False,False
ZENA,406,2024-10-01,2026-05-14,False,False
ZEO,753,2023-05-15,2026-05-14,False,False
ZETA,753,2023-05-15,2026-05-14,False,False
ZG,753,2023-05-15,2026-05-14,False,False
ZGN,753,2023-05-15,2026-05-14,False,False
ZIM,753,2023-05-15,2026-05-14,False,False
ZION,753,2023-05-15,2026-05-14,False,False
ZIP,753,2023-05-15,2026-05-14,False,False
ZJK,407,2024-09-30,2026-05-14,False,False
ZJYL,753,2023-05-15,2026-05-14,False,False
ZKIN,753,2023-05-15,2026-05-14,False,False
ZM,753,2023-05-15,2026-05-14,False,False
ZNB,753,2023-05-15,2026-05-14,False,False
ZNTL,753,2023-05-15,2026-05-14,False,False
ZONE,514,2024-04-26,2026-05-14,False,False
ZOOZ,529,2024-04-05,2026-05-14,False,False
ZS,753,2023-05-15,2026-05-14,False,False
ZSQR,753,2023-05-15,2026-05-14,False,False
ZSTK,753,2023-05-15,2026-05-14,False,False
ZTEK,753,2023-05-15,2026-05-14,False,False
ZTG,172,2025-09-09,2026-05-14,False,False
ZTS,753,2023-05-15,2026-05-14,False,False
ZUMZ,753,2023-05-15,2026-05-14,False,False
ZURA,753,2023-05-15,2026-05-14,False,False
ZVIA,753,2023-05-15,2026-05-14,False,False
ZVRA,753,2023-05-15,2026-05-14,False,False
ZWS,753,2023-05-15,2026-05-14,False,False
ZYBT,339,2025-01-07,2026-05-14,False,False
ZYME,753,2023-05-15,2026-05-14,False,False
