Date,Close
1999-03-10,43.0743
1999-03-11,43.2852
1999-03-12,42.2308
1999-03-15,43.4434
1999-03-16,43.8124
1999-03-17,43.4961
1999-03-18,44.3397
1999-03-19,43.2062
1999-03-22,42.6789
1999-03-23,41.1763
1999-03-24,42.5735
1999-03-25,44.1288
1999-03-26,43.6543
1999-03-29,45.236
1999-03-30,44.9196
1999-03-31,44.2606
1999-04-01,45.1832
1999-04-05,46.8176
1999-04-06,46.9099
1999-04-07,46.4222
1999-04-08,46.7913
1999-04-09,47.0813
1999-04-12,46.7649
1999-04-13,46.1322
1999-04-14,44.5506
1999-04-15,45.1569
1999-04-16,43.8388
1999-04-19,41.7826
1999-04-20,42.7316
1999-04-21,44.8405
1999-04-22,46.0532
1999-04-23,46.6595
1999-04-26,47.7337
1999-04-27,47.0022
1999-04-28,45.3941
1999-04-29,45.0251
1999-04-30,45.3151
1999-05-03,45.0778
1999-05-04,44.366
1999-05-05,45.7105
1999-05-06,44.0497
1999-05-07,44.6824
1999-05-10,45.1305
1999-05-11,45.8423
1999-05-12,46.7913
1999-05-13,45.9214
1999-05-14,45.0514
1999-05-17,45.8621
1999-05-18,45.6578
1999-05-19,46.2904
1999-05-20,45.0185
1999-05-21,44.6033
1999-05-24,43.4697
1999-05-25,42.0462
1999-05-26,43.2193
1999-05-27,43.1798
1999-05-28,43.8915
1999-06-01,42.9162
1999-06-02,43.6411
1999-06-03,43.0216
1999-06-04,44.3397
1999-06-07,45.2623
1999-06-08,44.1288
1999-06-09,44.8669
1999-06-10,44.3528
1999-06-11,43.6807
1999-06-14,42.8569
1999-06-15,43.4961
1999-06-16,45.7302
1999-06-17,46.2377
1999-06-18,46.4486
1999-06-21,47.8391
1999-06-22,46.3959
1999-06-23,47.1274
1999-06-24,46.1916
1999-06-25,46.1322
1999-06-28,47.2262
1999-06-29,47.8721
1999-06-30,48.6102
1999-07-01,48.9397
1999-07-02,49.5592
1999-07-06,49.2429
1999-07-07,49.322
1999-07-08,49.981
1999-07-09,50.4819
1999-07-12,50.2182
1999-07-13,49.981
1999-07-14,50.8312
1999-07-15,51.2991
1999-07-16,51.7736
1999-07-19,51.2463
1999-07-20,49.2693
1999-07-21,49.5065
1999-07-22,48.2477
1999-07-23,48.3202
1999-07-26,47.134
1999-07-27,48.083
1999-07-28,49.0254
1999-07-29,47.9775
1999-07-30,47.7403
1999-08-02,47.6085
1999-08-03,47.2987
1999-08-04,46.442
1999-08-05,47.1801
1999-08-06,46.6726
1999-08-09,46.073
1999-08-10,45.6578
1999-08-11,47.1603
1999-08-12,46.6067
1999-08-13,48.6366
1999-08-16,49.0254
1999-08-17,49.2693
1999-08-18,48.7156
1999-08-19,48.1357
1999-08-20,48.9002
1999-08-23,50.4555
1999-08-24,50.7982
1999-08-25,51.879
1999-08-26,51.0157
1999-08-27,50.5082
1999-08-30,49.7965
1999-08-31,50.3501
1999-09-01,50.7125
1999-09-02,50.5346
1999-09-03,52.8544
1999-09-07,52.6171
1999-09-08,51.9054
1999-09-09,52.6435
1999-09-10,53.2498
1999-09-13,52.6105
1999-09-14,52.9005
1999-09-15,51.879
1999-09-16,51.8526
1999-09-17,53.408
1999-09-20,53.5332
1999-09-21,52.2481
1999-09-22,52.8017
1999-09-23,50.6137
1999-09-24,50.6796
1999-09-27,51.0354
1999-09-28,51.2727
1999-09-29,50.2446
1999-09-30,50.7718
1999-10-01,50.7916
1999-10-04,51.9317
1999-10-05,52.3008
1999-10-06,53.3487
1999-10-07,53.2234
1999-10-08,53.7836
1999-10-11,54.5415
1999-10-12,53.3025
1999-10-13,51.7208
1999-10-14,52.0438
1999-10-15,50.5082
1999-10-18,49.869
1999-10-19,50.1392
1999-10-20,51.6681
1999-10-21,52.5117
1999-10-22,52.2744
1999-10-25,52.3008
1999-10-26,51.879
1999-10-27,51.7999
1999-10-28,53.5925
1999-10-29,55.4642
1999-11-01,55.1742
1999-11-02,55.2071
1999-11-03,56.3077
1999-11-04,56.9404
1999-11-05,57.5203
1999-11-08,58.6802
1999-11-09,58.2848
1999-11-10,59.0493
1999-11-11,60.1037
1999-11-12,60.8946
1999-11-15,60.7759
1999-11-16,62.3181
1999-11-17,61.4745
1999-11-18,63.3594
1999-11-19,63.9261
1999-11-22,62.9508
1999-11-23,63.2407
1999-11-24,65.3233
1999-11-26,65.5342
1999-11-29,64.4533
1999-11-30,62.0017
1999-12-01,63.3462
1999-12-02,65.3562
1999-12-03,66.7468
1999-12-06,67.3531
1999-12-07,67.3531
1999-12-08,66.5359
1999-12-09,66.8522
1999-12-10,67.4058
1999-12-13,68.3219
1999-12-14,67.0895
1999-12-15,68.3812
1999-12-16,70.0683
1999-12-17,70.6746
1999-12-20,71.5972
1999-12-21,75.446
1999-12-22,75.2087
1999-12-23,76.105
1999-12-27,75.6569
1999-12-28,75.1824
1999-12-29,78.0294
1999-12-30,77.1859
1999-12-31,77.0804
2000-01-03,79.9274
2000-01-04,74.4443
2000-01-05,72.5462
2000-01-06,67.564
2000-01-07,75.9205
2000-01-10,78.0294
2000-01-11,74.2334
2000-01-12,72.599
2000-01-13,76.975
2000-01-14,78.7675
2000-01-18,79.1893
2000-01-19,80.9819
2000-01-20,80.191
2000-01-21,81.1927
2000-01-24,77.2913
2000-01-25,78.4512
2000-01-26,75.2878
2000-01-27,76.395
2000-01-28,72.5462
2000-01-31,75.6569
2000-02-01,77.6867
2000-02-02,78.3457
2000-02-03,81.4036
2000-02-04,81.9573
2000-02-07,83.0908
2000-02-08,86.5705
2000-02-09,83.5126
2000-02-10,86.2541
2000-02-11,84.2507
2000-02-14,84.1452
2000-02-15,84.7515
2000-02-16,84.3561
2000-02-17,86.1487
2000-02-18,83.038
2000-02-22,83.3017
2000-02-23,87.9413
2000-02-24,89.8392
2000-02-25,87.7831
2000-02-28,87.7303
2000-02-29,90.0502
2000-03-01,90.7882
2000-03-02,88.686
2000-03-03,93.688
2000-03-06,94.4261
2000-03-07,93.0026
2000-03-08,93.8462
2000-03-09,97.0095
2000-03-10,96.5878
2000-03-13,94.0571
2000-03-14,90.5774
2000-03-15,86.7814
2000-03-16,91.7373
2000-03-17,93.4771
2000-03-20,90.841
2000-03-21,94.268
2000-03-22,96.166
2000-03-23,97.8531
2000-03-24,99.1711
2000-03-27,99.3293
2000-03-28,96.7986
2000-03-29,92.7917
2000-03-30,90.4719
2000-03-31,92.3699
2000-04-03,86.8341
2000-04-04,85.9905
2000-04-05,84.4616
2000-04-06,86.465
2000-04-07,89.9447
2000-04-10,84.4616
2000-04-11,82.4581
2000-04-12,77.6076
2000-04-13,74.2334
2000-04-14,67.8012
2000-04-17,75.6041
2000-04-18,77.6076
2000-04-19,75.2351
2000-04-20,73.6007
2000-04-24,71.4918
2000-04-25,76.3159
2000-04-26,73.7062
2000-04-27,76.975
2000-04-28,79.9274
2000-05-01,80.6655
2000-05-02,76.026
2000-05-03,75.1824
2000-05-04,75.3406
2000-05-05,77.1331
2000-05-08,74.1279
2000-05-09,72.5462
2000-05-10,67.274
2000-05-11,71.3863
2000-05-12,71.3863
2000-05-15,74.497
2000-05-16,76.6059
2000-05-17,75.0242
2000-05-18,72.3354
2000-05-19,68.9084
2000-05-22,68.8557
2000-05-23,63.1089
2000-05-24,67.0631
2000-05-25,65.5869
2000-05-26,65.5869
2000-05-30,72.1772
2000-05-31,70.121
2000-06-01,73.7062
2000-06-02,78.9784
2000-06-05,79.1761
2000-06-06,76.975
2000-06-07,79.0311
2000-06-08,78.6621
2000-06-09,79.0838
2000-06-12,76.5532
2000-06-13,79.5056
2000-06-14,77.7131
2000-06-15,79.0838
2000-06-16,79.5056
2000-06-19,82.669
2000-06-20,82.3526
2000-06-21,83.4071
2000-06-22,80.3492
2000-06-23,77.1859
2000-06-26,79.2948
2000-06-27,78.3457
2000-06-28,79.2948
2000-06-29,77.3045
2000-06-30,78.8202
2000-07-03,80.3492
2000-07-05,77.2386
2000-07-06,79.2948
2000-07-07,80.9291
2000-07-10,79.7033
2000-07-11,80.1383
2000-07-12,82.0363
2000-07-13,83.0908
2000-07-14,84.8833
2000-07-17,85.8324
2000-07-18,83.9343
2000-07-19,82.0363
2000-07-20,84.6724
2000-07-21,81.8255
2000-07-24,80.1383
2000-07-25,80.771
2000-07-26,80.6655
2000-07-27,77.5022
2000-07-28,73.2844
2000-07-31,75.446
2000-08-01,74.4443
2000-08-02,73.1262
2000-08-03,76.2895
2000-08-04,76.026
2000-08-07,77.8185
2000-08-08,79.4002
2000-08-09,77.2913
2000-08-10,75.7623
2000-08-11,76.8168
2000-08-14,78.4512
2000-08-15,78.4512
2000-08-16,79.242
2000-08-17,80.771
2000-08-18,80.3492
2000-08-21,80.5601
2000-08-22,80.5601
2000-08-23,81.8782
2000-08-24,83.1435
2000-08-25,82.6953
2000-08-28,83.0908
2000-08-29,83.5126
2000-08-30,83.4071
2000-08-31,85.7269
2000-09-01,86.5705
2000-09-05,83.9343
2000-09-06,80.9819
2000-09-07,82.7744
2000-09-08,80.2437
2000-09-11,78.293
2000-09-12,77.0804
2000-09-13,78.873
2000-09-14,78.4512
2000-09-15,77.0276
2000-09-18,75.8151
2000-09-19,78.6093
2000-09-20,79.822
2000-09-21,74.0225
2000-09-22,78.3984
2000-09-25,76.3159
2000-09-26,75.446
2000-09-27,75.5515
2000-09-28,77.2386
2000-09-29,74.866
2000-10-02,73.1789
2000-10-03,70.8591
2000-10-04,72.2299
2000-10-05,72.4408
2000-10-06,70.0156
2000-10-09,69.6992
2000-10-10,66.0614
2000-10-11,65.0069
2000-10-12,63.3725
2000-10-13,68.5394
2000-10-16,69.172
2000-10-17,66.0087
2000-10-18,65.7978
2000-10-19,71.7554
2000-10-20,72.8099
2000-10-23,72.7044
2000-10-24,69.5938
2000-10-25,65.6923
2000-10-26,67.3794
2000-10-27,67.2476
2000-10-30,64.7565
2000-10-31,68.9216
2000-11-01,68.3284
2000-11-02,69.172
2000-11-03,70.0683
2000-11-06,69.5411
2000-11-07,69.2775
2000-11-08,63.8602
2000-11-09,63.847
2000-11-10,60.5255
2000-11-13,60.6178
2000-11-14,63.9788
2000-11-15,65.2705
2000-11-16,61.4745
2000-11-17,61.4349
2000-11-20,58.9306
2000-11-21,58.8384
2000-11-22,56.2022
2000-11-24,59.4183
2000-11-27,58.6802
2000-11-28,55.2137
2000-11-29,53.0916
2000-11-30,53.1312
2000-12-01,53.9879
2000-12-04,54.8315
2000-12-05,59.6292
2000-12-06,57.3622
2000-12-07,56.0968
2000-12-08,57.3622
2000-12-11,62.7399
2000-12-12,60.4464
2000-12-13,57.9816
2000-12-14,55.1478
2000-12-15,53.8825
2000-12-18,53.9879
2000-12-19,49.8755
2000-12-20,47.0154
2000-12-21,47.2921
2000-12-22,51.0354
2000-12-26,51.3518
2000-12-27,51.9317
2000-12-28,51.8263
2000-12-29,49.2429
2001-01-02,45.0778
2001-01-03,52.6698
2001-01-04,51.7208
2001-01-05,47.7666
2001-01-08,48.2939
2001-01-09,48.2939
2001-01-10,50.7718
2001-01-11,52.2481
2001-01-12,52.9203
2001-01-16,52.2876
2001-01-17,53.8825
2001-01-18,56.1495
2001-01-19,55.9386
2001-01-22,55.9914
2001-01-23,57.1644
2001-01-24,56.6241
2001-01-25,54.4097
2001-01-26,55.2928
2001-01-29,56.5186
2001-01-30,56.3077
2001-01-31,54.241
2001-02-01,54.958
2001-02-02,51.9212
2001-02-05,51.879
2001-02-06,51.9634
2001-02-07,51.1198
2001-02-08,49.593
2001-02-09,47.5769
2001-02-12,48.1505
2001-02-13,46.6067
2001-02-14,48.4626
2001-02-15,49.264
2001-02-16,46.5055
2001-02-20,44.7003
2001-02-21,43.4434
2001-02-22,43.0216
2001-02-23,43.1735
2001-02-26,43.9917
2001-02-27,41.3345
2001-02-28,40.027
2001-03-01,41.1658
2001-03-02,39.3943
2001-03-05,40.1113
2001-03-06,41.6719
2001-03-07,41.6888
2001-03-08,40.9127
2001-03-09,38.0446
2001-03-12,35.6826
2001-03-13,37.4963
2001-03-14,36.9058
2001-03-15,35.5561
2001-03-16,34.7547
2001-03-19,36.4925
2001-03-20,34.0377
2001-03-21,34.0377
2001-03-22,36.1044
2001-03-23,36.1044
2001-03-26,35.2693
2001-03-27,36.484
2001-03-28,33.4894
2001-03-29,32.8567
2001-03-30,33.0254
2001-04-02,31.5492
2001-04-03,29.2378
2001-04-04,28.7233
2001-04-05,31.4733
2001-04-06,30.326
2001-04-09,31.2539
2001-04-10,33.5737
2001-04-11,34.586
2001-04-12,36.1044
2001-04-16,33.9533
2001-04-17,34.7969
2001-04-18,38.4242
2001-04-19,40.744
2001-04-20,40.8284
2001-04-23,38.0868
2001-04-24,37.3698
2001-04-25,38.0446
2001-04-26,37.0745
2001-04-27,38.0868
2001-04-30,38.9304
2001-05-01,40.5331
2001-05-02,41.3176
2001-05-03,39.4787
2001-05-04,40.6596
2001-05-07,39.8161
2001-05-08,40.6596
2001-05-09,39.2678
2001-05-10,38.6098
2001-05-11,38.4242
2001-05-14,37.8084
2001-05-15,38.0868
2001-05-16,39.7739
2001-05-17,40.4066
2001-05-18,40.5247
2001-05-21,43.0638
2001-05-22,42.9373
2001-05-23,41.0393
2001-05-24,42.0937
2001-05-25,41.3261
2001-05-29,38.905
2001-05-30,37.4794
2001-05-31,37.7325
2001-06-01,38.846
2001-06-04,38.6604
2001-06-05,40.3644
2001-06-06,40.0523
2001-06-07,41.0814
2001-06-08,39.9426
2001-06-11,38.846
2001-06-12,38.6351
2001-06-13,37.5806
2001-06-14,35.6405
2001-06-15,35.9357
2001-06-18,35.4549
2001-06-19,35.2777
2001-06-20,36.0791
2001-06-21,36.5684
2001-06-22,36.484
2001-06-25,36.5768
2001-06-26,36.7033
2001-06-27,36.9395
2001-06-28,37.4119
2001-06-29,38.5507
2001-07-02,38.3399
2001-07-03,38.5001
2001-07-05,36.6527
2001-07-06,35.1343
2001-07-09,35.438
2001-07-10,34.1642
2001-07-11,34.586
2001-07-12,36.7793
2001-07-13,36.3997
2001-07-16,35.7248
2001-07-17,36.5262
2001-07-18,35.1343
2001-07-19,35.9694
2001-07-20,35.1343
2001-07-23,34.257
2001-07-24,33.869
2001-07-25,34.1642
2001-07-26,34.6703
2001-07-27,35.3874
2001-07-30,35.1765
2001-07-31,35.2271
2001-08-01,36.3575
2001-08-02,37.0408
2001-08-03,36.425
2001-08-06,35.8513
2001-08-07,35.6658
2001-08-08,34.1642
2001-08-09,34.3076
2001-08-10,33.9786
2001-08-13,34.6703
2001-08-14,34.2486
2001-08-15,32.9832
2001-08-16,33.3713
2001-08-17,31.8529
2001-08-20,32.2915
2001-08-21,30.9503
2001-08-22,31.7938
2001-08-23,31.4817
2001-08-24,33.152
2001-08-27,33.1941
2001-08-28,32.1565
2001-08-29,31.6841
2001-08-30,30.5116
2001-08-31,30.8996
2001-09-04,29.9211
2001-09-05,29.803
2001-09-06,28.5967
2001-09-07,28.428
2001-09-10,28.7654
2001-09-17,26.3191
2001-09-18,25.7286
2001-09-19,25.2815
2001-09-20,24.438
2001-09-21,23.78
2001-09-24,24.9778
2001-09-25,25.0538
2001-09-26,24.1849
2001-09-27,24.0246
2001-09-28,24.4464
2001-10-01,24.2355
2001-10-02,24.3114
2001-10-03,26.1504
2001-10-04,26.4035
2001-10-05,26.7915
2001-10-08,26.8759
2001-10-09,26.2263
2001-10-10,27.4157
2001-10-11,29.2716
2001-10-12,29.145
2001-10-15,29.0185
2001-10-16,29.4909
2001-10-17,27.3736
2001-10-18,28.1159
2001-10-19,28.3015
2001-10-22,29.0607
2001-10-23,29.2125
2001-10-24,29.8452
2001-10-25,31.043
2001-10-26,30.3766
2001-10-29,28.7148
2001-10-30,28.1581
2001-10-31,28.5967
2001-11-01,29.8114
2001-11-02,30.0308
2001-11-05,31.0093
2001-11-06,32.2156
2001-11-07,32.1734
2001-11-08,31.8444
2001-11-09,31.8276
2001-11-12,32.0553
2001-11-13,33.2026
2001-11-14,33.4388
2001-11-15,33.3038
2001-11-16,33.211
2001-11-19,34.1558
2001-11-20,32.5783
2001-11-21,32.4096
2001-11-23,33.1351
2001-11-26,33.9533
2001-11-27,33.9112
2001-11-28,32.688
2001-11-29,33.7003
2001-11-30,33.4472
2001-12-03,32.8736
2001-12-04,34.4426
2001-12-05,36.1466
2001-12-06,36.1972
2001-12-07,35.2018
2001-12-10,34.586
2001-12-11,34.78
2001-12-12,35.0584
2001-12-13,33.54
2001-12-14,33.8352
2001-12-17,34.4173
2001-12-18,34.8053
2001-12-19,34.1727
2001-12-20,32.7217
2001-12-21,33.3038
2001-12-24,33.1688
2001-12-26,33.4809
2001-12-27,33.7509
2001-12-28,34.0208
2001-12-31,32.823
2002-01-02,33.8352
2002-01-03,35.0078
2002-01-04,35.1512
2002-01-07,34.7631
2002-01-08,34.9994
2002-01-09,34.6788
2002-01-10,34.9065
2002-01-11,34.4595
2002-01-14,33.7087
2002-01-15,34.0292
2002-01-16,32.7133
2002-01-17,33.4472
2002-01-18,32.553
2002-01-22,31.5492
2002-01-23,32.4181
2002-01-24,32.8483
2002-01-25,32.7555
2002-01-28,32.9411
2002-01-29,32.0385
2002-01-30,32.2831
2002-01-31,32.4855
2002-02-01,32.1734
2002-02-04,31.1443
2002-02-05,30.6297
2002-02-06,30.4188
2002-02-07,29.6849
2002-02-08,30.5116
2002-02-11,30.8996
2002-02-12,30.6466
2002-02-13,31.1696
2002-02-14,31.1105
2002-02-15,30.1826
2002-02-19,29.2547
2002-02-20,29.6512
2002-02-21,28.2424
2002-02-22,28.3858
2002-02-25,29.5331
2002-02-26,29.4234
2002-02-27,29.0185
2002-02-28,28.4955
2002-03-01,30.1489
2002-03-04,31.3383
2002-03-05,31.5661
2002-03-06,31.7179
2002-03-07,31.7854
2002-03-08,32.6205
2002-03-11,32.5024
2002-03-12,32.0553
2002-03-13,31.2793
2002-03-14,31.0937
2002-03-15,31.4058
2002-03-18,31.5829
2002-03-19,31.5323
2002-03-20,30.4188
2002-03-21,31.2286
2002-03-22,30.9418
2002-03-25,29.997
2002-03-26,30.2754
2002-03-27,30.0392
2002-03-28,30.4188
2002-04-01,31.0009
2002-04-02,29.6006
2002-04-03,29.5499
2002-04-04,29.3222
2002-04-05,28.9932
2002-04-08,29.3559
2002-04-09,28.3352
2002-04-10,28.5461
2002-04-11,27.8375
2002-04-12,28.2762
2002-04-15,28.5039
2002-04-16,29.6934
2002-04-17,29.5415
2002-04-18,28.9763
2002-04-19,29.0691
2002-04-22,28.3352
2002-04-23,27.8459
2002-04-24,27.4157
2002-04-25,27.3482
2002-04-26,26.1841
2002-04-29,26.2516
2002-04-30,26.7662
2002-05-01,26.6228
2002-05-02,25.737
2002-05-03,25.0875
2002-05-06,24.438
2002-05-07,24.2102
2002-05-08,26.7999
2002-05-09,26.1082
2002-05-10,24.9357
2002-05-13,25.9479
2002-05-14,27.4748
2002-05-15,27.6772
2002-05-16,27.7194
2002-05-17,27.7785
2002-05-20,27.1711
2002-05-21,26.4288
2002-05-22,26.4878
2002-05-23,27.0193
2002-05-24,26.3529
2002-05-28,26.2348
2002-05-29,25.543
2002-05-30,25.7623
2002-05-31,25.3406
2002-06-03,24.4464
2002-06-04,24.767
2002-06-05,25.02
2002-06-06,24.362
2002-06-07,23.8728
2002-06-10,23.8306
2002-06-11,23.1642
2002-06-12,23.5016
2002-06-13,23.3498
2002-06-14,23.2992
2002-06-17,24.0921
2002-06-18,24.4801
2002-06-19,23.063
2002-06-20,22.3206
2002-06-21,21.7808
2002-06-24,22.211
2002-06-25,21.4771
2002-06-26,21.6373
2002-06-27,22.1097
2002-06-28,22.017
2002-07-01,20.9625
2002-07-02,20.2033
2002-07-03,20.8781
2002-07-05,22.2194
2002-07-08,21.4096
2002-07-09,20.8022
2002-07-10,20.1611
2002-07-11,20.9203
2002-07-12,20.9203
2002-07-15,21.5699
2002-07-16,21.2493
2002-07-17,21.6373
2002-07-18,20.8613
2002-07-19,20.237
2002-07-22,19.7393
2002-07-23,18.8958
2002-07-24,19.9249
2002-07-25,18.7692
2002-07-26,19.1235
2002-07-29,20.1021
2002-07-30,20.507
2002-07-31,20.1189
2002-08-01,19.1741
2002-08-02,18.7692
2002-08-05,18.086
2002-08-06,18.9801
2002-08-07,19.2332
2002-08-08,19.8827
2002-08-09,19.6803
2002-08-12,19.7393
2002-08-13,19.0645
2002-08-14,20.2792
2002-08-15,20.6926
2002-08-16,20.836
2002-08-19,21.3421
2002-08-20,21.2493
2002-08-21,21.7217
2002-08-22,22.0676
2002-08-23,21.2156
2002-08-26,21.2999
2002-08-27,20.5576
2002-08-28,19.8068
2002-08-29,20.0683
2002-08-30,19.8153
2002-09-03,19.0982
2002-09-04,19.1741
2002-09-05,18.7017
2002-09-06,19.2754
2002-09-09,19.4694
2002-09-10,19.9502
2002-09-11,19.7815
2002-09-12,19.2416
2002-09-13,19.3935
2002-09-16,19.1151
2002-09-17,18.7102
2002-09-18,18.4993
2002-09-19,18.2041
2002-09-20,18.28
2002-09-23,17.7317
2002-09-24,17.7401
2002-09-25,18.4487
2002-09-26,18.2209
2002-09-27,17.9763
2002-09-30,17.4786
2002-10-01,18.5415
2002-10-02,17.9257
2002-10-03,17.4955
2002-10-04,17.1665
2002-10-07,17.0062
2002-10-08,17.0399
2002-10-09,16.9218
2002-10-10,17.7823
2002-10-11,18.7439
2002-10-14,18.9633
2002-10-15,19.8743
2002-10-16,19.2163
2002-10-17,19.8659
2002-10-18,20.0852
2002-10-21,20.4901
2002-10-22,20.3636
2002-10-23,20.7516
2002-10-24,20.2286
2002-10-25,20.836
2002-10-28,20.6588
2002-10-29,20.178
2002-10-30,20.7179
2002-10-31,20.7094
2002-11-01,21.2999
2002-11-04,21.8482
2002-11-05,22.017
2002-11-06,22.3291
2002-11-07,21.5445
2002-11-08,21.1481
2002-11-11,20.507
2002-11-12,21.03
2002-11-13,21.283
2002-11-14,22.017
2002-11-15,22.3038
2002-11-18,21.9748
2002-11-19,21.6373
2002-11-20,22.5568
2002-11-21,23.3919
2002-11-22,23.3835
2002-11-25,23.6113
2002-11-26,22.8183
2002-11-27,23.5438
2002-11-29,23.3835
2002-12-02,23.6197
2002-12-03,22.9196
2002-12-04,22.4134
2002-12-05,22.1013
2002-12-06,22.3291
2002-12-09,21.2746
2002-12-10,21.5952
2002-12-11,21.6964
2002-12-12,21.8145
2002-12-13,21.1228
2002-12-16,21.8061
2002-12-17,21.8735
2002-12-18,21.4096
2002-12-19,21.1396
2002-12-20,21.359
2002-12-23,21.6542
2002-12-24,21.3843
2002-12-26,21.3252
2002-12-27,20.9372
2002-12-30,20.7769
2002-12-31,20.5576
2003-01-02,21.4265
2003-01-03,21.6627
2003-01-06,22.2025
2003-01-07,22.4809
2003-01-08,21.8482
2003-01-09,22.5231
2003-01-10,22.8605
2003-01-13,22.7255
2003-01-14,22.8436
2003-01-15,22.5568
2003-01-16,22.3038
2003-01-17,21.3505
2003-01-21,21.1143
2003-01-22,21.03
2003-01-23,21.5192
2003-01-24,20.9372
2003-01-27,20.6926
2003-01-28,20.9034
2003-01-29,21.2156
2003-01-30,20.6672
2003-01-31,20.6166
2003-02-03,20.6588
2003-02-04,20.4058
2003-02-05,20.313
2003-02-06,20.4226
2003-02-07,20.0852
2003-02-10,20.2623
2003-02-11,20.372
2003-02-12,20.0936
2003-02-13,20.1949
2003-02-14,20.6588
2003-02-18,21.2999
2003-02-19,21.1565
2003-02-20,21.0722
2003-02-21,21.2324
2003-02-24,20.8697
2003-02-25,20.895
2003-02-26,20.4311
2003-02-27,20.895
2003-02-28,21.224
2003-03-03,20.7938
2003-03-04,20.6672
2003-03-05,20.7094
2003-03-06,20.6588
2003-03-07,20.701
2003-03-10,20.2539
2003-03-11,20.0768
2003-03-12,20.4395
2003-03-13,21.612
2003-03-14,21.6964
2003-03-17,22.4387
2003-03-18,22.7171
2003-03-19,22.5231
2003-03-20,22.6074
2003-03-21,22.9196
2003-03-24,21.9663
2003-03-25,22.2784
2003-03-26,22.405
2003-03-27,22.2447
2003-03-28,22.0001
2003-03-31,21.2999
2003-04-01,21.4686
2003-04-02,22.0591
2003-04-03,22.3375
2003-04-04,21.9748
2003-04-07,22.0085
2003-04-08,21.9832
2003-04-09,21.4771
2003-04-10,21.7386
2003-04-11,21.5192
2003-04-14,21.9579
2003-04-15,22.1688
2003-04-16,22.1182
2003-04-17,22.6243
2003-04-21,22.7087
2003-04-22,23.1389
2003-04-23,23.3076
2003-04-24,23.1811
2003-04-25,22.734
2003-04-28,23.1811
2003-04-29,23.3919
2003-04-30,23.1558
2003-05-01,23.3582
2003-05-02,23.8559
2003-05-05,23.8306
2003-05-06,24.1343
2003-05-07,23.8643
2003-05-08,23.4257
2003-05-09,23.9656
2003-05-12,24.3283
2003-05-13,24.1765
2003-05-14,24.1258
2003-05-15,24.3958
2003-05-16,24.2102
2003-05-19,23.3582
2003-05-20,23.4257
2003-05-21,23.3582
2003-05-22,23.6956
2003-05-23,23.7041
2003-05-27,24.5476
2003-05-28,24.6235
2003-05-29,24.7248
2003-05-30,25.1297
2003-06-02,24.9525
2003-06-03,25.1887
2003-06-04,25.6611
2003-06-05,25.8467
2003-06-06,25.4165
2003-06-09,25.0791
2003-06-10,25.4587
2003-06-11,25.7455
2003-06-12,25.8551
2003-06-13,25.2731
2003-06-16,26.0492
2003-06-17,25.9479
2003-06-18,26.0829
2003-06-19,25.6611
2003-06-20,25.6274
2003-06-23,25.2309
2003-06-24,25.0369
2003-06-25,24.9019
2003-06-26,25.4924
2003-06-27,25.1634
2003-06-30,25.2647
2003-07-01,25.6021
2003-07-02,26.1251
2003-07-03,25.7961
2003-07-07,26.9012
2003-07-08,27.2302
2003-07-09,27.1627
2003-07-10,26.6565
2003-07-11,26.859
2003-07-14,27.1795
2003-07-15,27.2133
2003-07-16,27.1289
2003-07-17,26.3022
2003-07-18,26.3866
2003-07-21,26.0492
2003-07-22,26.4372
2003-07-23,26.6565
2003-07-24,26.3022
2003-07-25,26.8252
2003-07-28,26.9012
2003-07-29,26.6987
2003-07-30,26.5047
2003-07-31,26.8252
2003-08-01,26.5384
2003-08-04,26.53
2003-08-05,25.484
2003-08-06,25.4671
2003-08-07,25.5683
2003-08-08,25.3659
2003-08-11,25.6443
2003-08-12,26.0323
2003-08-13,26.0407
2003-08-14,26.066
2003-08-15,26.2938
2003-08-18,26.9686
2003-08-19,27.3061
2003-08-20,27.2386
2003-08-21,27.5338
2003-08-22,27.3651
2003-08-25,27.4242
2003-08-26,27.4495
2003-08-27,27.6688
2003-08-28,27.9134
2003-08-29,28.1665
2003-09-02,28.5714
2003-09-03,28.5545
2003-09-04,28.816
2003-09-05,28.6305
2003-09-08,29.1029
2003-09-09,28.757
2003-09-10,28.0653
2003-09-11,28.3774
2003-09-12,28.5292
2003-09-15,28.2509
2003-09-16,29.0185
2003-09-17,28.9004
2003-09-18,29.3391
2003-09-19,29.1703
2003-09-22,28.6136
2003-09-23,29.1197
2003-09-24,28.0231
2003-09-25,27.6604
2003-09-26,27.4832
2003-09-29,27.9556
2003-09-30,27.3482
2003-10-01,27.964
2003-10-02,28.0568
2003-10-03,28.8414
2003-10-06,29.0522
2003-10-07,29.2294
2003-10-08,29.0438
2003-10-09,29.2631
2003-10-10,29.5331
2003-10-13,29.7271
2003-10-14,29.803
2003-10-15,29.6765
2003-10-16,29.9127
2003-10-17,29.1956
2003-10-20,29.5584
2003-10-21,29.7355
2003-10-22,29.1619
2003-10-23,28.8245
2003-10-24,28.8498
2003-10-27,28.8582
2003-10-28,29.8283
2003-10-29,29.7946
2003-10-30,29.8536
2003-10-31,29.6765
2003-11-03,30.1657
2003-11-04,29.9633
2003-11-05,30.2332
2003-11-06,30.3176
2003-11-07,30.0561
2003-11-10,29.6849
2003-11-11,29.5752
2003-11-12,30.2079
2003-11-13,30.1742
2003-11-14,29.5584
2003-11-17,29.2547
2003-11-18,28.5798
2003-11-19,28.8582
2003-11-20,28.5798
2003-11-21,28.8751
2003-11-24,29.6765
2003-11-25,29.6765
2003-11-26,29.8114
2003-11-28,29.8452
2003-12-01,30.2838
2003-12-02,30.1151
2003-12-03,29.7355
2003-12-04,30.0561
2003-12-05,29.5584
2003-12-08,29.7271
2003-12-09,29.0438
2003-12-10,29.1535
2003-12-11,29.7777
2003-12-12,29.7271
2003-12-15,29.3391
2003-12-16,29.3981
2003-12-17,29.4487
2003-12-18,29.997
2003-12-19,29.9127
2003-12-22,30.0055
2003-12-23,30.2332
2003-12-24,30.2957
2003-12-26,30.2535
2003-12-29,30.7514
2003-12-30,30.8526
2003-12-31,30.7682
2004-01-02,30.6839
2004-01-05,31.2999
2004-01-06,31.5109
2004-01-07,31.7978
2004-01-08,32.051
2004-01-09,31.84
2004-01-12,32.3463
2004-01-13,32.0257
2004-01-14,32.1354
2004-01-15,32.2198
2004-01-16,32.5489
2004-01-20,32.5236
2004-01-21,32.3885
2004-01-22,32.1944
2004-01-23,32.0763
2004-01-26,32.5657
2004-01-27,31.8484
2004-01-28,31.3084
2004-01-29,31.4265
2004-01-30,31.283
2004-02-02,31.1987
2004-02-03,31.1649
2004-02-04,30.6586
2004-02-05,30.7767
2004-02-06,31.3337
2004-02-09,31.3252
2004-02-10,31.3759
2004-02-11,31.7134
2004-02-12,31.4349
2004-02-13,31.1733
2004-02-17,31.5953
2004-02-18,31.6881
2004-02-19,31.2071
2004-02-20,31.1058
2004-02-23,30.7598
2004-02-24,30.6839
2004-02-25,30.8695
2004-02-26,30.9455
2004-02-27,30.8611
2004-03-01,31.2662
2004-03-02,30.9033
2004-03-03,30.7345
2004-03-04,31.0214
2004-03-05,30.9117
2004-03-08,30.186
2004-03-09,30.0931
2004-03-10,29.6965
2004-03-11,29.4265
2004-03-12,29.9666
2004-03-15,29.4433
2004-03-16,29.494
2004-03-17,29.9581
2004-03-18,29.8231
2004-03-19,29.3252
2004-03-22,28.9539
2004-03-23,28.7176
2004-03-24,29.0467
2004-03-25,29.8231
2004-03-26,29.7218
2004-03-29,30.2028
2004-03-30,30.3041
2004-03-31,30.245
2004-04-01,30.5151
2004-04-02,31.3084
2004-04-05,31.6037
2004-04-06,31.2071
2004-04-07,31.1733
2004-04-08,31.1733
2004-04-12,31.3674
2004-04-13,30.9117
2004-04-14,31.0636
2004-04-15,30.5066
2004-04-16,30.456
2004-04-19,30.8273
2004-04-20,30.11
2004-04-21,30.3716
2004-04-22,31.1565
2004-04-23,31.4012
2004-04-26,31.1733
2004-04-27,31.1143
2004-04-28,30.5489
2004-04-29,30.0763
2004-04-30,29.3421
2004-05-03,29.6206
2004-05-04,29.7471
2004-05-05,29.9834
2004-05-06,29.7556
2004-05-07,29.5109
2004-05-10,29.2577
2004-05-11,29.6965
2004-05-12,29.7556
2004-05-13,29.5446
2004-05-14,29.3252
2004-05-17,29.0467
2004-05-18,29.3083
2004-05-19,29.2746
2004-05-20,29.4096
2004-05-21,29.553
2004-05-24,29.7556
2004-05-25,30.3463
2004-05-26,30.5404
2004-05-27,30.7345
2004-05-28,30.8442
2004-06-01,30.802
2004-06-02,30.7345
2004-06-03,30.3632
2004-06-04,30.5404
2004-06-07,31.2662
2004-06-08,31.3084
2004-06-09,30.8695
2004-06-10,31.0889
2004-06-14,30.6501
2004-06-15,31.0467
2004-06-16,30.9961
2004-06-17,30.7092
2004-06-18,30.7514
2004-06-21,30.5066
2004-06-22,30.9539
2004-06-23,31.3252
2004-06-24,31.2662
2004-06-25,31.5024
2004-06-28,31.2408
2004-06-29,31.5362
2004-06-30,31.8484
2004-07-01,31.2577
2004-07-02,31.0721
2004-07-06,30.4054
2004-07-07,30.4645
2004-07-08,30.1269
2004-07-09,30.1691
2004-07-12,30.0425
2004-07-13,30.0003
2004-07-14,29.6965
2004-07-15,29.5952
2004-07-16,29.2577
2004-07-19,29.1986
2004-07-20,29.8991
2004-07-21,29.0298
2004-07-22,29.4265
2004-07-23,28.8695
2004-07-26,28.7429
2004-07-27,29.1395
2004-07-28,29.013
2004-07-29,29.3505
2004-07-30,29.4433
2004-08-02,29.5024
2004-08-03,28.8864
2004-08-04,28.8948
2004-08-05,28.3547
2004-08-06,27.6121
2004-08-09,27.6796
2004-08-10,28.0256
2004-08-11,27.7809
2004-08-12,27.4011
2004-08-13,27.4433
2004-08-16,27.7556
2004-08-17,28.0678
2004-08-18,28.5657
2004-08-19,28.4138
2004-08-20,28.7007
2004-08-23,28.7682
2004-08-24,28.7598
2004-08-25,29.1564
2004-08-26,29.0298
2004-08-27,29.1649
2004-08-30,28.6754
2004-08-31,28.7092
2004-09-01,28.9201
2004-09-02,29.3505
2004-09-03,28.8104
2004-09-07,29.0552
2004-09-08,28.9455
2004-09-09,29.1902
2004-09-10,29.6374
2004-09-13,30.0256
2004-09-14,30.0678
2004-09-15,29.7471
2004-09-16,29.8062
2004-09-17,29.8991
2004-09-20,29.8991
2004-09-21,30.0172
2004-09-22,29.494
2004-09-23,29.4687
2004-09-24,29.3674
2004-09-27,29.1142
2004-09-28,29.1733
2004-09-29,29.6037
2004-09-30,29.6543
2004-10-01,30.4645
2004-10-04,30.6417
2004-10-05,30.6839
2004-10-06,30.9286
2004-10-07,30.5826
2004-10-08,30.0256
2004-10-11,30.1691
2004-10-12,30.1185
2004-10-13,30.051
2004-10-14,29.9159
2004-10-15,30.0678
2004-10-18,30.4982
2004-10-19,30.2788
2004-10-20,30.4223
2004-10-21,30.8864
2004-10-22,30.2113
2004-10-25,30.0678
2004-10-26,30.2282
2004-10-27,30.9961
2004-10-28,31.1902
2004-10-29,31.1396
2004-11-01,31.2577
2004-11-02,31.359
2004-11-03,31.57
2004-11-04,31.7472
2004-11-05,32.0341
2004-11-08,32.0679
2004-11-09,32.0003
2004-11-10,31.8906
2004-11-11,32.3126
2004-11-12,32.6248
2004-11-15,32.7683
2004-11-16,32.5657
2004-11-17,33.0046
2004-11-18,33.1565
2004-11-19,32.6417
2004-11-22,32.9539
2004-11-23,32.9033
2004-11-24,33.1902
2004-11-26,33.089
2004-11-29,33.0805
2004-11-30,33.013
2004-12-01,33.6881
2004-12-02,33.8147
2004-12-03,33.8653
2004-12-06,33.9835
2004-12-07,33.4012
2004-12-08,33.5953
2004-12-09,33.7978
2004-12-10,33.6966
2004-12-13,33.9919
2004-12-14,34.1607
2004-12-15,34.0341
2004-12-16,33.7134
2004-12-17,33.6274
2004-12-20,33.3974
2004-12-21,33.8063
2004-12-22,33.8489
2004-12-23,33.8745
2004-12-27,33.7296
2004-12-28,34.0534
2004-12-29,34.096
2004-12-30,34.0704
2004-12-31,34.0108
2005-01-03,33.653
2005-01-04,33.0395
2005-01-05,32.8351
2005-01-06,32.6732
2005-01-07,32.8436
2005-01-10,32.8265
2005-01-11,32.5965
2005-01-12,32.8691
2005-01-13,32.4346
2005-01-14,32.7413
2005-01-18,32.9884
2005-01-19,32.4431
2005-01-20,31.8212
2005-01-21,31.5656
2005-01-24,31.1226
2005-01-25,31.2759
2005-01-26,31.6508
2005-01-27,31.6082
2005-01-28,31.4549
2005-01-31,31.8638
2005-02-01,31.966
2005-02-02,32.0172
2005-02-03,31.6508
2005-02-04,32.162
2005-02-07,32.0938
2005-02-08,32.1535
2005-02-09,31.6167
2005-02-10,31.6508
2005-02-11,32.1194
2005-02-14,32.2642
2005-02-15,32.4772
2005-02-16,32.3579
2005-02-17,31.9234
2005-02-18,31.8212
2005-02-22,31.4293
2005-02-23,31.4719
2005-02-24,31.8723
2005-02-25,32.0512
2005-02-28,31.7105
2005-03-01,32.0598
2005-03-02,32.0427
2005-03-03,31.7786
2005-03-04,31.966
2005-03-07,32.4261
2005-03-08,32.1023
2005-03-09,32.0086
2005-03-10,31.966
2005-03-11,31.6678
2005-03-14,31.8127
2005-03-15,31.5571
2005-03-16,31.1993
2005-03-17,31.2759
2005-03-18,31.1055
2005-03-21,31.1652
2005-03-22,30.7818
2005-03-23,30.8926
2005-03-24,30.9011
2005-03-28,30.9607
2005-03-29,30.7136
2005-03-30,31.293
2005-03-31,31.1567
2005-04-01,30.8414
2005-04-04,31.0629
2005-04-05,31.1481
2005-04-06,31.097
2005-04-07,31.4719
2005-04-08,31.2163
2005-04-11,31.08
2005-04-12,31.2334
2005-04-13,30.7222
2005-04-14,30.2876
2005-04-15,29.5976
2005-04-18,29.6061
2005-04-19,29.8105
2005-04-20,29.5635
2005-04-21,30.3473
2005-04-22,29.8958
2005-04-25,30.1428
2005-04-26,29.8617
2005-04-27,29.9043
2005-04-28,29.6061
2005-04-29,29.802
2005-05-02,29.9213
2005-05-03,30.0747
2005-05-04,30.441
2005-05-05,30.4666
2005-05-06,30.5518
2005-05-09,30.6966
2005-05-10,30.4751
2005-05-11,30.6284
2005-05-12,30.5433
2005-05-13,30.8755
2005-05-16,31.08
2005-05-17,31.2674
2005-05-18,31.6934
2005-05-19,31.9575
2005-05-20,32.0853
2005-05-23,32.2472
2005-05-24,32.3494
2005-05-25,32.2131
2005-05-26,32.5369
2005-05-27,32.5539
2005-05-31,32.4431
2005-06-01,32.7073
2005-06-02,32.9373
2005-06-03,32.4602
2005-06-06,32.4687
2005-06-07,32.1961
2005-06-08,32.1279
2005-06-09,32.3324
2005-06-10,31.9916
2005-06-13,32.145
2005-06-14,32.0172
2005-06-15,32.1194
2005-06-16,32.2898
2005-06-17,32.2941
2005-06-20,32.2941
2005-06-21,32.277
2005-06-22,32.2429
2005-06-23,31.8847
2005-06-24,31.5266
2005-06-27,31.3816
2005-06-28,31.6801
2005-06-29,31.6119
2005-06-30,31.3645
2005-07-01,31.3219
2005-07-05,31.646
2005-07-06,31.4925
2005-07-07,31.6033
2005-07-08,32.2088
2005-07-11,32.5072
2005-07-12,32.6607
2005-07-13,32.7375
2005-07-14,33.0615
2005-07-15,33.1639
2005-07-18,33.0274
2005-07-19,33.4112
2005-07-20,33.6499
2005-07-21,33.6585
2005-07-22,33.6158
2005-07-25,33.4879
2005-07-26,33.6158
2005-07-27,33.8717
2005-07-28,34.0337
2005-07-29,33.7523
2005-08-01,33.812
2005-08-02,34.1787
2005-08-03,34.1616
2005-08-04,33.829
2005-08-05,33.667
2005-08-08,33.4197
2005-08-09,33.6414
2005-08-10,33.3515
2005-08-11,33.6244
2005-08-12,33.4368
2005-08-15,33.6414
2005-08-16,33.0957
2005-08-17,33.2918
2005-08-18,33.1212
2005-08-19,33.1042
2005-08-22,33.1212
2005-08-23,33.0274
2005-08-24,32.8313
2005-08-25,32.908
2005-08-26,32.7972
2005-08-29,33.053
2005-08-30,32.9336
2005-08-31,33.2406
2005-09-01,33.1895
2005-09-02,33.0615
2005-09-06,33.5476
2005-09-07,33.6073
2005-09-08,33.5988
2005-09-09,33.7864
2005-09-12,33.8802
2005-09-13,33.7949
2005-09-14,33.4112
2005-09-15,33.3941
2005-09-16,33.5988
2005-09-19,33.3344
2005-09-20,33.198
2005-09-21,32.8313
2005-09-22,32.9507
2005-09-23,33.0445
2005-09-26,33.053
2005-09-27,32.9763
2005-09-28,32.9848
2005-09-29,33.4282
2005-09-30,33.6499
2005-10-03,33.7352
2005-10-04,33.5135
2005-10-05,33.053
2005-10-06,32.6181
2005-10-07,32.6949
2005-10-10,32.5158
2005-10-11,32.3537
2005-10-12,31.97
2005-10-13,32.2173
2005-10-14,32.4561
2005-10-17,32.5584
2005-10-18,32.3282
2005-10-19,32.9763
2005-10-20,32.6693
2005-10-21,32.8739
2005-10-24,33.3941
2005-10-25,33.2662
2005-10-26,33.0957
2005-10-27,32.4305
2005-10-28,32.6778
2005-10-31,33.1468
2005-11-01,33.1212
2005-11-02,33.5561
2005-11-03,34.0593
2005-11-04,34.1787
2005-11-07,34.2213
2005-11-08,34.2298
2005-11-09,34.2469
2005-11-10,34.6221
2005-11-11,34.7159
2005-11-14,34.7159
2005-11-15,34.5539
2005-11-16,34.7671
2005-11-17,35.2275
2005-11-18,35.3469
2005-11-21,35.4322
2005-11-22,35.5601
2005-11-23,35.6454
2005-11-25,35.7221
2005-11-28,35.4237
2005-11-29,35.2531
2005-11-30,35.1679
2005-12-01,35.8245
2005-12-02,35.9098
2005-12-05,35.6454
2005-12-06,35.7648
2005-12-07,35.6966
2005-12-08,35.4407
2005-12-09,35.5772
2005-12-12,35.7051
2005-12-13,35.8501
2005-12-14,35.7307
2005-12-15,35.7904
2005-12-16,35.5433
2005-12-19,34.9791
2005-12-20,35.0048
2005-12-21,35.1587
2005-12-22,35.3895
2005-12-23,35.3895
2005-12-27,35.0817
2005-12-28,35.039
2005-12-29,34.8082
2005-12-30,34.5432
2006-01-03,35.3125
2006-01-04,35.6801
2006-01-05,35.834
2006-01-06,36.4836
2006-01-09,36.6289
2006-01-10,36.6546
2006-01-11,36.9367
2006-01-12,36.7572
2006-01-13,36.7401
2006-01-17,36.5007
2006-01-18,36.0819
2006-01-19,36.3469
2006-01-20,35.2612
2006-01-23,35.2698
2006-01-24,35.4236
2006-01-25,35.2698
2006-01-26,35.5177
2006-01-27,35.9964
2006-01-30,36.0648
2006-01-31,35.9024
2006-02-01,36.0306
2006-02-02,35.4151
2006-02-03,34.9791
2006-02-06,34.8851
2006-02-07,34.7313
2006-02-08,35.133
2006-02-09,34.7996
2006-02-10,35.0133
2006-02-13,34.6116
2006-02-14,34.962
2006-02-15,35.1843
2006-02-16,35.5091
2006-02-17,35.2271
2006-02-21,34.8338
2006-02-22,35.2698
2006-02-23,35.1758
2006-02-24,35.2698
2006-02-27,35.663
2006-02-28,35.133
2006-03-01,35.6117
2006-03-02,35.6374
2006-03-03,35.4322
2006-03-06,35.1245
2006-03-07,34.9193
2006-03-08,34.9364
2006-03-09,34.6372
2006-03-10,34.6714
2006-03-13,34.774
2006-03-14,35.3638
2006-03-15,35.663
2006-03-16,35.3638
2006-03-17,35.457
2006-03-20,35.5426
2006-03-21,35.1662
2006-03-22,35.2518
2006-03-23,35.1491
2006-03-24,35.3288
2006-03-27,35.3373
2006-03-28,35.1919
2006-03-29,35.8591
2006-03-30,35.9703
2006-03-31,35.8676
2006-04-03,35.9104
2006-04-04,36.1072
2006-04-05,36.4493
2006-04-06,36.552
2006-04-07,36.2013
2006-04-10,36.1499
2006-04-11,35.8591
2006-04-12,35.8676
2006-04-13,36.0131
2006-04-17,35.6367
2006-04-18,36.321
2006-04-19,36.4836
2006-04-20,36.3553
2006-04-21,35.9275
2006-04-24,35.8933
2006-04-25,35.8163
2006-04-26,35.8078
2006-04-27,36.1499
2006-04-28,35.7992
2006-05-01,35.4485
2006-05-02,35.5426
2006-05-03,35.4913
2006-05-04,35.7821
2006-05-05,36.0644
2006-05-08,36.0986
2006-05-09,35.9618
2006-05-10,35.6452
2006-05-11,34.8497
2006-05-12,34.3792
2006-05-15,34.3536
2006-05-16,34.0969
2006-05-17,33.635
2006-05-18,33.4041
2006-05-19,33.6607
2006-05-22,33.3356
2006-05-23,33.0106
2006-05-24,33.233
2006-05-25,33.6692
2006-05-26,33.7804
2006-05-30,33.0533
2006-05-31,33.2073
2006-06-01,33.9943
2006-06-02,33.9088
2006-06-05,33.1731
2006-06-06,33.1474
2006-06-07,32.8994
2006-06-08,32.848
2006-06-09,32.6342
2006-06-12,31.9926
2006-06-13,31.8643
2006-06-14,32.1894
2006-06-15,33.0619
2006-06-16,32.8188
2006-06-19,32.5534
2006-06-20,32.5962
2006-06-21,33.1098
2006-06-22,32.6904
2006-06-23,32.6561
2006-06-26,32.7418
2006-06-27,32.1254
2006-06-28,32.3651
2006-06-29,33.3495
2006-06-30,33.1868
2006-07-03,33.3837
2006-07-05,32.6561
2006-07-06,32.6219
2006-07-07,32.2624
2006-07-10,31.9799
2006-07-11,32.2196
2006-07-12,31.6118
2006-07-13,31.0811
2006-07-14,30.7644
2006-07-17,30.8414
2006-07-18,30.9442
2006-07-19,31.3465
2006-07-20,30.8842
2006-07-21,30.559
2006-07-24,31.1667
2006-07-25,31.3465
2006-07-26,31.3208
2006-07-27,31.1153
2006-07-28,31.7659
2006-07-31,31.7573
2006-08-01,31.2266
2006-08-02,31.5776
2006-08-03,31.7745
2006-08-04,31.629
2006-08-07,31.4235
2006-08-08,31.2266
2006-08-09,31.2694
2006-08-10,31.492
2006-08-11,31.2694
2006-08-14,31.4749
2006-08-15,32.2709
2006-08-16,33.0328
2006-08-17,33.1526
2006-08-18,33.204
2006-08-21,32.8873
2006-08-22,32.8958
2006-08-23,32.6476
2006-08-24,32.7418
2006-08-25,32.8017
2006-08-28,33.0499
2006-08-29,33.1526
2006-08-30,33.3067
2006-08-31,33.2725
2006-09-01,33.4522
2006-09-05,33.7775
2006-09-06,33.1013
2006-09-07,32.9472
2006-09-08,33.1441
2006-09-11,33.3495
2006-09-12,33.9658
2006-09-13,34.1969
2006-09-14,34.2312
2006-09-15,34.3537
2006-09-18,34.3622
2006-09-19,34.131
2006-09-20,34.6277
2006-09-21,34.4136
2006-09-22,34.1481
2006-09-25,34.7476
2006-09-26,34.9189
2006-09-27,34.8761
2006-09-28,34.9703
2006-09-29,34.8162
2006-10-02,34.3793
2006-10-03,34.525
2006-10-04,35.3729
2006-10-05,35.5442
2006-10-06,35.4671
2006-10-09,35.587
2006-10-10,35.6469
2006-10-11,35.5784
2006-10-12,36.1437
2006-10-13,36.3407
2006-10-16,36.375
2006-10-17,35.9724
2006-10-18,35.8011
2006-10-19,35.8868
2006-10-20,35.9724
2006-10-23,36.3407
2006-10-24,36.0923
2006-10-25,36.3407
2006-10-26,36.6747
2006-10-27,36.1523
2006-10-30,36.3835
2006-10-31,36.4692
2006-11-01,35.9724
2006-11-02,36.0067
2006-11-03,35.9125
2006-11-06,36.4349
2006-11-07,36.6833
2006-11-08,36.8546
2006-11-09,36.6833
2006-11-10,36.8546
2006-11-13,37.2314
2006-11-14,37.6254
2006-11-15,37.7796
2006-11-16,37.9423
2006-11-17,37.9423
2006-11-20,38.0194
2006-11-21,38.0708
2006-11-22,38.3106
2006-11-24,38.2421
2006-11-27,37.3771
2006-11-28,37.4884
2006-11-29,37.7453
2006-11-30,37.7197
2006-12-01,37.3942
2006-12-04,37.9081
2006-12-05,38.0451
2006-12-06,37.9081
2006-12-07,37.4284
2006-12-08,37.5997
2006-12-11,37.7368
2006-12-12,37.5141
2006-12-13,37.5826
2006-12-14,38.0023
2006-12-15,38.1001
2006-12-18,37.7227
2006-12-19,37.6027
2006-12-20,37.4655
2006-12-21,37.1997
2006-12-22,36.8137
2006-12-26,36.9681
2006-12-27,37.1568
2006-12-28,36.9767
2006-12-29,37.011
2007-01-03,37.0796
2007-01-04,37.7828
2007-01-05,37.6027
2007-01-08,37.6284
2007-01-09,37.817
2007-01-10,38.263
2007-01-11,38.6574
2007-01-12,38.8547
2007-01-16,38.8289
2007-01-17,38.5117
2007-01-18,37.7999
2007-01-19,37.8771
2007-01-22,37.4655
2007-01-23,37.3712
2007-01-24,37.9886
2007-01-25,37.4998
2007-01-26,37.3626
2007-01-29,37.3969
2007-01-30,37.414
2007-01-31,37.7913
2007-02-01,37.7313
2007-02-02,37.8685
2007-02-05,37.8342
2007-02-06,37.7828
2007-02-07,38.1258
2007-02-08,38.1172
2007-02-09,37.6284
2007-02-12,37.4826
2007-02-13,37.6113
2007-02-14,38.2458
2007-02-15,38.4688
2007-02-16,38.3402
2007-02-20,38.6317
2007-02-21,38.7518
2007-02-22,38.949
2007-02-23,38.8118
2007-02-26,38.6231
2007-02-27,37.0367
2007-02-28,37.1568
2007-03-01,36.9852
2007-03-02,36.4279
2007-03-05,36.1449
2007-03-06,36.7452
2007-03-07,36.5994
2007-03-08,36.8481
2007-03-09,36.8137
2007-03-12,37.0538
2007-03-13,36.3335
2007-03-14,36.8652
2007-03-15,36.7794
2007-03-16,36.7511
2007-03-19,37.1287
2007-03-20,37.3947
2007-03-21,38.1155
2007-03-22,37.9781
2007-03-23,37.858
2007-03-26,38.0125
2007-03-27,37.7465
2007-03-28,37.3432
2007-03-29,37.3861
2007-03-30,37.3518
2007-04-02,37.4033
2007-04-03,37.8924
2007-04-04,38.0468
2007-04-05,38.2356
2007-04-09,38.1412
2007-04-10,38.3386
2007-04-11,37.9353
2007-04-12,38.2356
2007-04-13,38.3128
2007-04-16,38.6646
2007-04-17,38.7504
2007-04-18,38.6217
2007-04-19,38.7418
2007-04-20,38.9564
2007-04-23,39.0164
2007-04-24,39.2138
2007-04-25,39.7372
2007-04-26,39.9431
2007-04-27,39.9603
2007-04-30,39.4369
2007-05-01,39.4026
2007-05-02,39.8316
2007-05-03,39.9775
2007-05-04,40.0118
2007-05-07,40.0118
2007-05-08,40.0976
2007-05-09,40.1834
2007-05-10,39.6342
2007-05-11,40.1405
2007-05-14,39.8659
2007-05-15,39.557
2007-05-16,39.9431
2007-05-17,39.7544
2007-05-18,40.0805
2007-05-21,40.3379
2007-05-22,40.3722
2007-05-23,40.1834
2007-05-24,39.6085
2007-05-25,39.8573
2007-05-29,40.1663
2007-05-30,40.4923
2007-05-31,40.6811
2007-06-01,40.7068
2007-06-04,40.827
2007-06-05,40.827
2007-06-06,40.3893
2007-06-07,39.763
2007-06-08,40.2521
2007-06-11,40.1748
2007-06-12,39.9346
2007-06-13,40.3722
2007-06-14,40.6382
2007-06-15,41.0135
2007-06-18,41.0221
2007-06-19,41.0135
2007-06-20,40.627
2007-06-21,40.9963
2007-06-22,40.6098
2007-06-25,40.4381
2007-06-26,40.2062
2007-06-27,40.8245
2007-06-28,40.8074
2007-06-29,40.876
2007-07-02,41.2453
2007-07-03,41.4858
2007-07-05,41.7863
2007-07-06,41.9581
2007-07-09,41.9838
2007-07-10,41.6317
2007-07-11,41.9152
2007-07-12,42.5592
2007-07-13,42.8512
2007-07-16,42.8082
2007-07-17,43.1345
2007-07-18,43.083
2007-07-19,43.2118
2007-07-20,42.98
2007-07-23,42.9972
2007-07-24,42.3617
2007-07-25,42.4218
2007-07-26,42.0611
2007-07-27,41.211
2007-07-30,41.6919
2007-07-31,40.8159
2007-08-01,41.1337
2007-08-02,41.5115
2007-08-03,40.7215
2007-08-06,41.1938
2007-08-07,41.4858
2007-08-08,41.9409
2007-08-09,40.9705
2007-08-10,40.6013
2007-08-13,40.876
2007-08-14,40.1805
2007-08-15,39.4162
2007-08-16,39.0298
2007-08-17,39.7683
2007-08-20,39.9572
2007-08-21,40.378
2007-08-22,40.9276
2007-08-23,40.8159
2007-08-24,41.3913
2007-08-27,41.1165
2007-08-28,40.1375
2007-08-29,41.2883
2007-08-30,41.5029
2007-08-31,41.9667
2007-09-04,42.6622
2007-09-05,42.2329
2007-09-06,42.1985
2007-09-07,41.4171
2007-09-10,41.3913
2007-09-11,42.0182
2007-09-12,42.0268
2007-09-13,42.2329
2007-09-14,42.2672
2007-09-17,41.9152
2007-09-18,42.9714
2007-09-19,43.083
2007-09-20,42.9628
2007-09-21,43.2687
2007-09-24,43.4663
2007-09-25,43.8787
2007-09-26,44.0935
2007-09-27,44.3169
2007-09-28,44.1708
2007-10-01,44.6777
2007-10-02,44.6863
2007-10-03,44.377
2007-10-04,44.4801
2007-10-05,45.3823
2007-10-08,45.6658
2007-10-09,45.8634
2007-10-10,45.9751
2007-10-11,45.2448
2007-10-12,45.9923
2007-10-15,45.64
2007-10-16,45.4252
2007-10-17,46.0095
2007-10-18,46.2071
2007-10-19,45.0558
2007-10-22,45.5971
2007-10-23,46.5508
2007-10-24,46.1985
2007-10-25,45.5799
2007-10-26,46.336
2007-10-29,46.525
2007-10-30,46.6195
2007-10-31,47.2811
2007-11-01,46.3961
2007-11-02,46.757
2007-11-05,46.4563
2007-11-06,46.9804
2007-11-07,45.8376
2007-11-08,44.4458
2007-11-09,42.9594
2007-11-12,41.8682
2007-11-13,43.5952
2007-11-14,43.0367
2007-11-15,42.8047
2007-11-16,43.1999
2007-11-19,42.7016
2007-11-20,42.8734
2007-11-21,42.3665
2007-11-23,42.8219
2007-11-26,42.083
2007-11-27,42.925
2007-11-28,44.231
2007-11-29,44.42
2007-11-30,44.0849
2007-12-03,43.7155
2007-12-04,43.535
2007-12-05,44.3169
2007-12-06,44.9527
2007-12-07,44.9613
2007-12-10,45.1417
2007-12-11,44.0935
2007-12-12,44.4887
2007-12-13,44.2481
2007-12-14,43.7928
2007-12-17,42.7274
2007-12-18,42.8649
2007-12-19,42.8563
2007-12-20,43.7326
2007-12-21,44.5953
2007-12-24,44.9307
2007-12-26,45.1543
2007-12-27,44.6125
2007-12-28,44.5695
2007-12-31,44.0534
2008-01-02,43.3568
2008-01-03,43.5374
2008-01-04,41.628
2008-01-07,41.4302
2008-01-08,40.3551
2008-01-09,41.2152
2008-01-10,41.2754
2008-01-11,40.4669
2008-01-14,41.1722
2008-01-15,40.0368
2008-01-16,39.6068
2008-01-17,39.0564
2008-01-18,39.0048
2008-01-22,37.9985
2008-01-23,37.8522
2008-01-24,38.6263
2008-01-25,37.835
2008-01-28,38.1275
2008-01-29,38.1963
2008-01-30,38.1619
2008-01-31,38.8156
2008-02-01,39.2112
2008-02-04,38.6607
2008-02-05,37.5598
2008-02-06,36.8201
2008-02-07,37.0782
2008-02-08,37.4996
2008-02-11,37.9038
2008-02-12,37.6888
2008-02-13,38.5145
2008-02-14,37.8178
2008-02-15,37.6888
2008-02-19,37.62
2008-02-20,37.792
2008-02-21,37.4308
2008-02-22,37.5684
2008-02-25,37.7576
2008-02-26,37.9038
2008-02-27,38.0931
2008-02-28,37.9469
2008-02-29,36.9406
2008-03-03,36.6997
2008-03-04,36.9062
2008-03-05,37.0868
2008-03-06,36.2697
2008-03-07,36.1837
2008-03-10,35.487
2008-03-11,36.8373
2008-03-12,36.7341
2008-03-13,37.018
2008-03-14,36.3385
2008-03-17,35.6762
2008-03-18,37.2674
2008-03-19,36.3471
2008-03-20,37.0899
2008-03-24,38.3725
2008-03-25,38.5876
2008-03-26,38.4758
2008-03-27,37.6236
2008-03-28,37.4342
2008-03-31,37.6322
2008-04-01,39.2418
2008-04-02,39.1557
2008-04-03,39.2418
2008-04-04,39.4742
2008-04-07,39.3882
2008-04-08,39.0869
2008-04-09,38.6479
2008-04-10,39.1988
2008-04-11,38.1142
2008-04-14,37.9421
2008-04-15,37.9937
2008-04-16,39.0525
2008-04-17,38.9664
2008-04-18,40.2058
2008-04-21,40.4899
2008-04-22,39.8874
2008-04-23,40.3264
2008-04-24,40.6879
2008-04-25,40.5846
2008-04-28,40.6621
2008-04-29,40.9719
2008-04-30,40.6362
2008-05-01,41.9188
2008-05-02,41.979
2008-05-05,41.8585
2008-05-06,42.1167
2008-05-07,41.3507
2008-05-08,41.6606
2008-05-09,41.497
2008-05-12,42.2545
2008-05-13,42.3663
2008-05-14,42.2717
2008-05-15,43.0119
2008-05-16,43.0464
2008-05-19,42.7365
2008-05-20,42.4094
2008-05-21,41.4712
2008-05-22,41.6175
2008-05-23,41.4884
2008-05-27,42.22
2008-05-28,42.3922
2008-05-29,42.7709
2008-05-30,43.0464
2008-06-02,42.5213
2008-06-03,42.2889
2008-06-04,42.8312
2008-06-05,43.5112
2008-06-06,42.2028
2008-06-09,41.979
2008-06-10,41.7811
2008-06-11,40.774
2008-06-12,40.817
2008-06-13,41.6347
2008-06-16,42.0048
2008-06-17,41.7811
2008-06-18,41.3335
2008-06-19,41.979
2008-06-20,40.8455
2008-06-23,40.5268
2008-06-24,40.32
2008-06-25,40.9747
2008-06-26,39.3209
2008-06-27,39.3209
2008-06-30,38.9074
2008-07-01,39.4587
2008-07-02,38.5112
2008-07-03,38.4423
2008-07-07,38.6749
2008-07-08,39.5965
2008-07-09,38.5457
2008-07-10,39.0022
2008-07-11,38.382
2008-07-14,38.0978
2008-07-15,38.1064
2008-07-16,39.0538
2008-07-17,39.3122
2008-07-18,38.4078
2008-07-21,38.5715
2008-07-22,38.5715
2008-07-23,39.0797
2008-07-24,38.494
2008-07-25,38.9936
2008-07-28,38.2614
2008-07-29,39.0538
2008-07-30,39.2519
2008-07-31,39.1572
2008-08-01,38.6576
2008-08-04,38.27
2008-08-05,39.5621
2008-08-06,40.165
2008-08-07,39.8549
2008-08-08,40.7593
2008-08-11,41.1297
2008-08-12,41.1728
2008-08-13,41.0867
2008-08-14,41.5604
2008-08-15,41.4829
2008-08-18,41.0005
2008-08-19,40.4923
2008-08-20,40.5612
2008-08-21,40.3717
2008-08-22,40.9058
2008-08-25,40.0444
2008-08-26,39.9927
2008-08-27,40.2511
2008-08-28,40.5784
2008-08-29,39.7257
2008-09-02,39.2347
2008-09-03,38.8644
2008-09-04,37.6068
2008-09-05,37.4259
2008-09-08,37.357
2008-09-09,36.5645
2008-09-10,36.866
2008-09-11,37.5551
2008-09-12,37.4087
2008-09-15,36.2458
2008-09-16,36.5301
2008-09-17,34.6351
2008-09-18,35.8065
2008-09-19,36.9771
2008-09-22,35.2359
2008-09-23,34.9687
2008-09-24,35.2101
2008-09-25,35.7703
2008-09-26,35.4083
2008-09-29,32.5984
2008-09-30,33.5379
2008-10-01,33.1845
2008-10-02,31.6761
2008-10-03,31.1848
2008-10-06,30.0471
2008-10-07,28.1422
2008-10-08,27.9181
2008-10-09,27.1682
2008-10-10,26.9958
2008-10-13,30.2798
2008-10-14,28.9697
2008-10-15,26.3752
2008-10-16,27.8061
2008-10-17,27.8405
2008-10-20,28.6163
2008-10-21,27.1337
2008-10-22,26.3839
2008-10-23,26.2804
2008-10-24,25.4357
2008-10-27,24.7289
2008-10-28,27.4613
2008-10-29,27.3923
2008-10-30,28.306
2008-10-31,28.3491
2008-11-03,28.2887
2008-11-04,29.0903
2008-11-05,27.5733
2008-11-06,26.3408
2008-11-07,26.8838
2008-11-10,26.5218
2008-11-11,25.9443
2008-11-12,24.7462
2008-11-13,26.2546
2008-11-14,24.9789
2008-11-17,24.4531
2008-11-18,24.4273
2008-11-19,23.1516
2008-11-20,22.0311
2008-11-21,22.9878
2008-11-24,24.3928
2008-11-25,24.2807
2008-11-26,25.2978
2008-11-28,25.0996
2008-12-01,23.2119
2008-12-02,23.9877
2008-12-03,24.6686
2008-12-04,23.9704
2008-12-05,24.9444
2008-12-08,25.927
2008-12-09,25.8667
2008-12-10,25.7805
2008-12-11,25.0737
2008-12-12,25.5823
2008-12-15,25.1341
2008-12-16,26.3408
2008-12-17,26.0219
2008-12-18,25.565
2008-12-19,25.7748
2008-12-22,25.2137
2008-12-23,25.0842
2008-12-24,25.1533
2008-12-26,25.1446
2008-12-29,24.9375
2008-12-30,25.4554
2008-12-31,25.6712
2009-01-02,26.7847
2009-01-05,26.7761
2009-01-06,27.0437
2009-01-07,26.2754
2009-01-08,26.5516
2009-01-09,25.956
2009-01-12,25.4813
2009-01-13,25.4899
2009-01-14,24.7131
2009-01-15,25.1188
2009-01-16,25.395
2009-01-20,24.1347
2009-01-21,25.1619
2009-01-22,24.8253
2009-01-23,24.9461
2009-01-26,25.1274
2009-01-27,25.3086
2009-01-28,26.1977
2009-01-29,25.5331
2009-01-30,25.0842
2009-02-02,25.3863
2009-02-03,25.7834
2009-02-04,25.8179
2009-02-05,26.3876
2009-02-06,27.0782
2009-02-09,27.1904
2009-02-10,26.1891
2009-02-11,26.0683
2009-02-12,26.3876
2009-02-13,26.2668
2009-02-17,25.2223
2009-02-18,25.2396
2009-02-19,24.8512
2009-02-20,24.9202
2009-02-23,24.0484
2009-02-24,24.8425
2009-02-25,24.6785
2009-02-26,23.988
2009-02-27,23.7636
2009-03-02,22.9953
2009-03-03,22.9781
2009-03-04,23.5909
2009-03-05,22.8831
2009-03-06,22.7018
2009-03-09,22.2185
2009-03-10,23.5909
2009-03-11,23.9534
2009-03-12,24.7476
2009-03-13,24.808
2009-03-16,24.3937
2009-03-17,25.3173
2009-03-18,25.6367
2009-03-19,25.6194
2009-03-20,25.2295
2009-03-23,26.7166
2009-03-24,26.2238
2009-03-25,26.3448
2009-03-26,27.1575
2009-03-27,26.6474
2009-03-30,25.9903
2009-03-31,26.2151
2009-04-01,26.6042
2009-04-02,27.4602
2009-04-03,27.9703
2009-04-06,27.9011
2009-04-07,27.1662
2009-04-08,27.6244
2009-04-09,28.4804
2009-04-13,28.4372
2009-04-14,28.0913
2009-04-15,28.0135
2009-04-16,28.7398
2009-04-17,28.8003
2009-04-20,27.8752
2009-04-21,28.2643
2009-04-22,28.3507
2009-04-23,28.6274
2009-04-24,29.1289
2009-04-27,29.1635
2009-04-28,28.9473
2009-04-29,29.345
2009-04-30,29.639
2009-05-01,29.7168
2009-05-04,30.3048
2009-05-05,30.2788
2009-05-06,30.2875
2009-05-07,29.5785
2009-05-08,29.5958
2009-05-11,29.6995
2009-05-12,29.3364
2009-05-13,28.5496
2009-05-14,28.8695
2009-05-15,28.8522
2009-05-18,29.6044
2009-05-19,29.7427
2009-05-20,29.639
2009-05-21,29.0943
2009-05-22,28.9992
2009-05-26,30.08
2009-05-27,29.8724
2009-05-28,30.2183
2009-05-29,30.5901
2009-06-01,31.4633
2009-06-02,31.5066
2009-06-03,31.4115
2009-06-04,31.766
2009-06-05,31.8005
2009-06-08,31.7054
2009-06-09,31.9475
2009-06-10,31.8351
2009-06-11,31.8351
2009-06-12,31.6882
2009-06-15,31.0397
2009-06-16,30.7371
2009-06-17,31.031
2009-06-18,30.9705
2009-06-19,31.3029
2009-06-22,30.368
2009-06-23,30.2987
2009-06-24,30.8095
2009-06-25,31.4155
2009-06-26,31.4847
2009-06-29,31.554
2009-06-30,31.4934
2009-07-01,31.5107
2009-07-02,30.8181
2009-07-06,30.6537
2009-07-07,29.8919
2009-07-08,30.0477
2009-07-09,30.0996
2009-07-10,30.2295
2009-07-13,30.8095
2009-07-14,30.922
2009-07-15,31.9608
2009-07-16,32.3417
2009-07-17,32.5149
2009-07-20,32.8265
2009-07-21,33.0516
2009-07-22,33.3286
2009-07-23,34.0644
2009-07-24,33.8047
2009-07-27,34.0644
2009-07-28,33.8307
2009-07-29,34.0558
2009-07-30,34.2549
2009-07-31,34.151
2009-08-03,34.6618
2009-08-04,34.6618
2009-08-05,34.3934
2009-08-06,34.0904
2009-08-07,34.5233
2009-08-10,34.2809
2009-08-11,33.9865
2009-08-12,34.5146
2009-08-13,34.705
2009-08-14,34.3068
2009-08-17,33.3113
2009-08-18,33.7874
2009-08-19,34.0211
2009-08-20,34.4194
2009-08-21,34.8782
2009-08-24,34.8436
2009-08-25,34.9474
2009-08-26,34.8868
2009-08-27,34.9734
2009-08-28,35.008
2009-08-31,34.6531
2009-09-01,34.0038
2009-09-02,33.9779
2009-09-03,34.2029
2009-09-04,34.9388
2009-09-08,35.2677
2009-09-09,35.5707
2009-09-10,35.9083
2009-09-11,35.943
2009-09-14,36.0815
2009-09-15,36.194
2009-09-16,36.7221
2009-09-17,36.7134
2009-09-18,36.7749
2009-09-21,36.8876
2009-09-22,36.9569
2009-09-23,36.7836
2009-09-24,36.4543
2009-09-25,36.1337
2009-09-28,36.7489
2009-09-29,36.5843
2009-09-30,36.6103
2009-10-01,35.5271
2009-10-02,35.4232
2009-10-05,35.7091
2009-10-06,36.3417
2009-10-07,36.4457
2009-10-08,36.6016
2009-10-09,36.8096
2009-10-12,36.8876
2009-10-13,36.8962
2009-10-14,37.3988
2009-10-15,37.3122
2009-10-16,37.0696
2009-10-19,37.4422
2009-10-20,37.4508
2009-10-21,37.3815
2009-10-22,37.5288
2009-10-23,37.3728
2009-10-26,37.2515
2009-10-27,36.6883
2009-10-28,35.8651
2009-10-29,36.4717
2009-10-30,35.4925
2009-11-02,35.6398
2009-11-03,35.7525
2009-11-04,35.8131
2009-11-05,36.6969
2009-11-06,36.9136
2009-11-09,37.7021
2009-11-10,37.7974
2009-11-11,38.0401
2009-11-12,37.8234
2009-11-13,38.1354
2009-11-16,38.5253
2009-11-17,38.6466
2009-11-18,38.43
2009-11-19,37.8321
2009-11-20,37.6415
2009-11-23,38.248
2009-11-24,38.118
2009-11-25,38.2827
2009-11-27,37.7021
2009-11-30,37.7454
2009-12-01,38.1354
2009-12-02,38.1874
2009-12-03,38.0314
2009-12-04,38.2307
2009-12-07,38.0487
2009-12-08,37.8148
2009-12-09,38.196
2009-12-10,38.3867
2009-12-11,38.2393
2009-12-14,38.6033
2009-12-15,38.3867
2009-12-16,38.4386
2009-12-17,37.9707
2009-12-18,38.5896
2009-12-21,39.0236
2009-12-22,39.2579
2009-12-23,39.5443
2009-12-24,39.9089
2009-12-28,40.1172
2009-12-29,39.9523
2009-12-30,40.0738
2009-12-31,39.7093
2010-01-04,40.2908
2010-01-05,40.2908
2010-01-06,40.0477
2010-01-07,40.0738
2010-01-08,40.4036
2010-01-11,40.2387
2010-01-12,39.7353
2010-01-13,40.23
2010-01-14,40.2648
2010-01-15,39.7961
2010-01-19,40.4383
2010-01-20,39.8568
2010-01-21,39.4836
2010-01-22,38.3292
2010-01-25,38.4594
2010-01-26,38.4941
2010-01-27,38.7979
2010-01-28,37.7997
2010-01-29,37.1401
2010-02-01,37.548
2010-02-02,37.8866
2010-02-03,38.0949
2010-02-04,36.9925
2010-02-05,37.305
2010-02-08,37.0359
2010-02-09,37.4178
2010-02-10,37.3397
2010-02-11,37.9039
2010-02-12,37.982
2010-02-16,38.4681
2010-02-17,38.6851
2010-02-18,38.9281
2010-02-19,38.9107
2010-02-22,38.8326
2010-02-23,38.3292
2010-02-24,38.7198
2010-02-25,38.7111
2010-02-26,38.85
2010-03-01,39.4142
2010-03-02,39.5357
2010-03-03,39.5791
2010-03-04,39.7093
2010-03-05,40.3082
2010-03-08,40.3863
2010-03-09,40.6119
2010-03-10,40.9418
2010-03-11,41.098
2010-03-12,41.1067
2010-03-15,41.0025
2010-03-16,41.2629
2010-03-17,41.3757
2010-03-18,41.5146
2010-03-19,41.2635
2010-03-22,41.6371
2010-03-23,41.9239
2010-03-24,41.724
2010-03-25,41.6632
2010-03-26,41.7066
2010-03-29,41.9065
2010-03-30,42.0455
2010-03-31,41.8457
2010-04-01,41.8457
2010-04-05,42.2367
2010-04-06,42.3583
2010-04-07,42.254
2010-04-08,42.3496
2010-04-09,42.6016
2010-04-12,42.6363
2010-04-13,42.8536
2010-04-14,43.3662
2010-04-15,43.5574
2010-04-16,43.0361
2010-04-19,43.01
2010-04-20,43.2272
2010-04-21,43.4705
2010-04-22,43.7138
2010-04-23,43.8962
2010-04-26,43.8006
2010-04-27,42.8709
2010-04-28,42.897
2010-04-29,43.6443
2010-04-30,42.7841
2010-05-03,43.3836
2010-05-04,42.0803
2010-05-05,41.863
2010-05-06,40.4641
2010-05-07,39.4562
2010-05-10,41.5068
2010-05-11,41.4633
2010-05-12,42.2454
2010-05-13,41.5763
2010-05-14,40.7769
2010-05-17,40.9073
2010-05-18,40.3425
2010-05-19,40.021
2010-05-20,38.5352
2010-05-21,38.9609
2010-05-24,38.8046
2010-05-25,38.8393
2010-05-26,38.4049
2010-05-27,39.8559
2010-05-28,39.6213
2010-06-01,39.2564
2010-06-02,40.1861
2010-06-03,40.5684
2010-06-04,39.1782
2010-06-07,38.4657
2010-06-08,38.3962
2010-06-09,38.0747
2010-06-10,39.1608
2010-06-11,39.5344
2010-06-14,39.5257
2010-06-15,40.5858
2010-06-16,40.7509
2010-06-17,40.8812
2010-06-18,40.9151
2010-06-21,40.5669
2010-06-22,40.2535
2010-06-23,40.0881
2010-06-24,39.4788
2010-06-25,39.4866
2010-06-28,39.3471
2010-06-29,37.8294
2010-06-30,37.2537
2010-07-01,37.149
2010-07-02,37.0443
2010-07-06,37.1577
2010-07-07,38.344
2010-07-08,38.5533
2010-07-09,38.9197
2010-07-12,39.033
2010-07-13,39.539
2010-07-14,39.7396
2010-07-15,39.7745
2010-07-16,38.6754
2010-07-19,39.0069
2010-07-20,39.4779
2010-07-21,38.9371
2010-07-22,39.9227
2010-07-23,40.1757
2010-07-26,40.5071
2010-07-27,40.4897
2010-07-28,40.167
2010-07-29,39.8704
2010-07-30,39.9576
2010-08-02,40.7078
2010-08-03,40.5333
2010-08-04,40.9433
2010-08-05,40.8473
2010-08-06,40.7863
2010-08-09,41.0654
2010-08-10,40.7078
2010-08-11,39.6
2010-08-12,39.286
2010-08-13,39.0069
2010-08-16,39.0767
2010-08-17,39.5738
2010-08-18,39.7308
2010-08-19,39.129
2010-08-20,39.1813
2010-08-23,38.7975
2010-08-24,38.0736
2010-08-25,38.4399
2010-08-26,37.9776
2010-08-27,38.4399
2010-08-30,38.0387
2010-08-31,37.9079
2010-09-01,39.0418
2010-09-02,39.4779
2010-09-03,40.1321
2010-09-07,39.8617
2010-09-08,40.3414
2010-09-09,40.4984
2010-09-10,40.6467
2010-09-13,41.2137
2010-09-14,41.3881
2010-09-15,41.6498
2010-09-16,41.8155
2010-09-17,41.9571
2010-09-20,42.6916
2010-09-21,42.6828
2010-09-22,42.5691
2010-09-23,42.5517
2010-09-24,43.4172
2010-09-27,43.1811
2010-09-28,43.1637
2010-09-29,43.0937
2010-09-30,42.9014
2010-10-01,42.8489
2010-10-04,42.3856
2010-10-05,43.4172
2010-10-06,43.0413
2010-10-07,43.1987
2010-10-08,43.4959
2010-10-11,43.5134
2010-10-12,43.8106
2010-10-13,44.1691
2010-10-14,44.0817
2010-10-15,45.0172
2010-10-18,44.8511
2010-10-19,44.4314
2010-10-20,44.7549
2010-10-21,44.8423
2010-10-22,45.1483
2010-10-25,45.3669
2010-10-26,45.4893
2010-10-27,45.6292
2010-10-28,45.7253
2010-10-29,45.6204
2010-11-01,45.6554
2010-11-02,46.145
2010-11-03,46.3548
2010-11-04,46.9231
2010-11-05,46.9231
2010-11-08,46.9843
2010-11-09,46.7308
2010-11-10,46.9668
2010-11-11,46.6696
2010-11-12,45.9089
2010-11-15,45.7341
2010-11-16,44.9822
2010-11-17,45.1133
2010-11-18,45.839
2010-11-19,45.874
2010-11-22,46.2586
2010-11-23,45.5243
2010-11-24,46.4423
2010-11-26,46.1363
2010-11-29,46.1013
2010-11-30,45.5417
2010-12-01,46.5034
2010-12-02,46.9756
2010-12-03,47.098
2010-12-06,47.0805
2010-12-07,47.1067
2010-12-08,47.2816
2010-12-09,47.3253
2010-12-10,47.64
2010-12-13,47.4739
2010-12-14,47.5613
2010-12-15,47.3515
2010-12-16,47.7187
2010-12-17,47.7608
2010-12-20,47.7958
2010-12-21,48.0849
2010-12-22,48.0761
2010-12-23,47.9535
2010-12-27,47.9798
2010-12-28,47.8922
2010-12-29,47.9973
2010-12-30,47.8834
2010-12-31,47.7082
2011-01-03,48.4528
2011-01-04,48.4178
2011-01-05,48.8295
2011-01-06,48.9872
2011-01-07,48.9434
2011-01-10,49.1274
2011-01-11,49.1974
2011-01-12,49.5479
2011-01-13,49.5654
2011-01-14,49.9333
2011-01-18,50.0735
2011-01-19,49.504
2011-01-20,49.1537
2011-01-21,48.777
2011-01-24,49.4515
2011-01-25,49.5216
2011-01-26,49.7844
2011-01-27,50.091
2011-01-28,48.8208
2011-01-31,49.0573
2011-02-01,49.9771
2011-02-02,49.8983
2011-02-03,49.9859
2011-02-04,50.2662
2011-02-07,50.5027
2011-02-08,50.8356
2011-02-09,50.748
2011-02-10,50.8268
2011-02-11,51.1948
2011-02-14,51.3174
2011-02-15,51.2473
2011-02-16,51.5802
2011-02-17,51.5627
2011-02-18,51.4488
2011-02-22,49.9596
2011-02-23,49.5479
2011-02-24,49.8107
2011-02-25,50.5027
2011-02-28,50.6078
2011-03-01,49.7931
2011-03-02,50.0559
2011-03-03,51.0458
2011-03-04,50.783
2011-03-07,50.0998
2011-03-08,50.3012
2011-03-09,49.9596
2011-03-10,49.1799
2011-03-11,49.4865
2011-03-14,49.3113
2011-03-15,48.6105
2011-03-16,47.4366
2011-03-17,47.8747
2011-03-18,47.7667
2011-03-21,48.6879
2011-03-22,48.6001
2011-03-23,48.8721
2011-03-24,49.7406
2011-03-25,49.8634
2011-03-28,49.5914
2011-03-29,50.0739
2011-03-30,50.3108
2011-03-31,50.381
2011-04-01,50.4073
2011-04-04,50.2406
2011-04-05,50.109
2011-04-06,50.2318
2011-04-07,50.1968
2011-04-08,49.9599
2011-04-11,49.7932
2011-04-12,49.4511
2011-04-13,49.8722
2011-04-14,49.7844
2011-04-15,49.6967
2011-04-18,49.3458
2011-04-19,49.6529
2011-04-20,50.7757
2011-04-21,51.1793
2011-04-25,51.3109
2011-04-26,51.6004
2011-04-27,51.9513
2011-04-28,51.8723
2011-04-29,51.8285
2011-05-02,51.732
2011-05-03,51.4863
2011-05-04,51.4074
2011-05-05,51.1266
2011-05-06,51.2933
2011-05-09,51.4863
2011-05-10,51.925
2011-05-11,51.5477
2011-05-12,51.8548
2011-05-13,51.2407
2011-05-16,50.3547
2011-05-17,50.495
2011-05-18,50.9161
2011-05-19,51.0653
2011-05-20,50.6792
2011-05-23,49.9336
2011-05-24,49.6265
2011-05-25,49.8195
2011-05-26,50.1266
2011-05-27,50.381
2011-05-31,51.1968
2011-06-01,50.0827
2011-06-02,50.188
2011-06-03,49.4336
2011-06-06,49.03
2011-06-07,48.9423
2011-06-08,48.5914
2011-06-09,48.6791
2011-06-10,47.9334
2011-06-13,47.9334
2011-06-14,48.5475
2011-06-15,47.6264
2011-06-16,47.4422
2011-06-17,47.2936
2011-06-20,47.5398
2011-06-21,48.5596
2011-06-22,48.208
2011-06-23,48.6564
2011-06-24,47.8123
2011-06-27,48.5772
2011-06-28,49.2982
2011-06-29,49.5004
2011-06-30,50.1599
2011-07-01,50.916
2011-07-05,51.171
2011-07-06,51.338
2011-07-07,52.0414
2011-07-08,51.9007
2011-07-11,50.9599
2011-07-12,50.5731
2011-07-13,50.7841
2011-07-14,50.195
2011-07-15,50.8632
2011-07-18,50.5907
2011-07-19,51.7425
2011-07-20,51.5227
2011-07-21,51.8656
2011-07-22,52.4019
2011-07-25,52.2964
2011-07-26,52.4282
2011-07-27,51.0742
2011-07-28,51.1622
2011-07-29,50.9951
2011-08-01,50.7577
2011-08-02,49.4741
2011-08-03,49.9488
2011-08-04,47.6277
2011-08-05,47.3288
2011-08-08,44.4801
2011-08-09,46.6254
2011-08-10,44.7175
2011-08-11,46.6869
2011-08-12,47.1002
2011-08-15,47.7947
2011-08-16,47.3903
2011-08-17,47.1089
2011-08-18,44.7966
2011-08-19,43.9877
2011-08-22,44.1459
2011-08-23,45.9659
2011-08-24,46.3264
2011-08-25,45.5703
2011-08-26,46.7133
2011-08-29,48.0145
2011-08-30,48.3311
2011-08-31,48.4102
2011-09-01,47.9706
2011-09-02,46.8452
2011-09-06,46.854
2011-09-07,48.0409
2011-09-08,47.8211
2011-09-09,46.7572
2011-09-12,47.3551
2011-09-13,47.9882
2011-09-14,48.6739
2011-09-15,49.3949
2011-09-16,49.8477
2011-09-19,49.8653
2011-09-20,49.6451
2011-09-21,48.7818
2011-09-22,47.1963
2011-09-23,47.6984
2011-09-26,48.2533
2011-09-27,48.7554
2011-09-28,48.0331
2011-09-29,47.4606
2011-09-30,46.2362
2011-10-03,45.047
2011-10-04,45.9719
2011-10-05,47.1523
2011-10-06,47.945
2011-10-07,47.6279
2011-10-10,49.2751
2011-10-11,49.6098
2011-10-12,49.8565
2011-10-13,50.3145
2011-10-14,51.2483
2011-10-17,50.4555
2011-10-18,51.0809
2011-10-19,50.0943
2011-10-20,49.8477
2011-10-21,50.4731
2011-10-24,51.5213
2011-10-25,50.5083
2011-10-26,50.4467
2011-10-27,51.8384
2011-10-28,51.9177
2011-10-31,51.0456
2011-11-01,49.7155
2011-11-02,50.1384
2011-11-03,51.1778
2011-11-04,50.9135
2011-11-07,51.2747
2011-11-08,51.8649
2011-11-09,50.0415
2011-11-10,50.015
2011-11-11,50.9576
2011-11-14,50.6404
2011-11-15,51.2042
2011-11-16,50.3586
2011-11-17,49.1782
2011-11-18,48.7995
2011-11-21,47.8658
2011-11-22,48.0243
2011-11-23,46.9408
2011-11-25,46.5797
2011-11-28,48.2005
2011-11-29,47.901
2011-11-30,49.6715
2011-12-01,50.015
2011-12-02,49.8741
2011-12-05,50.4202
2011-12-06,50.2793
2011-12-07,50.2793
2011-12-08,49.4337
2011-12-09,50.2264
2011-12-12,49.6627
2011-12-13,49.1166
2011-12-14,48.3502
2011-12-15,48.2181
2011-12-16,48.4664
2011-12-19,47.9893
2011-12-20,49.4117
2011-12-21,48.7049
2011-12-22,49.1201
2011-12-23,49.5442
2011-12-27,49.729
2011-12-28,49.1542
2011-12-29,49.5079
2011-12-30,49.3664
2012-01-03,50.3126
2012-01-04,50.5248
2012-01-05,50.9404
2012-01-06,51.1172
2012-01-09,50.9492
2012-01-10,51.3206
2012-01-11,51.4267
2012-01-12,51.6301
2012-01-13,51.4444
2012-01-17,51.913
2012-01-18,52.6027
2012-01-19,52.9299
2012-01-20,52.8503
2012-01-23,52.868
2012-01-24,52.7707
2012-01-25,53.4339
2012-01-26,53.2482
2012-01-27,53.4074
2012-01-30,53.4516
2012-01-31,53.5223
2012-02-01,53.9556
2012-02-02,54.1236
2012-02-03,54.8663
2012-02-06,54.8221
2012-02-07,54.9371
2012-02-08,55.2289
2012-02-09,55.6268
2012-02-10,55.2377
2012-02-13,55.7506
2012-02-14,55.892
2012-02-15,55.503
2012-02-16,56.2634
2012-02-17,56.0866
2012-02-21,56.2457
2012-02-22,55.9893
2012-02-23,56.3607
2012-02-24,56.5552
2012-02-27,56.6348
2012-02-28,57.2095
2012-02-29,56.9531
2012-03-01,57.4041
2012-03-02,57.3599
2012-03-05,56.7674
2012-03-06,56.2104
2012-03-07,56.6436
2012-03-08,57.2537
2012-03-09,57.4925
2012-03-12,57.519
2012-03-13,58.5889
2012-03-14,58.7923
2012-03-15,58.9603
2012-03-16,58.9187
2012-03-19,59.335
2012-03-20,59.4413
2012-03-21,59.4501
2012-03-22,59.3261
2012-03-23,59.2907
2012-03-26,60.327
2012-03-27,60.4156
2012-03-28,60.1764
2012-03-29,59.9461
2012-03-30,59.831
2012-04-02,60.451
2012-04-03,60.4333
2012-04-04,59.6095
2012-04-05,59.9816
2012-04-09,59.5299
2012-04-10,58.5732
2012-04-11,58.8567
2012-04-12,59.5299
2012-04-13,58.6264
2012-04-16,57.971
2012-04-17,59.149
2012-04-18,58.9984
2012-04-19,58.3341
2012-04-20,58.1747
2012-04-23,57.6432
2012-04-24,57.3332
2012-04-25,58.8567
2012-04-26,59.2021
2012-04-27,59.5564
2012-04-30,59.1312
2012-05-01,59.2287
2012-05-02,59.397
2012-05-03,58.7681
2012-05-04,57.3066
2012-05-07,57.3598
2012-05-08,57.1472
2012-05-09,56.9701
2012-05-10,56.8549
2012-05-11,56.8461
2012-05-14,56.3146
2012-05-15,56.1286
2012-05-16,55.7478
2012-05-17,54.5697
2012-05-18,53.8612
2012-05-21,55.3669
2012-05-22,55.3049
2012-05-23,55.4112
2012-05-24,55.0481
2012-05-25,54.9772
2012-05-29,55.6769
2012-05-30,55.2075
2012-05-31,54.9683
2012-06-01,53.5069
2012-06-04,53.9143
2012-06-05,54.1357
2012-06-06,55.3758
2012-06-07,55.1543
2012-06-08,55.6858
2012-06-11,54.7469
2012-06-12,55.4112
2012-06-13,55.0303
2012-06-14,55.234
2012-06-15,55.9203
2012-06-18,56.4441
2012-06-19,57.03
2012-06-20,57.0744
2012-06-21,55.654
2012-06-22,56.2399
2012-06-25,55.1568
2012-06-26,55.503
2012-06-27,55.8404
2012-06-28,55.219
2012-06-29,56.959
2012-07-02,57.1276
2012-07-03,57.6071
2012-07-05,57.6425
2012-07-06,56.9235
2012-07-09,56.8169
2012-07-10,56.2576
2012-07-11,55.9469
2012-07-12,55.4231
2012-07-13,56.2665
2012-07-16,56.1067
2012-07-17,56.3997
2012-07-18,57.1632
2012-07-19,57.7935
2012-07-20,57.03
2012-07-23,56.3375
2012-07-24,55.8937
2012-07-25,55.5208
2012-07-26,56.2576
2012-07-27,57.5893
2012-07-30,57.5449
2012-07-31,57.5271
2012-08-01,57.3585
2012-08-02,57.1543
2012-08-03,58.2374
2012-08-06,58.6812
2012-08-07,59.1695
2012-08-08,59.1429
2012-08-09,59.3204
2012-08-10,59.3559
2012-08-13,59.498
2012-08-14,59.5246
2012-08-15,59.6755
2012-08-16,60.3857
2012-08-17,60.6521
2012-08-20,60.7408
2012-08-21,60.5011
2012-08-22,60.7497
2012-08-23,60.2526
2012-08-24,60.6255
2012-08-27,60.7231
2012-08-28,60.7231
2012-08-29,60.7231
2012-08-30,60.1105
2012-08-31,60.51
2012-09-04,60.4479
2012-09-05,60.3857
2012-09-06,61.7263
2012-09-07,61.6375
2012-09-10,60.8474
2012-09-11,60.7497
2012-09-12,60.9272
2012-09-13,61.7529
2012-09-14,62.3033
2012-09-17,62.33
2012-09-18,62.3832
2012-09-19,62.4986
2012-09-20,62.4365
2012-09-21,62.4543
2012-09-24,62.0893
2012-09-25,61.2168
2012-09-26,60.7182
2012-09-27,61.5551
2012-09-28,61.0476
2012-10-01,60.9586
2012-10-02,61.1367
2012-10-03,61.5284
2012-10-04,61.7421
2012-10-05,61.4126
2012-10-08,60.8517
2012-10-09,59.8813
2012-10-10,59.5786
2012-10-11,59.3917
2012-10-12,59.3649
2012-10-15,59.8012
2012-10-16,60.647
2012-10-17,60.6114
2012-10-18,59.9081
2012-10-19,58.4747
2012-10-22,58.7774
2012-10-23,58.2165
2012-10-24,58.0117
2012-10-25,58.0117
2012-10-26,58.1809
2012-10-31,57.8247
2012-11-01,58.6438
2012-11-02,58.0206
2012-11-05,58.4034
2012-11-06,58.5103
2012-11-07,57.1303
2012-11-08,56.2311
2012-11-09,56.4715
2012-11-12,56.4626
2012-11-13,56.0709
2012-11-14,55.412
2012-11-15,55.2251
2012-11-16,55.4655
2012-11-19,56.7831
2012-11-20,56.8009
2012-11-21,56.9166
2012-11-23,57.7802
2012-11-26,58.0295
2012-11-27,57.8337
2012-11-28,58.3322
2012-11-29,58.6794
2012-11-30,58.5815
2012-12-03,58.4658
2012-12-04,58.4301
2012-12-05,57.7802
2012-12-06,58.1541
2012-12-07,57.8069
2012-12-10,57.9761
2012-12-11,58.7328
2012-12-12,58.6082
2012-12-13,58.1453
2012-12-14,57.5933
2012-12-17,58.3589
2012-12-18,59.2492
2012-12-19,58.991
2012-12-20,58.991
2012-12-21,58.3706
2012-12-24,58.2542
2012-12-26,57.7439
2012-12-27,57.6544
2012-12-28,57.0994
2012-12-31,58.308
2013-01-02,60.1611
2013-01-03,59.8478
2013-01-04,59.6508
2013-01-07,59.6687
2013-01-08,59.5524
2013-01-09,59.7762
2013-01-10,60.1343
2013-01-11,60.2148
2013-01-14,59.9463
2013-01-15,59.6508
2013-01-16,59.8926
2013-01-17,60.179
2013-01-18,60.0447
2013-01-22,60.1432
2013-01-23,60.5103
2013-01-24,59.6777
2013-01-25,59.9821
2013-01-28,60.1164
2013-01-29,60.1253
2013-01-30,60
2013-01-31,59.8657
2013-02-01,60.5729
2013-02-04,59.5165
2013-02-05,60.3939
2013-02-06,60.1969
2013-02-07,60.2506
2013-02-08,60.8684
2013-02-11,60.8863
2013-02-12,60.6356
2013-02-13,60.8505
2013-02-14,60.8326
2013-02-15,60.6535
2013-02-19,61.0922
2013-02-20,60.1522
2013-02-21,59.5076
2013-02-22,60.1074
2013-02-25,59.3643
2013-02-26,59.5882
2013-02-27,60.1969
2013-02-28,60.0716
2013-03-01,60.3223
2013-03-04,60.5908
2013-03-05,61.4861
2013-03-06,61.3339
2013-03-07,61.4951
2013-03-08,61.5667
2013-03-11,61.7457
2013-03-12,61.5219
2013-03-13,61.4413
2013-03-14,61.6473
2013-03-15,61.4759
2013-03-18,61.3413
2013-03-19,61.2246
2013-03-20,61.6553
2013-03-21,60.9554
2013-03-22,61.5476
2013-03-25,61.3233
2013-03-26,61.6553
2013-03-27,61.7361
2013-03-28,61.8886
2013-04-01,61.4669
2013-04-02,61.9514
2013-04-03,61.3862
2013-04-04,61.4041
2013-04-05,60.8926
2013-04-08,61.2156
2013-04-09,61.6284
2013-04-10,62.8308
2013-04-11,62.8039
2013-04-12,62.759
2013-04-15,61.5207
2013-04-16,62.3373
2013-04-17,61.1169
2013-04-18,60.2735
2013-04-19,61.099
2013-04-22,61.7271
2013-04-23,62.3194
2013-04-24,62.2925
2013-04-25,62.6244
2013-04-26,62.427
2013-04-29,63.0013
2013-04-30,63.459
2013-05-01,63.1628
2013-05-02,63.9615
2013-05-03,64.7152
2013-05-06,64.9665
2013-05-07,64.9306
2013-05-08,65.2446
2013-05-09,65.1549
2013-05-10,65.5497
2013-05-13,65.6305
2013-05-14,65.9715
2013-05-15,66.1061
2013-05-16,66.0343
2013-05-17,66.6714
2013-05-20,66.5727
2013-05-21,66.6445
2013-05-22,66.0612
2013-05-23,65.9087
2013-05-24,65.8728
2013-05-28,66.3035
2013-05-29,65.9894
2013-05-30,66.3394
2013-05-31,65.7292
2013-06-03,65.8459
2013-06-04,65.5049
2013-06-05,64.6524
2013-06-06,64.9665
2013-06-07,65.8548
2013-06-10,65.8817
2013-06-11,65.2267
2013-06-12,64.4729
2013-06-13,65.2895
2013-06-14,64.8587
2013-06-17,65.4869
2013-06-18,66.0253
2013-06-19,65.2895
2013-06-20,63.7371
2013-06-21,63.3986
2013-06-24,62.7686
2013-06-25,63.2276
2013-06-26,63.7947
2013-06-27,64.0648
2013-06-28,64.1548
2013-07-01,64.5509
2013-07-02,64.5779
2013-07-03,64.8389
2013-07-05,65.334
2013-07-08,65.397
2013-07-09,65.7931
2013-07-10,66.1712
2013-07-11,67.4854
2013-07-12,67.7825
2013-07-15,67.9355
2013-07-16,67.8455
2013-07-17,68.0165
2013-07-18,67.8455
2013-07-19,67.1434
2013-07-22,67.3414
2013-07-23,66.8463
2013-07-24,67.0623
2013-07-25,67.4854
2013-07-26,67.8455
2013-07-29,67.7195
2013-07-30,68.0795
2013-07-31,68.2056
2013-08-01,68.8987
2013-08-02,69.2858
2013-08-05,69.3307
2013-08-06,68.9167
2013-08-07,68.7907
2013-08-08,69.1327
2013-08-09,68.8537
2013-08-12,69.0157
2013-08-13,69.4028
2013-08-14,69.1417
2013-08-15,67.9715
2013-08-16,67.9445
2013-08-19,67.8275
2013-08-20,68.1245
2013-08-21,67.8905
2013-08-22,68.5566
2013-08-23,69.0157
2013-08-26,69.0517
2013-08-27,67.6385
2013-08-28,67.8995
2013-08-29,68.3766
2013-08-30,67.9355
2013-09-03,68.3226
2013-09-04,69.0517
2013-09-05,69.1687
2013-09-06,69.2497
2013-09-09,70.0599
2013-09-10,70.4019
2013-09-11,70.2669
2013-09-12,70.2219
2013-09-13,70.2669
2013-09-16,70.0779
2013-09-17,70.546
2013-09-18,71.3921
2013-09-19,71.5632
2013-09-20,71.3176
2013-09-23,71.1731
2013-09-24,71.1731
2013-09-25,70.9294
2013-09-26,71.4801
2013-09-27,71.3898
2013-09-30,71.2183
2013-10-01,71.9406
2013-10-02,71.9135
2013-10-03,71.0738
2013-10-04,71.6878
2013-10-07,71.0919
2013-10-08,69.7195
2013-10-09,69.5028
2013-10-10,70.9745
2013-10-11,71.5343
2013-10-14,72.0399
2013-10-15,71.76
2013-10-16,72.5726
2013-10-17,72.9879
2013-10-18,74.1707
2013-10-21,74.3332
2013-10-22,74.4415
2013-10-23,73.9901
2013-10-24,74.3151
2013-10-25,74.8478
2013-10-28,74.8659
2013-10-29,74.9922
2013-10-30,74.9201
2013-10-31,74.7485
2013-11-01,74.7665
2013-11-04,74.8749
2013-11-05,74.9561
2013-11-06,74.9381
2013-11-07,73.5296
2013-11-08,74.5228
2013-11-11,74.4054
2013-11-12,74.5228
2013-11-13,75.4256
2013-11-14,75.6604
2013-11-15,75.8048
2013-11-18,75.0645
2013-11-19,74.8478
2013-11-20,74.6672
2013-11-21,75.4256
2013-11-22,75.8319
2013-11-25,76.0125
2013-11-26,76.4098
2013-11-27,76.9425
2013-11-29,77.4029
2013-12-02,77.1772
2013-12-03,77.114
2013-12-04,77.1862
2013-12-05,77.0869
2013-12-06,77.6467
2013-12-09,77.9627
2013-12-10,77.9085
2013-12-11,76.9064
2013-12-12,76.7077
2013-12-13,76.6084
2013-12-16,77.0328
2013-12-17,76.8793
2013-12-18,77.7731
2013-12-19,77.5564
2013-12-20,78.3462
2013-12-23,79.1704
2013-12-24,79.2067
2013-12-26,79.4693
2013-12-27,79.27
2013-12-30,79.1523
2013-12-31,79.6686
2014-01-02,79.0436
2014-01-03,78.473
2014-01-06,78.1832
2014-01-07,78.9078
2014-01-08,79.0799
2014-01-09,78.8172
2014-01-10,79.0708
2014-01-13,77.9024
2014-01-14,79.3878
2014-01-15,80.0399
2014-01-16,80.049
2014-01-17,79.5961
2014-01-21,80.203
2014-01-22,80.4113
2014-01-23,80.1395
2014-01-24,78.5636
2014-01-27,77.8028
2014-01-28,77.7575
2014-01-29,76.9242
2014-01-30,78.3462
2014-01-31,78.1379
2014-02-03,76.3446
2014-02-04,76.9061
2014-02-05,76.7068
2014-02-06,77.6851
2014-02-07,79.0708
2014-02-10,79.5237
2014-02-11,80.4294
2014-02-12,80.5834
2014-02-13,81.1812
2014-02-14,81.3442
2014-02-18,81.7427
2014-02-19,81.1812
2014-02-20,81.5616
2014-02-21,81.4529
2014-02-24,81.8876
2014-02-25,81.7971
2014-02-26,81.7246
2014-02-27,82.2548
2014-02-28,82.1639
2014-03-03,81.5545
2014-03-04,82.5914
2014-03-05,82.8187
2014-03-06,82.746
2014-03-07,82.3367
2014-03-10,82.4095
2014-03-11,82.0548
2014-03-12,82.364
2014-03-13,81.1998
2014-03-14,80.645
2014-03-17,81.3544
2014-03-18,82.3367
2014-03-19,81.8911
2014-03-20,82.1184
2014-03-21,81.1303
2014-03-24,80.4193
2014-03-25,80.6836
2014-03-26,79.6444
2014-03-27,79.1977
2014-03-28,79.3527
2014-03-31,79.9179
2014-04-01,81.3217
2014-04-02,81.5314
2014-04-03,80.8841
2014-04-04,78.7328
2014-04-07,77.9854
2014-04-08,78.7055
2014-04-09,80.0546
2014-04-10,77.5751
2014-04-11,76.6727
2014-04-14,77.2743
2014-04-15,77.5295
2014-04-16,78.5596
2014-04-17,78.5779
2014-04-21,79.1613
2014-04-22,79.7903
2014-04-23,79.0883
2014-04-24,79.8449
2014-04-25,78.5688
2014-04-28,78.824
2014-04-29,79.453
2014-04-30,79.6626
2014-05-01,79.8996
2014-05-02,79.7538
2014-05-05,80.1731
2014-05-06,79.1339
2014-05-07,78.9061
2014-05-08,78.8331
2014-05-09,79.1248
2014-05-12,80.4284
2014-05-13,80.483
2014-05-14,80.0637
2014-05-15,79.4347
2014-05-16,79.9543
2014-05-19,80.5104
2014-05-20,80.2187
2014-05-21,80.9844
2014-05-22,81.34
2014-05-23,81.9325
2014-05-27,82.9534
2014-05-28,82.6982
2014-05-29,83.2269
2014-05-30,83.236
2014-06-02,83.154
2014-06-03,83.1175
2014-06-04,83.4275
2014-06-05,84.1294
2014-06-06,84.6125
2014-06-09,84.5487
2014-06-10,84.6945
2014-06-11,84.6763
2014-06-12,83.9106
2014-06-13,84.1567
2014-06-16,84.2296
2014-06-17,84.2752
2014-06-18,84.7492
2014-06-19,84.6945
2014-06-20,84.7942
2014-06-23,84.8125
2014-06-24,84.7302
2014-06-25,85.2695
2014-06-26,85.3152
2014-06-27,85.6899
2014-06-30,85.8362
2014-07-01,86.7776
2014-07-02,86.9238
2014-07-03,87.4722
2014-07-07,87.2072
2014-07-08,86.1561
2014-07-09,86.7959
2014-07-10,86.5217
2014-07-11,87.0792
2014-07-14,87.6002
2014-07-15,87.2986
2014-07-16,87.6459
2014-07-17,86.4851
2014-07-18,87.8562
2014-07-21,87.7465
2014-07-22,88.304
2014-07-23,88.8707
2014-07-24,88.7702
2014-07-25,88.4228
2014-07-28,88.4502
2014-07-29,88.2949
2014-07-30,88.6422
2014-07-31,86.8507
2014-08-01,86.5308
2014-08-04,87.1249
2014-08-05,86.4577
2014-08-06,86.3937
2014-08-07,86.1195
2014-08-08,86.741
2014-08-11,87.2529
2014-08-12,87.2163
2014-08-13,88.1395
2014-08-14,88.5965
2014-08-15,89.0261
2014-08-18,89.7116
2014-08-19,90.2143
2014-08-20,90.2143
2014-08-21,90.3972
2014-08-22,90.5342
2014-08-25,90.8542
2014-08-26,90.9456
2014-08-27,90.9639
2014-08-28,90.8633
2014-08-29,91.2015
2014-09-02,91.4666
2014-09-03,90.9273
2014-09-04,90.845
2014-09-05,91.302
2014-09-08,91.4757
2014-09-09,90.717
2014-09-10,91.4666
2014-09-11,91.3934
2014-09-12,90.9273
2014-09-15,90.0498
2014-09-16,90.8359
2014-09-17,90.973
2014-09-18,91.6585
2014-09-19,91.6017
2014-09-22,90.7496
2014-09-23,90.5023
2014-09-24,91.4734
2014-09-25,89.5494
2014-09-26,90.5023
2014-09-29,90.3831
2014-09-30,90.5114
2014-10-01,89.0638
2014-10-02,89.0638
2014-10-03,89.9434
2014-10-06,89.751
2014-10-07,88.4774
2014-10-08,90.1999
2014-10-09,88.7432
2014-10-10,86.5259
2014-10-13,85.17
2014-10-14,85.1791
2014-10-15,84.6294
2014-10-16,84.098
2014-10-17,85.2066
2014-10-20,86.4802
2014-10-21,88.7523
2014-10-22,88.2942
2014-10-23,89.6227
2014-10-24,90.3557
2014-10-27,90.4198
2014-10-28,91.785
2014-10-29,91.4459
2014-10-30,91.6383
2014-10-31,92.9027
2014-11-03,93.1776
2014-11-04,92.866
2014-11-05,92.8752
2014-11-06,93.1684
2014-11-07,93.0859
2014-11-10,93.4157
2014-11-11,93.7089
2014-11-12,93.8738
2014-11-13,94.277
2014-11-14,94.5702
2014-11-17,94.2861
2014-11-18,94.9916
2014-11-19,94.561
2014-11-20,94.9825
2014-11-21,95.1657
2014-11-24,95.9079
2014-11-25,96.0544
2014-11-26,96.6774
2014-11-28,97.1264
2014-12-01,96.027
2014-12-02,96.4117
2014-12-03,96.5858
2014-12-04,96.54
2014-12-05,96.5492
2014-12-08,95.862
2014-12-09,96.1644
2014-12-10,94.6526
2014-12-11,95.1016
2014-12-12,94.0663
2014-12-15,93.0951
2014-12-16,91.6017
2014-12-17,93.2692
2014-12-18,95.5139
2014-12-19,95.9342
2014-12-22,96.1732
2014-12-23,95.833
2014-12-24,95.9157
2014-12-26,96.5962
2014-12-29,96.5779
2014-12-30,95.9342
2014-12-31,94.9501
2015-01-02,94.6651
2015-01-05,93.2765
2015-01-06,92.0258
2015-01-07,93.2121
2015-01-08,94.9961
2015-01-09,94.3708
2015-01-12,93.3868
2015-01-13,93.3592
2015-01-14,92.8443
2015-01-15,91.6395
2015-01-16,92.7155
2015-01-20,93.4512
2015-01-21,93.9294
2015-01-22,95.6674
2015-01-23,95.8789
2015-01-26,95.7686
2015-01-27,93.2856
2015-01-28,92.8074
2015-01-29,93.6995
2015-01-30,92.973
2015-02-02,93.7822
2015-02-03,94.6834
2015-02-04,94.6007
2015-02-05,95.4192
2015-02-06,94.8398
2015-02-09,94.5363
2015-02-10,96.0077
2015-02-11,96.3572
2015-02-12,97.4791
2015-02-13,98.3159
2015-02-17,98.4079
2015-02-18,98.5459
2015-02-19,99.0332
2015-02-20,99.6954
2015-02-23,99.7965
2015-02-24,99.8701
2015-02-25,99.6218
2015-02-26,100.1276
2015-02-27,99.6861
2015-03-02,100.5874
2015-03-03,100.1184
2015-03-04,99.7321
2015-03-05,99.9069
2015-03-06,98.7758
2015-03-09,99.0608
2015-03-10,97.2216
2015-03-11,96.6606
2015-03-12,97.2952
2015-03-13,96.8721
2015-03-16,98.1228
2015-03-17,98.2791
2015-03-18,99.2447
2015-03-19,99.3919
2015-03-20,100.0352
2015-03-23,99.8417
2015-03-24,99.4822
2015-03-25,97.2055
2015-03-26,96.8737
2015-03-27,97.2608
2015-03-30,98.3761
2015-03-31,97.3346
2015-04-01,96.8276
2015-04-02,96.8922
2015-04-06,97.6848
2015-04-07,97.5189
2015-04-08,98.2932
2015-04-09,98.9107
2015-04-10,99.3163
2015-04-13,99.0674
2015-04-14,98.7817
2015-04-15,99.3993
2015-04-16,99.261
2015-04-17,97.7125
2015-04-20,99.178
2015-04-21,99.602
2015-04-22,100.1459
2015-04-23,100.5238
2015-04-24,101.8879
2015-04-27,101.6299
2015-04-28,101.4271
2015-04-29,100.7911
2015-04-30,99.2057
2015-05-01,100.5145
2015-05-04,100.6805
2015-05-05,99.0398
2015-05-06,98.3577
2015-05-07,98.9476
2015-05-08,100.1827
2015-05-11,99.7956
2015-05-12,99.3439
2015-05-13,99.5467
2015-05-14,101.0031
2015-05-15,101.0031
2015-05-18,101.4455
2015-05-19,101.3349
2015-05-20,101.3994
2015-05-21,101.9248
2015-05-22,101.8234
2015-05-26,100.6528
2015-05-27,102.2751
2015-05-28,102.0446
2015-05-29,101.4363
2015-06-01,101.7773
2015-06-02,101.4547
2015-06-03,101.7589
2015-06-04,100.9846
2015-06-05,100.745
2015-06-08,99.7219
2015-06-09,99.556
2015-06-10,100.9201
2015-06-11,101.0676
2015-06-12,100.238
2015-06-15,99.7403
2015-06-16,100.2841
2015-06-17,100.5606
2015-06-18,102.0262
2015-06-19,101.5217
2015-06-22,102.2701
2015-06-23,102.3532
2015-06-24,101.8266
2015-06-25,101.6234
2015-06-26,100.949
2015-06-29,98.5655
2015-06-30,98.9165
2015-07-01,99.7018
2015-07-02,99.7295
2015-07-06,99.4985
2015-07-07,99.748
2015-07-08,98.0111
2015-07-09,97.9557
2015-07-10,99.4524
2015-07-13,101.1984
2015-07-14,101.8636
2015-07-15,101.9744
2015-07-16,103.4156
2015-07-17,104.94
2015-07-20,105.3003
2015-07-21,105.2356
2015-07-22,104.0439
2015-07-23,103.6559
2015-07-24,102.6396
2015-07-27,101.7897
2015-07-28,102.6673
2015-07-29,103.0554
2015-07-30,103.545
2015-07-31,103.4249
2015-08-03,103.1015
2015-08-04,102.9076
2015-08-05,103.702
2015-08-06,102.0391
2015-08-07,101.9098
2015-08-10,103.0738
2015-08-11,101.7527
2015-08-12,102.1038
2015-08-13,101.9375
2015-08-14,102.0946
2015-08-17,102.9445
2015-08-18,102.4179
2015-08-19,101.7435
2015-08-20,98.9258
2015-08-21,94.6021
2015-08-24,90.9622
2015-08-25,90.6204
2015-08-26,95.1842
2015-08-27,97.5954
2015-08-28,97.577
2015-08-31,96.3667
2015-09-01,93.3549
2015-09-02,95.9879
2015-09-03,95.5167
2015-09-04,94.3804
2015-09-08,97.0411
2015-09-09,95.951
2015-09-10,96.9949
2015-09-11,97.5307
2015-09-14,97.2351
2015-09-15,98.3807
2015-09-16,98.935
2015-09-17,98.9719
2015-09-18,97.5643
2015-09-21,97.8699
2015-09-22,96.4066
2015-09-23,96.4807
2015-09-24,96.1288
2015-09-25,95.3139
2015-09-28,92.6004
2015-09-29,92.1188
2015-09-30,94.2396
2015-10-01,94.6656
2015-10-02,96.3233
2015-10-05,97.7032
2015-10-06,97.2401
2015-10-07,97.8236
2015-10-08,98.2125
2015-10-09,98.6571
2015-10-12,98.8979
2015-10-13,98.2589
2015-10-14,98.1014
2015-10-15,99.7128
2015-10-16,100.1296
2015-10-19,100.7038
2015-10-20,100.1851
2015-10-21,99.5739
2015-10-22,101.6021
2015-10-23,104.4452
2015-10-26,104.51
2015-10-27,104.723
2015-10-28,105.5935
2015-10-29,105.4268
2015-10-30,104.9545
2015-11-02,106.1399
2015-11-03,106.5104
2015-11-04,106.5196
2015-11-05,106.2326
2015-11-06,106.3066
2015-11-09,105.1768
2015-11-10,104.9082
2015-11-11,104.7786
2015-11-12,103.7598
2015-11-13,101.7225
2015-11-16,103.1857
2015-11-17,103.2505
2015-11-18,105.2324
2015-11-19,105.3064
2015-11-20,106.0195
2015-11-23,105.7139
2015-11-24,105.6213
2015-11-25,105.7139
2015-11-27,105.8621
2015-11-30,105.5935
2015-12-01,106.6493
2015-12-02,105.9917
2015-12-03,104.1951
2015-12-04,106.6308
2015-12-07,106.1492
2015-12-08,106.1584
2015-12-09,104.547
2015-12-10,105.0194
2015-12-11,102.6022
2015-12-14,103.3802
2015-12-15,104.0099
2015-12-16,105.5565
2015-12-17,104.0192
2015-12-18,102.0239
2015-12-21,103.1571
2015-12-22,103.8352
2015-12-23,104.6063
2015-12-24,104.5877
2015-12-28,104.5319
2015-12-29,106.1761
2015-12-30,105.2193
2015-12-31,103.9096
2016-01-04,101.7173
2016-01-05,101.5408
2016-01-06,100.5654
2016-01-07,97.4164
2016-01-08,96.6175
2016-01-11,96.9148
2016-01-12,98.0387
2016-01-13,94.6575
2016-01-14,96.6732
2016-01-15,93.6728
2016-01-19,93.8772
2016-01-20,93.5892
2016-01-21,93.6821
2016-01-22,96.3946
2016-01-25,94.964
2016-01-26,95.8186
2016-01-27,93.4313
2016-01-28,94.7504
2016-01-29,96.729
2016-02-01,96.9891
2016-02-02,94.8897
2016-02-03,94.4345
2016-02-04,94.4252
2016-02-05,91.1461
2016-02-08,89.7527
2016-02-09,89.474
2016-02-10,89.8178
2016-02-11,89.6877
2016-02-12,91.0532
2016-02-16,93.1061
2016-02-17,95.2148
2016-02-18,94.128
2016-02-19,94.4067
2016-02-22,95.9394
2016-02-23,94.3602
2016-02-24,95.2613
2016-02-25,96.1995
2016-02-26,96.0787
2016-02-29,95.2148
2016-03-01,98.271
2016-03-02,98.3081
2016-03-03,98.1223
2016-03-04,98.1595
2016-03-07,97.5557
2016-03-08,96.7475
2016-03-09,97.3699
2016-03-10,97.2213
2016-03-11,98.9212
2016-03-14,99.0884
2016-03-15,99.0513
2016-03-16,99.9337
2016-03-17,99.878
2016-03-18,100.0345
2016-03-21,100.4258
2016-03-22,100.7333
2016-03-23,99.9041
2016-03-24,99.9321
2016-03-28,99.7923
2016-03-29,101.3948
2016-03-30,101.8886
2016-03-31,101.7395
2016-04-01,102.8203
2016-04-04,102.429
2016-04-05,101.4414
2016-04-06,103.1091
2016-04-07,101.6277
2016-04-08,101.5532
2016-04-11,101.1805
2016-04-12,102.0283
2016-04-13,103.3327
2016-04-14,103.342
2016-04-15,103.0811
2016-04-18,103.6308
2016-04-19,102.9973
2016-04-20,103.0811
2016-04-21,103.0904
2016-04-22,101.5345
2016-04-25,101.5345
2016-04-26,101.0407
2016-04-27,100.2302
2016-04-28,99.019
2016-04-29,98.4973
2016-05-02,99.4289
2016-05-03,98.5066
2016-05-04,97.873
2016-05-05,97.8451
2016-05-06,98.3669
2016-05-09,98.6463
2016-05-10,99.9973
2016-05-11,99.0935
2016-05-12,98.6557
2016-05-13,98.2923
2016-05-16,99.5221
2016-05-17,98.2737
2016-05-18,98.6277
2016-05-19,98.1153
2016-05-20,99.196
2016-05-23,99.0656
2016-05-24,101.0501
2016-05-25,101.7768
2016-05-26,102.0749
2016-05-27,102.606
2016-05-31,102.8017
2016-06-01,102.811
2016-06-02,103.0252
2016-06-03,102.5408
2016-06-06,102.9134
2016-06-07,102.6526
2016-06-08,102.8296
2016-06-09,102.6619
2016-06-10,101.4973
2016-06-13,100.6495
2016-06-14,100.6495
2016-06-15,100.3606
2016-06-16,100.6588
2016-06-17,99.4789
2016-06-20,100.1048
2016-06-21,100.4224
2016-06-22,100.1796
2016-06-23,101.6088
2016-06-24,97.4238
2016-06-27,95.49
2016-06-28,97.5826
2016-06-29,99.3108
2016-06-30,100.4598
2016-07-01,100.9642
2016-07-05,100.3477
2016-07-06,101.1698
2016-07-07,101.4687
2016-07-08,103.0381
2016-07-11,103.6266
2016-07-12,104.1497
2016-07-13,103.8975
2016-07-14,104.6075
2016-07-15,104.4393
2016-07-18,105.1306
2016-07-19,104.7476
2016-07-20,105.9713
2016-07-21,105.7284
2016-07-22,106.1675
2016-07-25,106.1769
2016-07-26,106.2983
2016-07-27,107.0363
2016-07-28,107.4099
2016-07-29,107.6435
2016-08-01,108.2133
2016-08-02,107.3913
2016-08-03,107.7462
2016-08-04,108.0545
2016-08-05,109.0914
2016-08-08,108.97
2016-08-09,109.2222
2016-08-10,108.942
2016-08-11,109.4091
2016-08-12,109.4838
2016-08-15,109.9509
2016-08-16,109.3436
2016-08-17,109.5398
2016-08-18,109.5679
2016-08-19,109.5398
2016-08-22,109.6239
2016-08-23,109.8201
2016-08-24,109.1101
2016-08-25,108.9326
2016-08-26,109.0914
2016-08-29,109.2409
2016-08-30,108.8859
2016-08-31,108.7738
2016-09-01,109.0541
2016-09-02,109.4091
2016-09-06,110.091
2016-09-07,110.1564
2016-09-08,109.5118
2016-09-09,106.756
2016-09-12,108.6711
2016-09-13,107.6996
2016-09-14,108.2133
2016-09-15,109.8948
2016-09-16,109.8424
2016-09-19,109.3648
2016-09-20,109.5708
2016-09-21,110.6478
2016-09-22,111.5281
2016-09-23,110.8163
2016-09-26,109.8892
2016-09-27,110.9756
2016-09-28,111.1628
2016-09-29,110.3574
2016-09-30,111.1816
2016-10-03,111.0224
2016-10-04,110.8538
2016-10-05,111.2472
2016-10-06,111.1909
2016-10-07,110.9474
2016-10-10,111.6498
2016-10-11,110.0578
2016-10-12,109.9641
2016-10-13,109.5708
2016-10-14,109.7019
2016-10-17,109.4022
2016-10-18,110.3762
2016-10-19,110.3668
2016-10-20,110.2357
2016-10-21,110.6478
2016-10-24,111.9776
2016-10-25,111.6217
2016-10-26,110.8632
2016-10-27,110.3574
2016-10-28,109.6644
2016-10-31,109.5614
2016-11-01,108.7373
2016-11-02,107.8664
2016-11-03,106.8081
2016-11-04,106.4335
2016-11-07,108.9621
2016-11-08,109.6738
2016-11-09,110.1795
2016-11-10,108.4001
2016-11-11,108.447
2016-11-14,107.3513
2016-11-15,108.8403
2016-11-16,109.4865
2016-11-17,110.2825
2016-11-18,109.8705
2016-11-21,111.013
2016-11-22,111.3502
2016-11-23,110.9006
2016-11-25,111.2565
2016-11-28,111.0036
2016-11-29,111.3876
2016-11-30,110.0391
2016-12-01,108.1379
2016-12-02,108.3533
2016-12-05,109.1962
2016-12-06,109.4584
2016-12-07,110.8444
2016-12-08,111.0411
2016-12-09,111.912
2016-12-12,111.4063
2016-12-13,112.8111
2016-12-14,112.577
2016-12-15,112.7549
2016-12-16,112.3369
2016-12-19,112.7972
2016-12-20,113.2292
2016-12-21,113.1447
2016-12-22,112.8254
2016-12-23,112.9005
2016-12-27,113.4828
2016-12-28,112.5999
2016-12-29,112.4402
2016-12-30,111.2849
2017-01-03,112.2806
2017-01-04,112.8911
2017-01-05,113.5298
2017-01-06,114.5254
2017-01-09,114.9012
2017-01-10,115.1547
2017-01-11,115.4647
2017-01-12,115.2862
2017-01-13,115.6808
2017-01-17,115.3332
2017-01-18,115.568
2017-01-19,115.5117
2017-01-20,115.7653
2017-01-23,115.8592
2017-01-24,116.6388
2017-01-25,117.8129
2017-01-26,117.935
2017-01-27,118.1604
2017-01-30,117.24
2017-01-31,117.0051
2017-02-01,117.8129
2017-02-02,117.7096
2017-02-03,118.0477
2017-02-06,118.1886
2017-02-07,118.6207
2017-02-08,118.8179
2017-02-09,119.25
2017-02-10,119.6445
2017-02-13,120.3207
2017-02-14,120.7246
2017-02-15,121.4385
2017-02-16,121.4009
2017-02-17,121.9269
2017-02-21,122.528
2017-02-22,122.575
2017-02-23,122.1148
2017-02-24,122.3496
2017-02-27,122.4999
2017-02-28,122.1241
2017-03-01,123.4579
2017-03-02,122.838
2017-03-03,123.0634
2017-03-06,122.791
2017-03-07,122.5844
2017-03-08,122.8004
2017-03-09,122.8943
2017-03-10,123.411
2017-03-13,123.6176
2017-03-14,123.317
2017-03-15,124.0778
2017-03-16,123.9933
2017-03-17,123.95
2017-03-20,124.063
2017-03-21,122.1805
2017-03-22,123.0088
2017-03-23,122.6982
2017-03-24,122.9523
2017-03-27,123.15
2017-03-28,123.9029
2017-03-29,124.4771
2017-03-30,124.6841
2017-03-31,124.5994
2017-04-03,124.5242
2017-04-04,124.7218
2017-04-05,124.2135
2017-04-06,124.2794
2017-04-07,124.2135
2017-04-10,124.2606
2017-04-11,123.7242
2017-04-12,123.2252
2017-04-13,122.7358
2017-04-17,123.7523
2017-04-18,123.5641
2017-04-19,123.7617
2017-04-20,124.7971
2017-04-21,124.7689
2017-04-24,126.2748
2017-04-25,127.1878
2017-04-26,127.009
2017-04-27,127.7714
2017-04-28,127.9973
2017-05-01,129.1362
2017-05-02,129.3526
2017-05-03,128.9385
2017-05-04,128.9856
2017-05-05,129.4562
2017-05-08,129.7385
2017-05-09,130.1903
2017-05-10,130.2656
2017-05-11,130.1621
2017-05-12,130.4539
2017-05-15,130.868
2017-05-16,131.4139
2017-05-17,128.0726
2017-05-18,129.1926
2017-05-19,129.7385
2017-05-22,130.8303
2017-05-23,130.9621
2017-05-24,131.5645
2017-05-25,132.6846
2017-05-26,132.9198
2017-05-30,133.0328
2017-05-31,132.9858
2017-06-01,133.5035
2017-06-02,135.0282
2017-06-05,135
2017-06-06,134.4635
2017-06-07,134.9906
2017-06-08,135.1318
2017-06-09,131.7528
2017-06-12,131.0468
2017-06-13,132.1104
2017-06-14,131.5363
2017-06-15,130.9527
2017-06-16,130.3845
2017-06-19,132.5648
2017-06-20,131.5265
2017-06-21,132.829
2017-06-22,132.7912
2017-06-23,133.3009
2017-06-26,132.6779
2017-06-27,130.2713
2017-06-28,132.1495
2017-06-29,129.856
2017-06-30,129.9032
2017-07-03,128.5348
2017-07-05,129.7994
2017-07-06,128.6291
2017-07-07,130.0165
2017-07-10,130.8659
2017-07-11,131.2339
2017-07-12,132.7912
2017-07-13,133.0838
2017-07-14,134.1314
2017-07-17,134.1975
2017-07-18,135.0941
2017-07-19,135.8869
2017-07-20,136.0662
2017-07-21,136.0095
2017-07-24,136.6324
2017-07-25,136.2833
2017-07-26,136.7268
2017-07-27,135.868
2017-07-28,135.7547
2017-07-31,135.179
2017-08-01,135.4905
2017-08-02,135.8586
2017-08-03,135.33
2017-08-04,135.5754
2017-08-07,136.4342
2017-08-08,136.1983
2017-08-09,136.019
2017-08-10,133.1027
2017-08-11,134.1126
2017-08-14,135.8397
2017-08-15,135.9341
2017-08-16,136.17
2017-08-17,133.3858
2017-08-18,133.2915
2017-08-21,133.1216
2017-08-22,135.1507
2017-08-23,134.6694
2017-08-24,134.273
2017-08-25,133.9898
2017-08-28,134.4051
2017-08-29,134.9336
2017-08-30,136.5192
2017-08-31,137.9821
2017-09-01,137.7933
2017-09-05,136.5569
2017-09-06,136.9722
2017-09-07,137.2932
2017-09-08,136.1039
2017-09-11,137.6706
2017-09-12,138.0009
2017-09-13,138.1897
2017-09-14,137.378
2017-09-15,137.8499
2017-09-18,137.6693
2017-09-19,137.9057
2017-09-20,137.4801
2017-09-21,136.6383
2017-09-22,136.5059
2017-09-25,135.0682
2017-09-26,135.4181
2017-09-27,136.6383
2017-09-28,136.591
2017-09-29,137.5747
2017-10-02,137.6977
2017-10-03,137.9909
2017-10-04,138.1233
2017-10-05,139.4758
2017-10-06,139.6651
2017-10-09,139.5042
2017-10-10,139.6083
2017-10-11,140.0245
2017-10-12,139.7691
2017-10-13,140.3082
2017-10-16,140.7906
2017-10-17,140.9703
2017-10-18,140.8001
2017-10-19,140.2799
2017-10-20,140.6582
2017-10-23,139.7407
2017-10-24,139.9772
2017-10-25,139.4475
2017-10-26,139.003
2017-10-27,143.0512
2017-10-30,143.3728
2017-10-31,143.9119
2017-11-01,143.8647
2017-11-02,143.5904
2017-11-03,144.9713
2017-11-06,145.4631
2017-11-07,145.5482
2017-11-08,146.1347
2017-11-09,145.3685
2017-11-10,145.3591
2017-11-13,145.5388
2017-11-14,145.0091
2017-11-15,144.3281
2017-11-16,146.1725
2017-11-17,145.6144
2017-11-20,145.501
2017-11-21,147.0806
2017-11-22,147.2603
2017-11-24,147.7994
2017-11-27,147.7332
2017-11-28,148.1115
2017-11-29,145.5293
2017-11-30,146.7495
2017-12-01,146.1252
2017-12-04,144.4416
2017-12-05,144.5362
2017-12-06,145.1888
2017-12-07,145.6807
2017-12-08,146.3239
2017-12-11,147.4589
2017-12-12,147.2603
2017-12-13,147.544
2017-12-14,147.4399
2017-12-15,149.1141
2017-12-18,150.3643
2017-12-19,149.4733
2017-12-20,149.3122
2017-12-21,149.3312
2017-12-22,149.1606
2017-12-26,148.3549
2017-12-27,148.3738
2017-12-28,148.554
2017-12-29,147.6346
2018-01-02,150.2221
2018-01-03,151.6818
2018-01-04,151.9472
2018-01-05,153.4732
2018-01-08,154.0703
2018-01-09,154.0798
2018-01-10,153.7197
2018-01-11,154.7717
2018-01-12,155.9091
2018-01-16,155.4636
2018-01-17,157.1413
2018-01-18,157.1698
2018-01-19,157.6627
2018-01-22,159.3497
2018-01-23,160.6672
2018-01-24,159.6246
2018-01-25,159.5678
2018-01-26,162.0132
2018-01-29,161.2265
2018-01-30,159.8995
2018-01-31,160.563
2018-02-01,159.1981
2018-02-02,156.0229
2018-02-05,149.8714
2018-02-06,153.8429
2018-02-07,151.8524
2018-02-08,145.4451
2018-02-09,147.9568
2018-02-12,150.5823
2018-02-13,151.3595
2018-02-14,154.1936
2018-02-15,157.056
2018-02-16,156.3546
2018-02-20,156.6674
2018-02-21,156.2219
2018-02-22,156.203
2018-02-23,159.3972
2018-02-26,161.5108
2018-02-27,159.5109
2018-02-28,158.4873
2018-03-01,155.8997
2018-03-02,157.3309
2018-03-05,159.0749
2018-03-06,159.7478
2018-03-07,160.1175
2018-03-08,160.999
2018-03-09,164.1268
2018-03-12,164.9988
2018-03-13,162.7525
2018-03-14,162.7241
2018-03-15,162.5818
2018-03-16,162.0985
2018-03-19,158.64
2018-03-20,159.1621
2018-03-21,158.469
2018-03-22,154.5576
2018-03-23,150.4849
2018-03-26,156.0766
2018-03-27,151.026
2018-03-28,149.2886
2018-03-29,152.0228
2018-04-02,147.6367
2018-04-03,149.2981
2018-04-04,151.6526
2018-04-05,152.5165
2018-04-06,148.7001
2018-04-09,149.7443
2018-04-10,153.0481
2018-04-11,152.1652
2018-04-12,153.9975
2018-04-13,153.2
2018-04-16,154.3678
2018-04-17,157.6906
2018-04-18,158.0133
2018-04-19,156.5609
2018-04-20,154.083
2018-04-23,153.6937
2018-04-24,150.4374
2018-04-25,150.6178
2018-04-26,153.7887
2018-04-27,153.8836
2018-04-30,152.7918
2018-05-01,154.5387
2018-05-02,153.6273
2018-05-03,153.6083
2018-05-04,156.5229
2018-05-07,157.8235
2018-05-08,157.6621
2018-05-09,159.3804
2018-05-10,161.0324
2018-05-11,160.8805
2018-05-14,161.1558
2018-05-15,159.3709
2018-05-16,160.4248
2018-05-17,159.8076
2018-05-18,158.9817
2018-05-21,159.8742
2018-05-22,159.6652
2018-05-23,161.0134
2018-05-24,160.9659
2018-05-25,161.1273
2018-05-29,160.4152
2018-05-30,161.564
2018-05-31,161.4595
2018-06-01,163.9944
2018-06-04,165.4754
2018-06-05,165.9881
2018-06-06,166.9565
2018-06-07,165.5988
2018-06-08,165.6083
2018-06-11,166.0545
2018-06-12,166.928
2018-06-13,166.9185
2018-06-14,168.6084
2018-06-15,168.0198
2018-06-18,167.9227
2018-06-19,167.4469
2018-06-20,168.6362
2018-06-21,167.1711
2018-06-22,166.8001
2018-06-25,163.042
2018-06-26,163.708
2018-06-27,161.4817
2018-06-28,162.8707
2018-06-29,163.3084
2018-07-02,164.4025
2018-07-03,162.4997
2018-07-05,164.5166
2018-07-06,167.076
2018-07-09,168.5792
2018-07-10,168.7028
2018-07-11,167.8466
2018-07-12,170.7388
2018-07-13,170.8815
2018-07-16,170.4724
2018-07-17,171.5095
2018-07-18,171.186
2018-07-19,170.3297
2018-07-20,170.2917
2018-07-23,170.834
2018-07-24,171.538
2018-07-25,173.9355
2018-07-26,171.3002
2018-07-27,168.9883
2018-07-30,166.6002
2018-07-31,167.8751
2018-08-01,168.5126
2018-08-02,170.8054
2018-08-03,171.3287
2018-08-06,172.3372
2018-08-07,172.9651
2018-08-08,173.1744
2018-08-09,173.0698
2018-08-10,171.7474
2018-08-13,171.5571
2018-08-14,172.6321
2018-08-15,170.52
2018-08-16,171.0814
2018-08-17,171.1194
2018-08-20,170.9672
2018-08-21,171.5951
2018-08-22,172.2611
2018-08-23,172.0137
2018-08-24,173.6121
2018-08-27,175.3817
2018-08-28,175.6386
2018-08-29,177.6651
2018-08-30,177.3511
2018-08-31,177.5794
2018-09-04,176.8183
2018-09-05,174.5349
2018-09-06,172.9746
2018-09-07,172.3087
2018-09-10,172.889
2018-09-11,174.221
2018-09-12,173.7072
2018-09-13,175.5624
2018-09-14,175.0487
2018-09-17,172.5275
2018-09-18,173.9546
2018-09-19,173.8214
2018-09-20,175.7433
2018-09-21,174.7823
2018-09-24,175.2684
2018-09-25,175.5066
2018-09-26,175.6306
2018-09-27,177.1174
2018-09-28,177.0793
2018-10-01,177.4415
2018-10-02,177.0412
2018-10-03,177.2318
2018-10-04,173.8292
2018-10-05,171.7038
2018-10-08,170.6553
2018-10-09,171.2081
2018-10-10,163.6785
2018-10-11,161.6484
2018-10-12,166.147
2018-10-15,164.136
2018-10-16,168.9111
2018-10-17,168.9778
2018-10-18,165.0605
2018-10-19,164.908
2018-10-22,165.7563
2018-10-23,165.1463
2018-10-24,157.5881
2018-10-25,163.0399
2018-10-26,158.8463
2018-10-29,155.577
2018-10-30,158.1409
2018-10-31,161.858
2018-11-01,163.993
2018-11-02,161.4387
2018-11-05,161.0384
2018-11-06,162.2584
2018-11-07,167.348
2018-11-08,166.2805
2018-11-09,163.4784
2018-11-12,158.5317
2018-11-13,158.6651
2018-11-14,157.4547
2018-11-15,160.2092
2018-11-16,159.6468
2018-11-19,154.4619
2018-11-20,151.6979
2018-11-21,152.8512
2018-11-23,151.7456
2018-11-26,155.253
2018-11-27,155.7772
2018-11-28,160.7905
2018-11-29,160.2663
2018-11-30,161.4291
2018-12-03,164.2503
2018-12-04,157.9502
2018-12-06,159.0654
2018-12-07,153.8138
2018-12-10,155.4245
2018-12-11,155.9392
2018-12-12,157.3117
2018-12-13,157.3593
2018-12-14,153.5278
2018-12-17,150.0489
2018-12-18,150.9925
2018-12-19,147.2849
2018-12-20,145.1499
2018-12-21,140.6512
2018-12-24,137.1634
2018-12-26,145.7277
2018-12-27,146.2917
2018-12-28,146.2152
2018-12-31,147.4482
2019-01-02,148.0408
2019-01-03,143.2043
2019-01-04,149.3313
2019-01-07,151.1091
2019-01-08,152.476
2019-01-09,153.7186
2019-01-10,154.1583
2019-01-11,153.5943
2019-01-14,152.237
2019-01-15,155.2097
2019-01-16,155.181
2019-01-17,156.4045
2019-01-18,157.953
2019-01-22,154.7891
2019-01-23,154.9898
2019-01-24,155.9935
2019-01-25,157.8573
2019-01-28,155.9075
2019-01-29,154.4355
2019-01-30,158.3639
2019-01-31,160.7345
2019-02-01,160.0558
2019-02-04,162.0439
2019-02-05,163.4777
2019-02-06,162.9903
2019-02-07,160.8013
2019-02-08,161.1168
2019-02-11,160.9638
2019-02-12,163.3439
2019-02-13,163.4586
2019-02-14,163.6593
2019-02-15,164.3475
2019-02-19,164.6725
2019-02-20,164.6438
2019-02-21,164.0416
2019-02-22,165.2556
2019-02-25,165.8578
2019-02-26,166.0298
2019-02-27,165.9247
2019-02-28,165.5423
2019-03-01,166.6894
2019-03-04,166.718
2019-03-05,166.8423
2019-03-06,165.896
2019-03-07,163.86
2019-03-08,163.6115
2019-03-11,167.0143
2019-03-12,167.932
2019-03-13,169.1936
2019-03-14,168.9069
2019-03-15,170.4745
2019-03-18,170.8805
2019-03-19,171.455
2019-03-20,172.1349
2019-03-21,174.8257
2019-03-22,170.9858
2019-03-25,170.6602
2019-03-26,171.455
2019-03-27,170.3538
2019-03-28,170.7464
2019-03-29,172.0392
2019-04-01,174.3182
2019-04-02,174.9789
2019-04-03,175.9844
2019-04-04,175.9174
2019-04-05,176.8271
2019-04-08,177.2771
2019-04-09,176.6547
2019-04-10,177.6027
2019-04-11,177.1814
2019-04-12,177.9474
2019-04-15,177.9762
2019-04-16,178.589
2019-04-17,179.2115
2019-04-18,179.4413
2019-04-22,179.9488
2019-04-23,182.2374
2019-04-24,181.6629
2019-04-25,182.4002
2019-04-26,182.563
2019-04-29,182.9173
2019-04-30,181.5001
2019-05-01,180.9159
2019-05-02,180.1307
2019-05-03,183.0035
2019-05-06,181.8831
2019-05-07,178.34
2019-05-08,177.89
2019-05-09,176.9324
2019-05-10,177.1527
2019-05-13,171.005
2019-05-14,172.8818
2019-05-15,175.3237
2019-05-16,177.0856
2019-05-17,175.2758
2019-05-20,172.3168
2019-05-21,174.1171
2019-05-22,173.3415
2019-05-23,170.6889
2019-05-24,170.6027
2019-05-28,169.9612
2019-05-29,168.5632
2019-05-30,169.2717
2019-05-31,166.5714
2019-06-03,162.9038
2019-06-04,167.4907
2019-06-05,168.7355
2019-06-06,170.0761
2019-06-07,173.3606
2019-06-10,175.3811
2019-06-11,175.6205
2019-06-12,174.6054
2019-06-13,175.6397
2019-06-14,174.8927
2019-06-17,175.9461
2019-06-18,178.5028
2019-06-19,179.1731
2019-06-20,180.8393
2019-06-21,180.5712
2019-06-24,180.577
2019-06-25,177.4771
2019-06-26,178.3025
2019-06-27,178.9839
2019-06-28,179.2142
2019-07-01,181.6326
2019-07-02,182.3524
2019-07-03,183.7248
2019-07-05,183.3505
2019-07-08,182.0645
2019-07-09,182.9762
2019-07-10,184.7997
2019-07-11,184.6653
2019-07-12,185.7306
2019-07-15,186.3255
2019-07-16,185.3658
2019-07-17,184.4541
2019-07-18,184.6653
2019-07-19,183.3121
2019-07-22,184.7708
2019-07-23,185.9801
2019-07-24,187.2852
2019-07-25,185.5098
2019-07-26,187.4196
2019-07-29,186.7766
2019-07-30,185.9705
2019-07-31,183.3985
2019-08-01,182.4868
2019-08-02,179.7996
2019-08-05,173.4464
2019-08-06,175.8745
2019-08-07,176.8246
2019-08-08,180.6729
2019-08-09,178.9743
2019-08-12,176.9205
2019-08-13,180.7977
2019-08-14,175.3946
2019-08-15,175.1931
2019-08-16,178.005
2019-08-19,180.8361
2019-08-20,179.4349
2019-08-21,181.028
2019-08-22,180.4426
2019-08-23,174.7324
2019-08-26,177.3716
2019-08-27,176.9973
2019-08-28,177.6306
2019-08-29,180.3467
2019-08-30,179.9148
2019-09-03,178.1681
2019-09-04,180.7401
2019-09-05,184.0511
2019-09-06,183.8687
2019-09-09,183.4848
2019-09-10,182.957
2019-09-11,184.6749
2019-09-12,185.4426
2019-09-13,184.7805
2019-09-16,183.9551
2019-09-17,184.8381
2019-09-18,184.7612
2019-09-19,185.0683
2019-09-20,183.1106
2019-09-23,183.1914
2019-09-24,180.7584
2019-09-25,182.7874
2019-09-26,182.1144
2019-09-27,179.8545
2019-09-30,181.5662
2019-10-01,180.0853
2019-10-02,176.9888
2019-10-03,178.9313
2019-10-04,181.5662
2019-10-07,181.0181
2019-10-08,178.3062
2019-10-09,180.0468
2019-10-10,181.4412
2019-10-11,183.778
2019-10-14,183.7587
2019-10-15,186.0955
2019-10-16,185.6339
2019-10-17,186.1243
2019-10-18,184.3357
2019-10-21,185.9704
2019-10-22,184.4895
2019-10-23,184.8453
2019-10-24,186.6436
2019-10-25,188.1341
2019-10-28,189.9901
2019-10-29,188.5188
2019-10-30,189.4324
2019-10-31,189.5189
2019-11-01,191.2402
2019-11-04,192.423
2019-11-05,192.5288
2019-11-06,192.0961
2019-11-07,192.7404
2019-11-08,193.5097
2019-11-11,193.2501
2019-11-12,193.8078
2019-11-13,193.8559
2019-11-14,193.702
2019-11-15,195.1253
2019-11-18,195.2791
2019-11-19,195.5676
2019-11-20,194.3944
2019-11-21,193.9617
2019-11-22,194.0867
2019-11-25,196.3849
2019-11-26,196.76
2019-11-27,198.1351
2019-11-29,197.2312
2019-12-02,195.2118
2019-12-03,193.6828
2019-12-04,194.6636
2019-12-05,195.0483
2019-12-06,197.135
2019-12-09,196.2407
2019-12-10,196.0773
2019-12-11,197.1158
2019-12-12,198.5871
2019-12-13,199.241
2019-12-16,201.2412
2019-12-17,201.3566
2019-12-18,201.5105
2019-12-19,202.7702
2019-12-20,203.5876
2019-12-23,204.1254
2019-12-24,204.2314
2019-12-26,206.0335
2019-12-27,205.86
2019-12-30,204.5108
2019-12-31,204.8963
2020-01-02,208.3176
2020-01-03,206.4094
2020-01-06,207.7393
2020-01-07,207.7104
2020-01-08,209.2716
2020-01-09,211.0448
2020-01-10,210.5052
2020-01-13,212.9338
2020-01-14,212.0954
2020-01-15,212.1821
2020-01-16,214.2155
2020-01-17,215.2756
2020-01-21,215.1792
2020-01-22,215.7478
2020-01-23,216.4417
2020-01-24,214.6203
2020-01-27,210.1872
2020-01-28,213.4156
2020-01-29,213.7626
2020-01-30,214.5239
2020-01-31,211.122
2020-02-03,214.3119
2020-02-04,219.2172
2020-02-05,219.94
2020-02-06,221.8385
2020-02-07,220.8844
2020-02-10,223.5539
2020-02-11,223.5925
2020-02-12,225.7705
2020-02-13,225.4814
2020-02-14,226.1271
2020-02-18,226.2138
2020-02-19,228.3822
2020-02-20,226.262
2020-02-21,221.9156
2020-02-24,213.3578
2020-02-25,207.5562
2020-02-26,208.6259
2020-02-27,198.1792
2020-02-28,198.3334
2020-03-02,208.5681
2020-03-03,201.8799
2020-03-04,210.3028
2020-03-05,203.9133
2020-03-06,200.4729
2020-03-09,186.5471
2020-03-10,196.7047
2020-03-11,188.1373
2020-03-12,170.8867
2020-03-13,185.3617
2020-03-16,163.1577
2020-03-17,175.5318
2020-03-18,170.1928
2020-03-19,171.2144
2020-03-20,164.5068
2020-03-23,164.6257
2020-03-24,177.3739
2020-03-25,176.0604
2020-03-26,185.3318
2020-03-27,178.9577
2020-03-30,185.467
2020-03-31,183.8832
2020-04-01,176.0701
2020-04-02,179.6434
2020-04-03,177.0938
2020-04-06,189.7551
2020-04-07,189.6778
2020-04-08,193.705
2020-04-09,193.9852
2020-04-13,196.0809
2020-04-14,204.6086
2020-04-15,202.2618
2020-04-16,205.9511
2020-04-17,207.9212
2020-04-20,205.4585
2020-04-21,197.8773
2020-04-22,203.7491
2020-04-23,203.3145
2020-04-24,206.5209
2020-04-27,208.182
2020-04-28,204.261
2020-04-29,211.5043
2020-04-30,211.4174
2020-05-01,205.4585
2020-05-04,207.8537
2020-05-05,210.2101
2020-05-06,211.5043
2020-05-07,214.2278
2020-05-08,217.1637
2020-05-11,219.1049
2020-05-12,214.5175
2020-05-13,211.8326
2020-05-14,214.2374
2020-05-15,215.6281
2020-05-18,219.6457
2020-05-19,219.0953
2020-05-20,223.4702
2020-05-21,221.0365
2020-05-22,221.7994
2020-05-26,221.2006
2020-05-27,222.4078
2020-05-28,222.1181
2020-05-29,225.3727
2020-06-01,226.0488
2020-06-02,227.5651
2020-06-03,228.5888
2020-06-04,226.9856
2020-06-05,231.4861
2020-06-08,233.2825
2020-06-09,234.9726
2020-06-10,237.7926
2020-06-11,226.0102
2020-06-12,227.8065
2020-06-15,230.5783
2020-06-16,234.538
2020-06-17,235.2816
2020-06-18,235.919
2020-06-19,235.8804
2020-06-22,238.7092
2020-06-23,240.7409
2020-06-24,235.7779
2020-06-25,238.0224
2020-06-26,232.4014
2020-06-29,234.9362
2020-06-30,239.5412
2020-07-01,242.3372
2020-07-02,243.9819
2020-07-06,249.9801
2020-07-07,248.2579
2020-07-08,251.5279
2020-07-09,253.6467
2020-07-10,255.3784
2020-07-13,250.1252
2020-07-14,251.8956
2020-07-15,252.4084
2020-07-16,250.6862
2020-07-17,250.9765
2020-07-20,258.0969
2020-07-21,255.4074
2020-07-22,256.3073
2020-07-23,249.6124
2020-07-24,247.2421
2020-07-27,251.6538
2020-07-28,248.4515
2020-07-29,251.3151
2020-07-30,252.6308
2020-07-31,257.1392
2020-08-03,260.6124
2020-08-04,261.5798
2020-08-05,262.228
2020-08-06,265.7011
2020-08-07,262.6342
2020-08-10,261.5121
2020-08-11,256.5588
2020-08-12,263.0117
2020-08-13,263.6114
2020-08-14,263.3019
2020-08-17,266.359
2020-08-18,268.9227
2020-08-19,267.1136
2020-08-20,270.8189
2020-08-21,272.6958
2020-08-24,274.3986
2020-08-25,276.5559
2020-08-26,282.4574
2020-08-27,281.577
2020-08-28,283.0089
2020-08-31,285.2824
2020-09-01,290.1583
2020-09-02,292.9059
2020-09-03,278.0556
2020-09-04,274.3502
2020-09-08,261.1637
2020-09-09,268.8356
2020-09-10,263.476
2020-09-11,261.6476
2020-09-14,266.2042
2020-09-15,269.9773
2020-09-16,265.6721
2020-09-17,261.5218
2020-09-18,258.184
2020-09-21,258.8033
2020-09-22,263.6114
2020-09-23,255.5623
2020-09-24,256.7523
2020-09-25,262.7214
2020-09-28,268.1779
2020-09-29,266.9685
2020-09-30,268.797
2020-10-01,273.0635
2020-10-02,265.3819
2020-10-05,271.0415
2020-10-06,266.2042
2020-10-07,270.8094
2020-10-08,272.2507
2020-10-09,276.4108
2020-10-12,284.9438
2020-10-13,284.934
2020-10-14,282.5542
2020-10-15,280.6581
2020-10-16,279.1197
2020-10-19,274.563
2020-10-20,275.1532
2020-10-21,274.9403
2020-10-22,274.9307
2020-10-23,275.4724
2020-10-26,271.3414
2020-10-27,273.4601
2020-10-28,262.7988
2020-10-29,267.3942
2020-10-30,260.6124
2020-11-02,261.1928
2020-11-03,265.7108
2020-11-04,277.5718
2020-11-05,284.8083
2020-11-06,285.0212
2020-11-09,279.1971
2020-11-10,274.1953
2020-11-11,280.3291
2020-11-12,279.0132
2020-11-13,281.4609
2020-11-16,283.6571
2020-11-17,282.7573
2020-11-18,280.6675
2020-11-19,282.8637
2020-11-20,280.9288
2020-11-23,280.9386
2020-11-24,284.8857
2020-11-25,286.6368
2020-11-27,289.2779
2020-11-30,289.868
2020-12-01,293.5832
2020-12-02,293.9604
2020-12-03,294.3764
2020-12-04,295.5761
2020-12-07,297.2497
2020-12-08,298.2559
2020-12-09,291.5031
2020-12-10,292.6737
2020-12-11,292.0255
2020-12-14,294.1442
2020-12-15,297.2885
2020-12-16,298.9235
2020-12-17,300.8777
2020-12-18,299.9683
2020-12-21,299.4071
2020-12-22,300.2213
2020-12-23,298.7093
2020-12-24,300.0275
2020-12-28,303.0514
2020-12-29,303.3227
2020-12-30,303.3324
2020-12-31,304.0787
2021-01-04,299.7852
2021-01-05,302.2565
2021-01-06,298.0696
2021-01-07,305.2805
2021-01-08,309.2058
2021-01-11,304.7378
2021-01-12,304.2532
2021-01-13,306.3078
2021-01-14,304.6699
2021-01-15,302.2565
2021-01-19,306.6665
2021-01-20,313.7998
2021-01-21,316.3101
2021-01-22,315.399
2021-01-25,318.0062
2021-01-26,318.4715
2021-01-27,309.5935
2021-01-28,311.4253
2021-01-29,304.8735
2021-02-01,312.4915
2021-02-02,317.5894
2021-02-03,316.3294
2021-02-04,320.0706
2021-02-05,321.1561
2021-02-08,323.3078
2021-02-09,323.2399
2021-02-10,322.5033
2021-02-11,324.2769
2021-02-12,326.0893
2021-02-16,325.2074
2021-02-17,323.6469
2021-02-18,322.2319
2021-02-19,320.8265
2021-02-22,312.5107
2021-02-23,311.5804
2021-02-24,314.1487
2021-02-25,303.1967
2021-02-26,304.4663
2021-03-01,313.6254
2021-03-02,308.5952
2021-03-03,299.6396
2021-03-04,294.7356
2021-03-05,299.1744
2021-03-08,290.7036
2021-03-09,302.1693
2021-03-10,301.3068
2021-03-11,308.2462
2021-03-12,305.7457
2021-03-15,309.0119
2021-03-16,310.708
2021-03-17,311.9875
2021-03-18,302.431
2021-03-19,303.4972
2021-03-22,309.1888
2021-03-23,307.8398
2021-03-24,302.6481
2021-03-25,302.124
2021-03-26,306.6559
2021-03-29,306.5686
2021-03-30,305.0256
2021-03-31,309.6934
2021-04-01,314.9725
2021-04-05,321.2609
2021-04-06,321.0377
2021-04-07,321.8141
2021-04-08,325.1717
2021-04-09,327.1417
2021-04-12,326.7147
2021-04-13,330.5285
2021-04-14,326.5595
2021-04-15,331.5086
2021-04-16,331.8969
2021-04-19,328.8594
2021-04-20,326.4624
2021-04-21,329.2572
2021-04-22,325.2882
2021-04-23,329.3834
2021-04-26,331.528
2021-04-27,330.0918
2021-04-28,328.9758
2021-04-29,330.1597
2021-04-30,327.9957
2021-05-03,326.2489
2021-05-04,320.3778
2021-05-05,319.3006
2021-05-06,321.7073
2021-05-07,324.3177
2021-05-10,316.1273
2021-05-11,315.6907
2021-05-12,307.5197
2021-05-13,309.8973
2021-05-14,316.7387
2021-05-17,314.8173
2021-05-18,312.692
2021-05-19,313.0511
2021-05-20,319.1065
2021-05-21,317.3404
2021-05-24,322.6777
2021-05-25,323.1242
2021-05-26,324.2498
2021-05-27,323.0367
2021-05-28,324.0557
2021-06-01,322.9785
2021-06-02,323.6093
2021-06-03,320.242
2021-06-04,325.6764
2021-06-07,326.6468
2021-06-08,326.8021
2021-06-09,326.8797
2021-06-10,330.2859
2021-06-11,331.1495
2021-06-14,334.3229
2021-06-15,332.1395
2021-06-16,330.9264
2021-06-17,335.1283
2021-06-18,332.4984
2021-06-21,334.565
2021-06-22,337.6837
2021-06-23,337.8488
2021-06-24,339.9377
2021-06-25,339.5199
2021-06-28,343.649
2021-06-29,344.8925
2021-06-30,344.3486
2021-07-01,344.4846
2021-07-02,348.4388
2021-07-06,349.9447
2021-07-07,350.683
2021-07-08,348.5651
2021-07-09,350.7414
2021-07-12,352.1113
2021-07-13,352.1113
2021-07-14,352.7429
2021-07-15,350.2653
2021-07-16,347.4283
2021-07-19,344.5818
2021-07-20,348.5846
2021-07-21,351.2757
2021-07-22,353.5978
2021-07-23,357.7268
2021-07-26,358.0086
2021-07-27,354.0641
2021-07-28,355.4243
2021-07-29,356.0558
2021-07-30,354.2001
2021-08-02,354.2292
2021-08-03,356.3764
2021-08-04,356.8913
2021-08-05,359.155
2021-08-06,357.5811
2021-08-09,358.2418
2021-08-10,356.4056
2021-08-11,355.7935
2021-08-12,357.0759
2021-08-13,358.3293
2021-08-16,358.4847
2021-08-17,355.3271
2021-08-18,351.9072
2021-08-19,353.6075
2021-08-20,357.2702
2021-08-23,362.6138
2021-08-24,363.7214
2021-08-25,364.1391
2021-08-26,361.8268
2021-08-27,365.3439
2021-08-30,369.4439
2021-08-31,369.1426
2021-09-01,369.7547
2021-09-02,369.5798
2021-09-03,370.7166
2021-09-07,371.2412
2021-09-08,369.949
2021-09-09,368.6763
2021-09-10,365.8782
2021-09-13,365.6256
2021-09-14,364.5861
2021-09-15,367.2967
2021-09-16,367.5492
2021-09-17,363.1968
2021-09-20,355.6918
2021-09-21,356.1295
2021-09-22,359.456
2021-09-23,362.7726
2021-09-24,363.1131
2021-09-27,360.2147
2021-09-28,350.0214
2021-09-29,349.4475
2021-09-30,348.1637
2021-10-01,350.323
2021-10-04,342.9698
2021-10-05,347.5996
2021-10-06,349.8269
2021-10-07,353.0366
2021-10-08,351.2761
2021-10-11,348.582
2021-10-12,347.3662
2021-10-13,350.1479
2021-10-14,356.5965
2021-10-15,358.8432
2021-10-18,362.4517
2021-10-19,365.1945
2021-10-20,364.7179
2021-10-21,366.9452
2021-10-22,363.862
2021-10-25,367.5872
2021-10-26,368.7446
2021-10-27,369.6006
2021-10-28,373.705
2021-10-29,375.5433
2021-11-01,376.8271
2021-11-02,378.4029
2021-11-03,382.4198
2021-11-04,387.322
2021-11-05,387.6915
2021-11-08,387.1663
2021-11-09,384.5013
2021-11-10,378.8503
2021-11-11,379.9007
2021-11-12,383.8983
2021-11-15,383.8106
2021-11-16,386.5438
2021-11-17,386.7481
2021-11-18,390.7553
2021-11-19,392.934
2021-11-22,388.3723
2021-11-23,386.6021
2021-11-24,387.8472
2021-11-26,380.494
2021-11-29,388.7517
2021-11-30,383.0424
2021-12-01,376.5256
2021-12-02,379.2393
2021-12-03,372.6449
2021-12-06,375.6308
2021-12-07,386.9425
2021-12-08,388.6738
2021-12-09,382.9548
2021-12-10,387.1176
2021-12-13,381.525
2021-12-14,377.5761
2021-12-15,386.1839
2021-12-16,376.2533
2021-12-17,374.3762
2021-12-20,370.7446
2021-12-21,379.042
2021-12-22,383.6582
2021-12-23,386.5506
2021-12-27,392.9392
2021-12-28,391.1181
2021-12-29,391.0596
2021-12-30,389.891
2021-12-31,387.4562
2022-01-03,391.1862
2022-01-04,386.1124
2022-01-05,374.2505
2022-01-06,373.9875
2022-01-07,369.9363
2022-01-10,370.1797
2022-01-11,375.7405
2022-01-12,377.2306
2022-01-13,367.7937
2022-01-14,370.0824
2022-01-18,360.8694
2022-01-19,356.9058
2022-01-20,352.2702
2022-01-21,342.5022
2022-01-24,344.0701
2022-01-25,336.094
2022-01-26,335.5682
2022-01-27,332.1888
2022-01-28,342.6093
2022-01-31,353.5654
2022-02-01,355.9709
2022-02-02,358.8633
2022-02-03,344.3136
2022-02-04,348.6571
2022-02-07,345.8524
2022-02-08,349.7381
2022-02-09,357.1493
2022-02-10,349.0661
2022-02-11,337.9931
2022-02-14,338.4119
2022-02-15,346.8262
2022-02-16,346.7386
2022-02-17,336.4252
2022-02-18,332.5881
2022-02-22,329.2477
2022-02-23,320.814
2022-02-24,331.5948
2022-02-25,336.7368
2022-02-28,337.7399
2022-03-01,332.5686
2022-03-02,338.149
2022-03-03,333.3186
2022-03-04,328.4881
2022-03-07,316.3731
2022-03-08,314.9026
2022-03-09,326.2385
2022-03-10,322.6157
2022-03-11,315.9252
2022-03-14,309.8579
2022-03-15,319.5771
2022-03-16,331.4292
2022-03-17,335.4416
2022-03-18,342.3074
2022-03-21,341.3557
2022-03-22,348.0643
2022-03-23,343.0621
2022-03-24,350.6873
2022-03-25,350.3947
2022-03-28,355.8162
2022-03-29,361.9397
2022-03-30,357.9419
2022-03-31,353.5052
2022-04-01,352.8324
2022-04-04,360.0968
2022-04-05,352.1011
2022-04-06,344.4566
2022-04-07,345.2755
2022-04-08,340.449
2022-04-11,332.3947
2022-04-12,330.9907
2022-04-13,337.7187
2022-04-14,329.9961
2022-04-18,330.2496
2022-04-19,337.631
2022-04-20,332.7068
2022-04-21,325.8227
2022-04-22,317.2908
2022-04-25,321.3666
2022-04-26,309.2367
2022-04-27,308.8661
2022-04-28,319.8357
2022-04-29,305.4436
2022-05-02,310.5432
2022-05-03,310.8748
2022-05-04,321.3861
2022-05-05,305.1998
2022-05-06,301.5433
2022-05-09,289.7448
2022-05-10,293.2648
2022-05-11,284.5672
2022-05-12,283.8943
2022-05-13,294.4154
2022-05-16,291.0026
2022-05-17,298.5399
2022-05-18,283.8846
2022-05-19,282.3634
2022-05-20,281.4859
2022-05-23,286.1662
2022-05-24,280.0817
2022-05-25,284.0015
2022-05-26,291.8705
2022-05-27,301.397
2022-05-31,300.5974
2022-06-01,298.3743
2022-06-02,306.5454
2022-06-03,298.5693
2022-06-06,299.5638
2022-06-07,302.1478
2022-06-08,299.9734
2022-06-09,291.9387
2022-06-10,281.6419
2022-06-13,268.5466
2022-06-14,269.0341
2022-06-15,275.7524
2022-06-16,264.6268
2022-06-17,267.8445
2022-06-21,274.6021
2022-06-22,274.2016
2022-06-23,278.2852
2022-06-24,287.8203
2022-06-27,285.7101
2022-06-28,277.0055
2022-06-29,277.2594
2022-06-30,273.8205
2022-07-01,275.6279
2022-07-05,280.3466
2022-07-06,282.1442
2022-07-07,288.1818
2022-07-08,288.5432
2022-07-11,282.3787
2022-07-12,279.6432
2022-07-13,279.0668
2022-07-14,280.0633
2022-07-15,285.1434
2022-07-18,282.7303
2022-07-19,291.4252
2022-07-20,296.0463
2022-07-21,300.2961
2022-07-22,295.0302
2022-07-25,293.3499
2022-07-26,287.5858
2022-07-27,299.7391
2022-07-28,302.67
2022-07-29,308.1897
2022-08-01,308.0042
2022-08-02,307.0858
2022-08-03,315.4485
2022-08-04,316.9238
2022-08-05,314.3348
2022-08-08,313.3188
2022-08-09,309.7725
2022-08-10,318.4185
2022-08-11,316.6111
2022-08-12,322.7757
2022-08-15,325.3841
2022-08-16,324.6222
2022-08-17,320.9195
2022-08-18,321.6913
2022-08-19,315.4193
2022-08-22,307.1151
2022-08-23,306.8611
2022-08-24,307.7502
2022-08-25,313.1918
2022-08-26,300.3547
2022-08-29,297.3945
2022-08-30,294.0826
2022-08-31,292.3729
2022-09-01,292.4999
2022-09-02,288.3674
2022-09-06,286.2963
2022-09-07,292.0798
2022-09-08,293.5941
2022-09-09,300.0127
2022-09-12,303.5786
2022-09-13,286.9313
2022-09-14,289.2076
2022-09-15,284.3912
2022-09-16,282.6523
2022-09-19,284.8533
2022-09-20,282.5828
2022-09-21,277.5228
2022-09-22,274.1071
2022-09-23,269.6442
2022-09-26,268.5284
2022-09-27,268.6361
2022-09-28,273.9799
2022-09-29,266.0816
2022-09-30,261.5698
2022-10-03,267.7064
2022-10-04,276.1233
2022-10-05,275.9764
2022-10-06,273.8037
2022-10-07,263.3706
2022-10-10,260.738
2022-10-11,257.1559
2022-10-12,257.0678
2022-10-13,263.0966
2022-10-14,255.1886
2022-10-17,263.6153
2022-10-18,265.7
2022-10-19,264.731
2022-10-20,263.3805
2022-10-21,269.5562
2022-10-24,272.5216
2022-10-25,278.1589
2022-10-26,272.0126
2022-10-27,267.0604
2022-10-28,275.2326
2022-10-31,272.0323
2022-11-01,269.2527
2022-11-02,260.0234
2022-11-03,254.944
2022-11-04,259.0448
2022-11-07,261.8928
2022-11-08,263.8014
2022-11-09,257.7138
2022-11-10,276.73
2022-11-11,281.8291
2022-11-14,279.3627
2022-11-15,283.2287
2022-11-16,279.3627
2022-11-17,278.7462
2022-11-18,278.756
2022-11-21,275.8883
2022-11-22,279.8619
2022-11-23,282.6708
2022-11-25,280.8113
2022-11-28,276.6909
2022-11-29,274.5964
2022-11-30,287.1142
2022-12-01,287.4666
2022-12-02,286.3214
2022-12-05,281.516
2022-12-06,275.6828
2022-12-07,274.5573
2022-12-08,277.8067
2022-12-09,276.0351
2022-12-12,279.4998
2022-12-13,282.5044
2022-12-14,280.41
2022-12-15,270.9948
2022-12-16,268.411
2022-12-19,264.6389
2022-12-20,264.4329
2022-12-21,268.2687
2022-12-22,261.7055
2022-12-23,262.2941
2022-12-27,258.5858
2022-12-28,255.1717
2022-12-29,261.3916
2022-12-30,261.2346
2023-01-03,259.4687
2023-01-04,260.7048
2023-01-05,256.6237
2023-01-06,263.7068
2023-01-09,265.4139
2023-01-10,267.6605
2023-01-11,272.2911
2023-01-12,273.7626
2023-01-13,275.6463
2023-01-17,276.2055
2023-01-18,272.6148
2023-01-19,269.9366
2023-01-20,277.3239
2023-01-23,283.4849
2023-01-24,282.906
2023-01-25,282.2782
2023-01-26,287.7819
2023-01-27,290.6466
2023-01-30,284.77
2023-01-31,289.0376
2023-02-01,295.2183
2023-02-02,305.8136
2023-02-03,300.3786
2023-02-06,297.8376
2023-02-07,304.0085
2023-02-08,298.6029
2023-02-09,295.9639
2023-02-10,294.0214
2023-02-13,298.7304
2023-02-14,300.9378
2023-02-15,303.2433
2023-02-16,297.5532
2023-02-17,295.4537
2023-02-21,288.4588
2023-02-22,288.6746
2023-02-23,291.196
2023-02-24,286.3201
2023-02-27,288.3705
2023-02-28,287.9977
2023-03-01,285.6824
2023-03-02,288.0468
2023-03-03,294.0017
2023-03-06,294.3354
2023-03-07,290.725
2023-03-08,292.177
2023-03-09,287.1148
2023-03-10,283.0826
2023-03-13,285.1821
2023-03-14,291.7356
2023-03-15,293.266
2023-03-16,300.9967
2023-03-17,299.5741
2023-03-20,300.6373
2023-03-21,304.9312
2023-03-22,300.7847
2023-03-23,304.3514
2023-03-24,305.4715
2023-03-27,303.3787
2023-03-28,301.7673
2023-03-29,307.2697
2023-03-30,310.178
2023-03-31,315.3365
2023-04-03,314.5702
2023-04-04,313.5089
2023-04-05,310.4139
2023-04-06,312.5067
2023-04-10,312.3299
2023-04-11,310.3254
2023-04-12,307.5841
2023-04-13,313.6072
2023-04-14,313.0177
2023-04-17,313.283
2023-04-18,313.3026
2023-04-19,313.1552
2023-04-20,310.7676
2023-04-21,311.0918
2023-04-24,310.4433
2023-04-25,304.5872
2023-04-26,306.4345
2023-04-27,314.7667
2023-04-28,316.9381
2023-05-01,316.5746
2023-05-02,313.8136
2023-05-03,311.76
2023-05-04,310.6595
2023-05-05,317.2624
2023-05-08,318.0485
2023-05-09,316.0342
2023-05-10,319.4732
2023-05-11,320.5146
2023-05-12,319.3651
2023-05-15,321.0944
2023-05-16,321.458
2023-05-17,325.349
2023-05-18,331.3917
2023-05-19,330.6451
2023-05-22,331.7554
2023-05-23,327.55
2023-05-24,325.8697
2023-05-25,333.799
2023-05-26,342.3278
2023-05-30,343.8803
2023-05-31,341.9248
2023-06-01,345.8748
2023-06-02,348.4689
2023-06-05,348.7146
2023-06-06,348.6555
2023-06-07,342.7405
2023-06-08,346.995
2023-06-09,348.3214
2023-06-12,354.2071
2023-06-13,356.9288
2023-06-14,359.5228
2023-06-15,363.8068
2023-06-16,361.5174
2023-06-20,360.9998
2023-06-21,356.0803
2023-06-22,360.2816
2023-06-23,356.71
2023-06-26,351.9282
2023-06-27,357.9792
2023-06-28,358.6778
2023-06-29,357.9596
2023-06-30,363.4793
2023-07-03,364.3354
2023-07-05,364.3255
2023-07-06,361.5509
2023-07-07,360.3505
2023-07-10,360.4685
2023-07-11,362.2495
2023-07-12,366.8247
2023-07-13,373.0529
2023-07-14,372.9742
2023-07-17,376.4572
2023-07-18,379.5369
2023-07-19,379.4484
2023-07-20,370.7013
2023-07-21,369.5895
2023-07-24,370.1798
2023-07-25,372.6888
2023-07-26,371.4491
2023-07-27,370.5636
2023-07-28,377.3133
2023-07-31,377.51
2023-08-01,376.6343
2023-08-02,368.3694
2023-08-03,367.7791
2023-08-04,366.0572
2023-08-07,369.1565
2023-08-08,366.0179
2023-08-09,361.9936
2023-08-10,362.6626
2023-08-11,360.3505
2023-08-14,364.3944
2023-08-15,360.5276
2023-08-16,356.71
2023-08-17,352.8136
2023-08-18,352.3708
2023-08-21,358.0481
2023-08-22,357.5365
2023-08-23,363.1743
2023-08-24,355.4112
2023-08-25,358.1662
2023-08-28,360.8621
2023-08-29,368.7433
2023-08-30,370.7997
2023-08-31,371.9115
2023-09-01,371.518
2023-09-05,371.9903
2023-09-06,368.7138
2023-09-07,366.0769
2023-09-08,366.5886
2023-09-11,370.9079
2023-09-12,366.7951
2023-09-13,368.1923
2023-09-14,371.2031
2023-09-15,364.847
2023-09-18,365.2274
2023-09-19,364.4489
2023-09-20,359.197
2023-09-21,352.6149
2023-09-22,352.6642
2023-09-25,354.3393
2023-09-26,349.0184
2023-09-27,349.8362
2023-09-28,352.7627
2023-09-29,353.0189
2023-10-02,355.9651
2023-10-03,349.718
2023-10-04,354.4773
2023-10-05,353.4327
2023-10-06,359.3547
2023-10-09,361.1874
2023-10-10,363.1876
2023-10-11,365.7792
2023-10-12,364.508
2023-10-13,359.9262
2023-10-16,363.9956
2023-10-17,362.8034
2023-10-18,358.0441
2023-10-19,354.694
2023-10-20,349.4027
2023-10-23,350.4571
2023-10-24,353.8663
2023-10-25,345.2052
2023-10-26,338.623
2023-10-27,340.2489
2023-10-30,344.0818
2023-10-31,345.7274
2023-11-01,351.7281
2023-11-02,358.1132
2023-11-03,362.3205
2023-11-06,363.7986
2023-11-07,367.2374
2023-11-08,367.4739
2023-11-09,364.646
2023-11-10,372.8441
2023-11-13,371.6813
2023-11-14,379.6823
2023-11-15,379.968
2023-11-16,380.2932
2023-11-17,380.382
2023-11-20,385.013
2023-11-21,382.7763
2023-11-22,384.343
2023-11-24,383.8011
2023-11-27,383.4661
2023-11-28,384.4711
2023-11-29,384.0966
2023-11-30,383.131
2023-12-01,384.2248
2023-12-04,380.6578
2023-12-05,381.6136
2023-12-06,379.4064
2023-12-07,384.7075
2023-12-08,386.4221
2023-12-11,389.7229
2023-12-12,392.8268
2023-12-13,397.8224
2023-12-14,397.4776
2023-12-15,399.399
2023-12-18,401.9147
2023-12-19,403.9683
2023-12-20,397.9655
2023-12-21,402.5959
2023-12-22,403.1982
2023-12-26,405.6664
2023-12-27,406.4923
2023-12-28,406.2947
2023-12-29,404.5364
2024-01-02,397.6908
2024-01-03,393.4826
2024-01-04,391.4576
2024-01-05,391.9218
2024-01-08,400.0221
2024-01-09,400.8123
2024-01-10,403.5288
2024-01-11,404.3685
2024-01-12,404.5759
2024-01-16,404.5364
2024-01-17,402.2545
2024-01-18,407.9642
2024-01-19,416.0545
2024-01-22,416.5978
2024-01-23,418.3266
2024-01-24,420.6479
2024-01-25,421.1617
2024-01-26,418.6525
2024-01-29,422.9397
2024-01-30,420.1244
2024-01-31,411.8958
2024-02-01,416.746
2024-02-02,423.7893
2024-02-05,423.2361
2024-02-06,422.3865
2024-02-07,426.733
2024-02-08,427.5233
2024-02-09,431.7314
2024-02-12,430.0422
2024-02-13,423.3348
2024-02-14,427.948
2024-02-15,429.2223
2024-02-16,425.3303
2024-02-20,422.1198
2024-02-21,420.4306
2024-02-22,432.739
2024-02-23,431.4647
2024-02-26,431.2375
2024-02-27,432.2747
2024-02-28,429.973
2024-02-29,433.6577
2024-03-01,440.1873
2024-03-04,438.6166
2024-03-05,430.7436
2024-03-06,433.4502
2024-03-07,440.0292
2024-03-08,433.6774
2024-03-11,432.0673
2024-03-12,438.261
2024-03-13,434.8925
2024-03-14,433.796
2024-03-15,428.6395
2024-03-18,432.7276
2024-03-19,433.8058
2024-03-20,438.9493
2024-03-21,441.0265
2024-03-22,441.5309
2024-03-25,439.9285
2024-03-26,438.5041
2024-03-27,439.9977
2024-03-28,439.1867
2024-04-01,440.1164
2024-04-02,436.3181
2024-04-03,437.2974
2024-04-04,430.6109
2024-04-05,435.6852
2024-04-08,435.8137
2024-04-09,437.426
2024-04-10,433.6079
2024-04-11,440.5319
2024-04-12,433.509
2024-04-15,426.3773
2024-04-16,426.417
2024-04-17,421.214
2024-04-18,418.8105
2024-04-19,410.1456
2024-04-22,414.2704
2024-04-23,420.4524
2024-04-24,421.8768
2024-04-25,419.8392
2024-04-26,426.318
2024-04-29,428.049
2024-04-30,419.9777
2024-05-01,416.9409
2024-05-02,422.2625
2024-05-03,430.7493
2024-05-06,435.4675
2024-05-07,435.5367
2024-05-08,435.2796
2024-05-09,436.2292
2024-05-10,437.2578
2024-05-13,438.2668
2024-05-14,441.0858
2024-05-15,447.9801
2024-05-16,447.0701
2024-05-17,446.8525
2024-05-20,449.9682
2024-05-21,450.8486
2024-05-22,450.7596
2024-05-23,448.7318
2024-05-24,452.9753
2024-05-28,454.6864
2024-05-29,451.4817
2024-05-30,446.6447
2024-05-31,445.8139
2024-06-03,448.2076
2024-06-04,449.4341
2024-06-05,458.4946
2024-06-06,458.3364
2024-06-07,457.9308
2024-06-10,459.7805
2024-06-11,462.9359
2024-06-12,468.9993
2024-06-13,471.5413
2024-06-14,473.9845
2024-06-17,479.7907
2024-06-18,479.9391
2024-06-20,476.2397
2024-06-21,474.9637
2024-06-24,469.5564
2024-06-25,474.9261
2024-06-26,475.9069
2024-06-27,477.1354
2024-06-28,474.6586
2024-07-01,477.4425
2024-07-02,482.4555
2024-07-03,486.4778
2024-07-05,491.5502
2024-07-08,492.7192
2024-07-09,493.1452
2024-07-10,498.287
2024-07-11,487.3595
2024-07-12,490.2227
2024-07-15,491.5403
2024-07-16,491.7285
2024-07-17,477.2939
2024-07-18,475.0351
2024-07-19,470.8246
2024-07-22,477.8388
2024-07-23,476.1545
2024-07-24,459.0748
2024-07-25,454.0122
2024-07-26,458.6685
2024-07-29,459.5899
2024-07-30,453.2791
2024-07-31,466.6933
2024-08-01,455.3893
2024-08-02,444.5807
2024-08-05,431.325
2024-08-06,435.4464
2024-08-07,430.7305
2024-08-08,443.907
2024-08-09,446.2253
2024-08-12,447.1862
2024-08-13,458.2822
2024-08-14,458.4308
2024-08-15,470.0122
2024-08-16,470.6165
2024-08-19,476.7986
2024-08-20,475.7979
2024-08-21,478.0171
2024-08-22,470.4382
2024-08-23,475.5403
2024-08-26,470.9236
2024-08-27,472.3304
2024-08-28,466.9707
2024-08-29,466.2871
2024-08-30,471.845
2024-09-03,457.5193
2024-09-04,456.3305
2024-09-05,456.7565
2024-09-06,444.5212
2024-09-09,450.2376
2024-09-10,454.3986
2024-09-11,464.2661
2024-09-12,468.8233
2024-09-13,470.9236
2024-09-16,468.8431
2024-09-17,469.0909
2024-09-18,467.0599
2024-09-19,478.8691
2024-09-20,477.9577
2024-09-23,479.2246
2024-09-24,481.5362
2024-09-25,481.9826
2024-09-26,485.6038
2024-09-27,482.9053
2024-09-30,484.2148
2024-10-01,477.4686
2024-10-02,478.1432
2024-10-03,477.786
2024-10-04,483.4708
2024-10-07,478.292
2024-10-08,485.4351
2024-10-09,489.2547
2024-10-10,488.6991
2024-10-11,489.463
2024-10-14,493.5704
2024-10-15,486.9729
2024-10-16,487.0324
2024-10-17,487.3697
2024-10-18,490.5643
2024-10-21,491.5068
2024-10-22,492.0425
2024-10-23,484.5026
2024-10-24,488.4313
2024-10-25,491.4076
2024-10-28,491.4869
2024-10-29,496.2093
2024-10-30,492.4592
2024-10-31,480.0282
2024-11-01,483.5799
2024-11-04,482.1712
2024-11-05,488.3221
2024-11-06,501.5865
2024-11-07,509.4836
2024-11-08,510.0789
2024-11-11,509.7814
2024-11-12,508.8586
2024-11-13,508.2039
2024-11-14,504.672
2024-11-15,492.6477
2024-11-18,496.0705
2024-11-19,499.4832
2024-11-20,499.1956
2024-11-21,500.9913
2024-11-22,501.7949
2024-11-25,502.5886
2024-11-26,505.2871
2024-11-27,501.3087
2024-11-29,505.7137
2024-12-02,511.2198
2024-12-03,512.7874
2024-12-04,519.127
2024-12-05,517.6883
2024-12-06,522.3215
2024-12-09,518.2539
2024-12-10,516.4879
2024-12-11,525.7343
2024-12-12,522.3414
2024-12-13,526.3395
2024-12-16,533.9191
2024-12-17,531.5678
2024-12-18,512.3906
2024-12-19,510.1086
2024-12-20,514.5632
2024-12-23,519.5765
2024-12-24,526.6218
2024-12-26,526.2641
2024-12-27,519.2684
2024-12-30,512.3621
2024-12-31,508.0098
2025-01-02,507.0161
2025-01-03,515.3135
2025-01-06,521.236
2025-01-07,511.9349
2025-01-08,512.0243
2025-01-10,503.9952
2025-01-13,502.3755
2025-01-14,501.8985
2025-01-15,513.4453
2025-01-16,509.8481
2025-01-17,518.4536
2025-01-21,521.4943
2025-01-22,528.162
2025-01-23,529.285
2025-01-24,526.2939
2025-01-27,510.971
2025-01-28,518.5231
2025-01-29,517.5493
2025-01-30,519.7553
2025-01-31,519.0001
2025-02-03,514.8465
2025-02-04,521.1663
2025-02-05,523.5314
2025-02-06,526.2641
2025-02-07,519.6261
2025-02-10,525.9163
2025-02-11,524.6642
2025-02-12,524.9722
2025-02-13,532.5244
2025-02-14,534.7602
2025-02-18,535.9725
2025-02-19,536.1216
2025-02-20,533.846
2025-02-21,522.7662
2025-02-24,516.5953
2025-02-25,510.0866
2025-02-26,511.3188
2025-02-27,497.1188
2025-02-28,504.9691
2025-03-03,493.9191
2025-03-04,492.4285
2025-03-05,498.8479
2025-03-06,485.1248
2025-03-07,488.6923
2025-03-10,469.7523
2025-03-11,468.6294
2025-03-12,473.9159
2025-03-13,465.39
2025-03-14,476.6386
2025-03-17,479.729
2025-03-18,471.5509
2025-03-19,477.8609
2025-03-20,476.2411
2025-03-21,477.8112
2025-03-24,488.2964
2025-03-25,491.0829
2025-03-26,482.0467
2025-03-27,479.3
2025-03-28,466.6811
2025-03-31,466.6612
2025-04-01,470.4229
2025-04-02,473.8563
2025-04-03,448.4891
2025-04-04,420.6339
2025-04-07,421.649
2025-04-08,414.0558
2025-04-09,463.7552
2025-04-10,444.0307
2025-04-11,452.2111
2025-04-14,455.2763
2025-04-15,455.7838
2025-04-16,442.0403
2025-04-17,441.9607
2025-04-21,431.0236
2025-04-22,442.3389
2025-04-23,452.3703
2025-04-24,465.0987
2025-04-25,470.2836
2025-04-28,470.1343
2025-04-29,473.2393
2025-04-30,473.1796
2025-05-01,479.3596
2025-05-02,486.4752
2025-05-05,483.5892
2025-05-06,479.091
2025-05-07,480.9719
2025-05-08,485.9379
2025-05-09,485.6194
2025-05-12,505.4037
2025-05-13,513.1064
2025-05-14,516.1815
2025-05-15,516.7488
2025-05-16,518.9978
2025-05-19,519.4955
2025-05-20,517.7639
2025-05-21,510.5686
2025-05-22,511.524
2025-05-23,506.7869
2025-05-27,518.7092
2025-05-28,516.4103
2025-05-29,517.4254
2025-05-30,516.6094
2025-06-02,520.6896
2025-06-03,524.7599
2025-06-04,526.2228
2025-06-05,522.262
2025-06-06,527.3673
2025-06-09,528.1436
2025-06-10,531.6367
2025-06-11,529.8453
2025-06-12,531.0894
2025-06-13,524.4216
2025-06-16,531.7162
2025-06-17,526.5314
2025-06-18,526.4418
2025-06-20,524.2922
2025-06-23,529.6832
2025-06-24,537.7831
2025-06-25,539.158
2025-06-26,544.1992
2025-06-27,546.0624
2025-06-30,549.5992
2025-07-01,544.9664
2025-07-02,548.7623
2025-07-03,554.1623
2025-07-07,549.9878
2025-07-08,550.2967
2025-07-09,554.1921
2025-07-10,553.3951
2025-07-11,552.1498
2025-07-14,554.1523
2025-07-15,554.6605
2025-07-16,555.2283
2025-07-17,559.7217
2025-07-18,559.1837
2025-07-21,562.0829
2025-07-22,559.1736
2025-07-23,561.7242
2025-07-24,562.9198
2025-07-25,564.2748
2025-07-28,566.0381
2025-07-29,565.1614
2025-07-30,565.9187
2025-07-31,562.9198
2025-08-01,551.8309
2025-08-04,562.0131
2025-08-05,558.1973
2025-08-06,565.2213
2025-08-07,567.1342
2025-08-08,572.4245
2025-08-11,570.7307
2025-08-12,577.9041
2025-08-13,578.1931
2025-08-14,577.7448
2025-08-15,575.2042
2025-08-18,574.975
2025-08-19,567.174
2025-08-20,563.8065
2025-08-21,561.1962
2025-08-22,569.854
2025-08-25,568.2101
2025-08-26,570.4916
2025-08-27,571.3684
2025-08-28,574.9451
2025-08-29,568.2899
2025-09-02,563.5275
2025-09-03,567.9611
2025-09-04,573.1019
2025-09-05,573.9289
2025-09-08,576.7285
2025-09-09,578.3624
2025-09-10,578.5517
2025-09-11,581.9193
2025-09-12,584.4897
2025-09-15,589.4911
2025-09-16,588.9929
2025-09-17,587.8174
2025-09-18,593.1177
2025-09-19,597.1327
2025-09-22,600.6677
2025-09-23,596.6779
2025-09-24,594.5833
2025-09-25,592.0198
2025-09-26,594.4536
2025-09-29,597.2065
2025-09-30,598.8424
2025-10-01,601.715
2025-10-02,604.1887
2025-10-03,601.6453
2025-10-06,606.1637
2025-10-07,602.9719
2025-10-08,609.8842
2025-10-09,609.1461
2025-10-10,588.0001
2025-10-13,600.4782
2025-10-14,596.4785
2025-10-15,600.6877
2025-10-16,598.4634
2025-10-17,602.3933
2025-10-20,609.9839
2025-10-21,609.8244
2025-10-22,603.9493
2025-10-23,609.0264
2025-10-24,615.5298
2025-10-27,626.4919
2025-10-28,631.3096
2025-10-29,634.1523
2025-10-30,624.457
2025-10-31,627.4694
2025-11-03,630.4717
2025-11-04,617.6743
2025-11-05,621.6942
2025-11-06,610.1136
2025-11-07,608.1885
2025-11-10,621.6442
2025-11-11,619.9885
2025-11-12,619.4997
2025-11-13,606.852
2025-11-14,607.3108
2025-11-17,602.124
2025-11-18,594.7927
2025-11-19,598.3436
2025-11-20,584.1797
2025-11-21,588.5686
2025-11-24,603.6202
2025-11-25,607.3408
2025-11-26,612.707
2025-11-28,617.6743
2025-12-01,615.5996
2025-12-02,620.4173
2025-12-03,621.9335
2025-12-04,621.355
2025-12-05,623.8885
2025-12-08,622.6915
2025-12-09,623.4595
2025-12-10,626.0131
2025-12-11,623.9883
2025-12-12,612.0587
2025-12-15,608.9865
2025-12-16,610.1934
2025-12-17,598.8823
2025-12-18,607.5601
2025-12-19,615.48
2025-12-22,618.4302
2025-12-23,621.3265
2025-12-24,623.1443
2025-12-26,623.1043
2025-12-29,620.0881
2025-12-30,618.6499
2025-12-31,613.5364
2026-01-02,612.3479
2026-01-05,617.2117
2026-01-06,622.6349
2026-01-07,623.2342
2026-01-08,619.6886
2026-01-09,625.8608
2026-01-12,626.3802
2026-01-13,625.4514
2026-01-14,618.7698
2026-01-15,620.997
2026-01-16,620.4777
2026-01-20,607.2943
2026-01-21,615.5039
2026-01-22,619.9783
2026-01-23,621.9358
2026-01-26,624.6724
2026-01-27,630.3352
2026-01-28,632.4225
2026-01-29,628.6373
2026-01-30,621.0869
2026-02-02,625.3515
2026-02-03,615.7436
2026-02-04,604.9872
2026-02-05,596.2782
2026-02-06,608.8823
2026-02-09,613.5464
2026-02-10,610.7
2026-02-11,612.3379
2026-02-12,599.8836
2026-02-13,601.162
2026-02-17,600.5427
2026-02-18,605.0271
2026-02-19,602.71
2026-02-20,608.0433
2026-02-23,600.6526
2026-02-24,607.1045
2026-02-25,615.9034
2026-02-26,608.4728
2026-02-27,606.5252
2026-03-02,607.3242
2026-03-03,600.8224
2026-03-04,609.9809
2026-03-05,608.1431
2026-03-06,598.9947
2026-03-09,606.9946
2026-03-10,607.0046
2026-03-11,606.9247
2026-03-12,596.5079
2026-03-13,592.9723
2026-03-16,599.6239
2026-03-17,602.5502
2026-03-18,594.1509
2026-03-19,592.2732
2026-03-20,581.327
2026-03-23,588
2026-03-24,583.98
2026-03-25,587.82
2026-03-26,573.79
2026-03-27,562.58
2026-03-30,558.28
2026-03-31,577.18
2026-04-01,584.31
2026-04-02,584.98
2026-04-06,588.5
2026-04-07,588.59
2026-04-08,606.09
2026-04-09,610.19
2026-04-10,611.07
2026-04-13,617.39
2026-04-14,628.6
2026-04-15,637.4
2026-04-16,640.47
2026-04-17,648.85
2026-04-20,646.79
2026-04-21,644.33
2026-04-22,655.11
2026-04-23,651.42
2026-04-24,663.88
2026-04-27,664.23
2026-04-28,657.55
2026-04-29,661.57
2026-04-30,667.74
2026-05-01,674.15
2026-05-04,672.88
2026-05-05,681.61
2026-05-06,695.77
2026-05-07,694.94
2026-05-08,711.23
2026-05-11,713.29
2026-05-12,707.24
2026-05-13,714.71
2026-05-14,719.79
2026-05-15,708.93
2026-05-18,705.88
2026-05-19,701.53
2026-05-20,713.15
2026-05-21,714.51
2026-05-22,717.54
2026-05-26,730.28
2026-05-27,729.45
2026-05-28,735.6
2026-05-29,738.31
2026-06-01,742.74
2026-06-02,746.16
2026-06-03,744.21
2026-06-04,740.61
2026-06-05,705.06
2026-06-08,716.07
2026-06-09,707.83
2026-06-10,693.69
2026-06-11,717.12
2026-06-12,721.34
2026-06-15,744
2026-06-16,729.0588
2026-06-17,721.7169
2026-06-18,739.807
2026-06-22,737.95
2026-06-23,713.65
2026-06-24,710.62
2026-06-25,716.38
2026-06-26,706.52
2026-06-29,724.08
2026-06-30,736.4
2026-07-01,725.17
2026-07-02,712.6
2026-07-06,722.82
2026-07-07,709.43
2026-07-08,711.44
2026-07-09,723.28
2026-07-10,725.51
2026-07-13,711.74
2026-07-14,719.69
2026-07-15,717.74
2026-07-16,705.94
2026-07-17,695.33
2026-07-20,696.06
2026-07-21,708.97
2026-07-22,705.35
2026-07-23,691.96
2026-07-24,684.23
2026-07-27,682.12
2026-07-28,675.49
2026-07-29,661.73
2026-07-30,683.55
2026-07-31,687.99
2026-08-03,700.07
2026-08-04,723.85
2026-08-05,717.3
2026-08-06,714.65
2026-08-07,723.03
2026-08-10,720.87
2026-08-11,718.45
2026-08-12,723.7
2026-08-13,732.07
2026-08-14,731.07
2026-08-17,729.87
2026-08-18,717.51
2026-08-19,716.08
2026-08-20,710.93
2026-08-21,713.44
2026-08-24,706.32
2026-08-25,710.72
2026-08-26,711.37
2026-08-27,721.11
2026-08-28,716.43
2026-08-31,716.76
2026-09-01,707.64
2026-09-02,709.24
2026-09-03,717.67
2026-09-04,718.96
2026-09-08,718.36
2026-09-09,716.31
2026-09-10,708.69
2026-09-11,714.88
2026-09-14,709.18
2026-09-15,704.54
2026-09-16,704.72
2026-09-17,716.92
2026-09-18,721.45
2026-09-21,741.47
2026-09-22,747.46
2026-09-23,741.21
2026-09-24,741.1
2026-09-25,744.5
2026-09-28,736.53
2026-09-29,737.93
2026-09-30,739.77
2026-10-01,742.03
2026-10-02,749.58
