Date,Close,Adj Close
2016-01-04,26.337497522239687,23.7091
2016-01-05,25.677535428446053,23.115
2016-01-06,25.174982236673227,22.6626
2016-01-07,24.112444376525758,21.7061
2016-01-08,24.239971136949105,21.8209
2016-01-11,24.632549160761037,22.1743
2016-01-12,24.990023999648077,22.4961
2016-01-13,24.347502412288648,21.9177
2016-01-14,24.879937745658935,22.397
2016-01-15,24.2825170857663,21.8592
2016-01-19,24.164988067884856,21.7534
2016-01-20,24.19753627416015,21.7827
2016-01-21,24.075008385007756,21.6724
2016-01-22,25.355052688455665,22.8247
2016-01-25,24.86005334660338,22.3791
2016-01-26,24.99746676354038,22.5028
2016-01-27,23.355059835962727,21.0243
2016-01-28,23.522466480525427,21.175
2016-01-29,24.334949691097155,21.9064
2016-02-01,24.107556591283053,21.7017
2016-02-02,23.620000013323068,21.2628
2016-02-03,24.08745002017101,21.6836
2016-02-04,24.15002798409378,21.8579
2016-02-05,23.505007815774135,21.2741
2016-02-08,23.75249756860661,21.4981
2016-02-09,23.747525676250604,21.4936
2016-02-10,23.567543172963056,21.3307
2016-02-11,23.42501559209078,21.2017
2016-02-12,23.49749473399172,21.2673
2016-02-16,24.1599717688058,21.8669
2016-02-17,24.52999104658971,22.2018
2016-02-18,24.06495338155761,21.7809
2016-02-19,24.01004159264791,21.7312
2016-02-22,24.21996593656831,21.9212
2016-02-23,23.672505344923255,21.4257
2016-02-24,24.024957269715937,21.7447
2016-02-25,24.190024095935456,21.8941
2016-02-26,24.227479018350728,21.928
2016-02-29,24.17245674294422,21.8782
2016-03-01,25.132473913641274,22.7471
2016-03-02,25.18749618904778,22.7969
2016-03-03,25.374991774117742,22.9666
2016-03-04,25.75252413368407,23.3083
2016-03-07,25.467468971939518,23.0503
2016-03-08,25.25754462801911,22.8603
2016-03-09,25.27997338686956,22.8806
2016-03-10,25.29245836100798,22.8919
2016-03-11,25.56502854861411,23.1386
2016-03-14,25.62999460873263,23.1974
2016-03-15,26.144972170318425,23.6635
2016-03-16,26.492452202755096,23.978
2016-03-17,26.450025387983814,23.9396
2016-03-18,26.479967228616673,23.9667
2016-03-21,26.477536525687068,23.9645
2016-03-22,26.679947787825057,24.1477
2016-03-23,26.53244831459677,24.0142
2016-03-24,26.41754235792455,23.9102
2016-03-28,26.29744353590272,23.8015
2016-03-29,26.92003494537192,24.365
2016-03-30,27.39004450276003,24.7904
2016-03-31,27.24751692188775,24.6614
2016-04-01,27.497547864146632,24.8877
2016-04-04,27.77995134996798,25.1433
2016-04-05,27.45246937345215,24.8469
2016-04-06,27.7399552381263,25.1071
2016-04-07,27.135041668145135,24.5596
2016-04-08,27.164983508777993,24.5867
2016-04-11,27.255030003670164,24.6682
2016-04-12,27.610023117889252,24.9895
2016-04-13,28.009984236306025,25.3515
2016-04-14,28.025010399870855,25.3651
2016-04-15,27.46252364466097,24.856
2016-04-18,26.869984562321424,24.3197
2016-04-19,26.727456981449148,24.1907
2016-04-20,26.782479256855655,24.2405
2016-04-21,26.492452202755096,23.978
2016-04-22,26.419973060854158,23.9124
2016-04-25,26.27004288469627,23.7767
2016-04-26,26.087519191982313,23.6115
2016-04-27,24.454970715262366,22.1339
2016-04-28,23.707529564408926,21.4574
2016-04-29,23.434959376802798,21.2107
2016-05-02,23.40998942852595,21.1881
2016-05-03,23.795034869874694,21.5366
2016-05-04,23.547545117042215,21.3126
2016-05-05,23.310052652367602,21.2261
2016-05-06,23.180028284535535,21.1077
2016-05-09,23.19748932717514,21.1236
2016-05-10,23.35496816456635,21.267
2016-05-11,23.12753533873846,21.0599
2016-05-12,22.585035020249922,20.5659
2016-05-13,22.62995053244867,20.6068
2016-05-16,23.469947483080016,21.3717
2016-05-17,23.3725390250842,21.283
2016-05-18,23.63994555859019,21.5265
2016-05-19,23.550004716314458,21.4446
2016-05-20,23.80500182957972,21.6768
2016-05-23,24.107550084121407,21.9523
2016-05-24,24.47500070470089,22.2869
2016-05-25,24.905047515875204,22.6785
2016-05-26,25.102500060944514,22.8583
2016-05-27,25.08745501162611,22.8446
2016-05-31,24.96500807739236,22.7331
2016-06-01,24.615018499452486,22.4144
2016-06-02,24.429975374623904,22.2459
2016-06-03,24.48005232709977,22.2915
2016-06-06,24.657518018330027,22.4531
2016-06-07,24.757452287525286,22.5441
2016-06-08,24.73504944036503,22.5237
2016-06-09,24.912515131595292,22.6853
2016-06-10,24.707485152927656,22.4986
2016-06-13,24.334982909949293,22.1594
2016-06-14,24.36496319070787,22.1867
2016-06-15,24.285015775351663,22.1139
2016-06-16,24.387475855746363,22.2072
2016-06-17,23.832456299138855,21.7018
2016-06-20,23.77502154882114,21.6495
2016-06-21,23.977525716289332,21.8339
2016-06-22,23.887475056135365,21.7519
2016-06-23,24.02496703968752,21.8771
2016-06-24,23.350026360045707,21.2625
2016-06-27,23.01003020902536,20.9529
2016-06-28,23.397467683443896,21.3057
2016-06-29,23.599971850912087,21.4901
2016-06-30,23.89999429425433,21.7633
2016-07-01,23.97247409389045,21.8293
2016-07-05,23.74745726138377,21.6244
2016-07-06,23.88253325161472,21.7474
2016-07-07,23.984993332009417,21.8407
2016-07-08,24.170036456837998,22.0092
2016-07-11,24.245042067673563,22.0775
2016-07-12,24.354969763788347,22.1776
2016-07-13,24.217477780236187,22.0524
2016-07-14,24.69749172600813,22.4895
2016-07-15,24.694965914808694,22.4872
2016-07-18,24.957540461672274,22.7263
2016-07-19,24.9675338885918,22.7354
2016-07-20,24.990046553630293,22.7559
2016-07-21,24.85749637459878,22.6352
2016-07-22,24.664985634050115,22.4599
2016-07-25,24.334982909949293,22.1594
2016-07-26,24.16751064563856,22.0069
2016-07-27,25.737467032908228,23.4365
2016-07-28,26.085040617526897,23.753
2016-07-29,26.05253452556888,23.7234
2016-08-01,26.512451799623534,24.1422
2016-08-02,26.11996270280612,23.7848
2016-08-03,26.44754943358574,24.0831
2016-08-04,26.467468758787817,24.2318
2016-08-05,26.869967221040447,24.6003
2016-08-08,27.092460943593665,24.804
2016-08-09,27.20245170383475,24.9047
2016-08-10,27.000055597849915,24.7194
2016-08-11,26.98247018335258,24.7033
2016-08-12,27.044947556597766,24.7605
2016-08-15,27.370004659355928,25.0581
2016-08-16,27.344991864822454,25.0352
2016-08-17,27.305015084039695,24.9986
2016-08-18,27.269953481222032,24.9665
2016-08-19,27.33996746068036,25.0306
2016-08-22,27.127522546411328,24.8361
2016-08-23,27.212500512118943,24.9139
2016-08-24,27.007482977886053,24.7262
2016-08-25,26.892467813502872,24.6209
2016-08-26,26.73496366626589,24.4767
2016-08-29,26.70503569376732,24.4493
2016-08-30,26.500018159534434,24.2616
2016-08-31,26.52503095406791,24.2845
2016-09-01,26.682535101304893,24.4287
2016-09-02,26.932553820462633,24.6576
2016-09-06,26.925017214249493,24.6507
2016-09-07,27.08994874152262,24.8017
2016-09-08,26.37997859100916,24.1517
2016-09-09,25.78251140280783,23.6047
2016-09-12,26.35999020061778,24.1334
2016-09-13,26.987494587494673,24.7079
2016-09-14,27.942459053023782,25.5822
2016-09-15,28.892508340587796,26.452
2016-09-16,28.729979789208713,26.3032
2016-09-19,28.394983104343364,25.9965
2016-09-20,28.392470902272315,25.9942
2016-09-21,28.38755572430722,25.9897
2016-09-22,28.655050631785294,26.2346
2016-09-23,28.177513785932238,25.7974
2016-09-26,28.220002768786046,25.8363
2016-09-27,28.27254055992404,25.8844
2016-09-28,28.487497676264116,26.0812
2016-09-29,28.045022433228727,25.6761
2016-09-30,28.26249175163985,25.8752
2016-10-03,28.13000039893634,25.7539
2016-10-04,28.250039967461614,25.8638
2016-10-05,28.26249175163985,25.8752
2016-10-06,28.47253369001483,26.0675
2016-10-07,28.51502267286864,26.1064
2016-10-10,29.01254790911307,26.5619
2016-10-11,29.075025282358254,26.6191
2016-10-12,29.33498358362318,26.8571
2016-10-13,29.244981213773478,26.7747
2016-10-14,29.40750976515256,26.9235
2016-10-17,29.38752137476118,26.9052
2016-10-18,29.367532984369802,26.8869
2016-10-19,29.28004281659114,26.8068
2016-10-20,29.264969604164854,26.793
2016-10-21,29.149954439781673,26.6877
2016-10-24,29.412534169294656,26.9281
2016-10-25,29.562501710318497,27.0654
2016-10-26,28.89753274472989,26.4566
2016-10-27,28.619989028967627,26.2025
2016-10-28,28.430044707161027,26.0286
2016-10-31,28.385043522236174,25.9874
2016-11-01,27.872554299742458,25.5182
2016-11-02,27.89745786809893,25.541
2016-11-03,27.457532866395834,25.2673
2016-11-04,27.20998659168643,25.0395
2016-11-07,27.602496312604064,25.4007
2016-11-08,27.764955347147772,25.5502
2016-11-09,27.719966691427977,25.5088
2016-11-10,26.947552766654287,24.798
2016-11-11,27.107512431435783,24.9452
2016-11-14,26.427466519613372,24.3194
2016-11-15,26.77748695457342,24.6415
2016-11-16,27.497522782591208,25.3041
2016-11-17,27.487525303542363,25.2949
2016-11-18,27.515018370926686,25.3202
2016-11-21,27.932521789466428,25.7044
2016-11-22,27.950017377801906,25.7205
2016-11-23,27.807553301355888,25.5894
2016-11-25,27.947518008039694,25.7182
2016-11-28,27.892531873271057,25.6676
2016-11-29,27.865038805886734,25.6423
2016-11-30,27.629989379988384,25.426
2016-12-01,27.372554294480665,25.1891
2016-12-02,27.475028454731312,25.2834
2016-12-05,27.277469575266124,25.1016
2016-12-06,27.487525303542363,25.2949
2016-12-07,27.757457237861136,25.5433
2016-12-08,28.029997210192654,25.7941
2016-12-09,28.48749054492777,26.2151
2016-12-12,28.325031510384065,26.0656
2016-12-13,28.797521063692447,26.5004
2016-12-14,28.797521063692447,26.5004
2016-12-15,28.95498135871173,26.6453
2016-12-16,28.992471905144896,26.6798
2016-12-19,29.16003834746355,26.834
2016-12-20,29.23751881009209,26.9053
2016-12-21,29.265011877476407,26.9306
2016-12-22,29.07245173753564,26.7534
2016-12-23,29.130045910317023,26.8064
2016-12-27,29.314999272720627,26.9766
2016-12-28,29.190030784610084,26.8616
2016-12-29,29.18253267532345,26.8547
2016-12-30,28.95498135871173,26.6453
2017-01-03,29.03746056086469,26.7212
2017-01-04,29.004968753955946,26.6913
2017-01-05,29.152540238176922,26.8271
2017-01-06,29.47745830726433,27.1261
2017-01-09,29.747498909833638,27.3746
2017-01-10,29.777491346980167,27.4022
2017-01-11,29.93745101176166,27.5494
2017-01-12,29.81248252365112,27.4344
2017-01-13,29.75999575864469,27.3861
2017-01-17,30.000043924067462,27.607
2017-01-18,29.997544554305254,27.6047
2017-01-19,29.944949121048293,27.5563
2017-01-20,30.000043924067462,27.607
2017-01-23,30.02003888216515,27.6254
2017-01-24,29.992545814780833,27.6001
2017-01-25,30.470034107613635,28.0395
2017-01-26,30.4850303261869,28.0533
2017-01-27,30.48752969594911,28.0556
2017-01-30,30.407549863558362,27.982
2017-01-31,30.33745884196593,27.9175
2017-02-01,32.18753580725462,29.62
2017-02-02,32.13254967248598,29.5694
2017-02-03,32.27001500940758,29.6959
2017-02-06,32.57254741888562,29.9743
2017-02-07,32.88246926939977,30.2595
2017-02-08,33.010045795523055,30.3769
2017-02-09,33.10504291676048,30.5964
2017-02-10,33.02995271077471,30.527
2017-02-13,33.32252319634465,30.7974
2017-02-14,33.75499517519932,31.1971
2017-02-15,33.87747660628851,31.3103
2017-02-16,33.837551122126044,31.2734
2017-02-17,33.92995319116329,31.3588
2017-02-21,34.17502425248575,31.5853
2017-02-22,34.27748884192167,31.68
2017-02-23,34.13250198886556,31.546
2017-02-24,34.16496173208708,31.576
2017-02-27,34.232477997987836,31.6384
2017-02-28,34.247517679013804,31.6523
2017-03-01,34.94745794201377,32.2992
2017-03-02,34.74004018282828,32.1075
2017-03-03,34.944969361700124,32.2969
2017-03-06,34.835039031323255,32.1953
2017-03-07,34.88004987525709,32.2369
2017-03-08,34.749994504082885,32.1167
2017-03-09,34.67003533661388,32.0428
2017-03-10,34.78505102676212,32.1491
2017-03-13,34.799982508644014,32.1629
2017-03-14,34.74750592376923,32.1144
2017-03-15,35.1149502170368,32.454
2017-03-16,35.17251216168295,32.5072
2017-03-17,34.997554145718986,32.3455
2017-03-20,35.36499843898655,32.6851
2017-03-21,34.96000904272609,32.3108
2017-03-22,35.35504411773195,32.6759
2017-03-23,35.22996590718504,32.5603
2017-03-24,35.15996106097064,32.4956
2017-03-27,35.22001158593044,32.5511
2017-03-28,35.95003121098235,33.2258
2017-03-29,36.02999037845136,33.2997
2017-03-30,35.982490954203875,33.2558
2017-03-31,35.91497468830311,33.1934
2017-04-03,35.92503720870179,33.2027
2017-04-04,36.19250549284708,33.4499
2017-04-05,36.004996376170794,33.2766
2017-04-06,35.91497468830311,33.1934
2017-04-07,35.83501552083412,33.1195
2017-04-10,35.79249325721393,33.0802
2017-04-11,35.40752070260674,32.7244
2017-04-12,35.450042966226924,32.7637
2017-04-13,35.262533849550636,32.5904
2017-04-17,35.457508707167875,32.7706
2017-04-18,35.29997075339944,32.625
2017-04-19,35.17002358136931,32.5049
2017-04-20,35.60996130116493,32.9115
2017-04-21,35.56754723668882,32.8723
2017-04-24,35.90999752767582,33.1888
2017-04-25,36.13245496788728,33.3944
2017-04-26,35.91995184893042,33.198
2017-04-27,35.94754263066871,33.2235
2017-04-28,35.912486107989466,33.1911
2017-05-01,36.64499431335503,33.8681
2017-05-02,36.877514273965154,34.083
2017-05-03,36.76498716413057,33.979
2017-05-04,36.632443212642706,33.8565
2017-05-05,37.23998140660543,34.418
2017-05-08,38.25250899682861,35.3538
2017-05-09,38.497471859006986,35.5802
2017-05-10,38.31493990295799,35.4115
2017-05-11,38.4874915483917,35.7178
2017-05-12,39.02497036243786,36.2166
2017-05-15,38.924974304010675,36.1238
2017-05-16,38.86754122303902,36.0705
2017-05-17,37.56252800794018,34.8594
2017-05-18,38.13502699331052,35.3907
2017-05-19,38.26497876751654,35.5113
2017-05-22,38.49751270510909,35.7271
2017-05-23,38.44999302648151,35.683
2017-05-24,38.3350191101649,35.5763
2017-05-25,38.467449234956945,35.6992
2017-05-26,38.40247334785393,35.6389
2017-05-30,38.41755896011666,35.6529
2017-05-31,38.18998172369614,35.4417
2017-06-01,38.29504223766868,35.5392
2017-06-02,38.862476767493675,36.0658
2017-06-05,38.48253484721967,35.7132
2017-06-06,38.61248662142569,35.8338
2017-06-07,38.84254220843222,36.0473
2017-06-08,38.74750285117707,35.9591
2017-06-09,37.24497586980986,34.5647
2017-06-12,36.35503250068252,33.7388
2017-06-13,36.64747786983273,34.0102
2017-06-14,36.289948859206206,33.6784
2017-06-15,36.07250053387638,33.4766
2017-06-16,35.567455786195076,33.0079
2017-06-19,36.584980333315734,33.9522
2017-06-20,36.252450337296004,33.6436
2017-06-21,36.46752806641311,33.8432
2017-06-22,36.40750888048213,33.7875
2017-06-23,36.57000247542632,33.9383
2017-06-26,36.455028559109714,33.8316
2017-06-27,35.93252760295297,33.3467
2017-06-28,36.45750690969573,33.8339
2017-06-29,35.92002809564957,33.3351
2017-06-30,36.00504629618735,33.414
2017-07-03,35.874986767608014,33.2933
2017-07-05,36.02250250466278,33.4302
2017-07-06,35.682537456884994,33.1147
2017-07-07,36.04502316868356,33.4511
2017-07-10,36.2649498445994,33.6552
2017-07-11,36.382509865875335,33.7643
2017-07-12,36.43498624567495,33.813
2017-07-13,36.94250934394227,34.284
2017-07-14,37.25995372769928,34.5786
2017-07-17,37.390013256278614,34.6993
2017-07-18,37.51996503048464,34.8199
2017-07-19,37.7549773186632,35.038
2017-07-20,37.58504867196096,34.8803
2017-07-21,37.567484709112215,34.864
2017-07-24,38.02253142757992,35.2863
2017-07-25,38.185025022524115,35.4371
2017-07-26,38.36497482594374,35.6041
2017-07-27,37.64000340234659,34.9313
2017-07-28,37.3750353983892,34.6854
2017-07-31,37.18247833329287,34.5067
2017-08-01,37.51252997872659,34.813
2017-08-02,39.28498166522322,36.4579
2017-08-03,38.89254023764581,36.0937
2017-08-04,39.09748905567224,36.2839
2017-08-07,39.702529861780725,36.8454
2017-08-08,40.01997424553774,37.14
2017-08-09,40.265007690433684,37.3674
2017-08-10,38.83003171797763,36.1772
2017-08-11,39.37002345192373,36.6803
2017-08-14,39.96250096561533,37.2323
2017-08-15,40.39998979637745,37.6399
2017-08-16,40.23748781164392,37.4885
2017-08-17,39.46501305330363,36.7688
2017-08-18,39.37506809742074,36.685
2017-08-21,39.302511068570105,36.6174
2017-08-22,39.945005705700154,37.216
2017-08-23,39.99502282913861,37.2626
2017-08-24,39.81749424079696,37.0972
2017-08-25,39.96496962192237,37.2346
2017-08-28,40.36746793285416,37.6096
2017-08-29,40.72746242215156,37.945
2017-08-30,40.83747862713958,38.0475
2017-08-31,40.99998061187311,38.1989
2017-09-01,41.01253855917418,38.2106
2017-09-05,40.51998795947658,37.7517
2017-09-06,40.47748413784218,37.7121
2017-09-07,40.31498215310865,37.5607
2017-09-08,39.65746091237048,36.9481
2017-09-11,40.37498123465822,37.6166
2017-09-12,40.21494790623174,37.4675
2017-09-13,39.91248384217686,37.1857
2017-09-14,39.569984612794634,36.8666
2017-09-15,39.97001426741938,37.2393
2017-09-18,39.667442870481594,36.9574
2017-09-19,39.682469474089714,36.9714
2017-09-20,39.01754226443039,36.3519
2017-09-21,38.34746307639115,35.7276
2017-09-22,37.97244198348563,35.3782
2017-09-25,37.637456055907464,35.0661
2017-09-26,38.284995338534536,35.6694
2017-09-27,38.55751352825608,35.9233
2017-09-28,38.319985858364866,35.702
2017-09-29,38.530036310229804,35.8977
2017-10-02,38.45254196876507,35.8255
2017-10-03,38.619981266112696,35.9815
2017-10-04,38.37000298180333,35.7486
2017-10-05,38.847526977892805,36.1935
2017-10-06,38.824987072480624,36.1725
2017-10-09,38.96001183918787,36.2983
2017-10-10,38.97503844279599,36.3123
2017-10-11,39.13754042752952,36.4637
2017-10-12,39.000047004515224,36.3356
2017-10-13,39.24744929963463,36.5661
2017-10-16,39.97001426741938,37.2393
2017-10-17,40.11748964854479,37.3767
2017-10-18,39.94006839308606,37.2114
2017-10-19,38.99500235901821,36.3309
2017-10-20,39.06251474237184,36.3938
2017-10-23,39.04244349326671,36.3751
2017-10-24,39.27503385054382,36.5918
2017-10-25,39.102549907699185,36.4311
2017-10-26,39.352528192008556,36.664
2017-10-27,40.7624529419819,37.9776
2017-10-30,41.68004175802347,38.8325
2017-10-31,42.259961324413986,39.3728
2017-11-01,41.72254557965786,38.8721
2017-11-02,42.02747830001979,39.1562
2017-11-03,43.124957027827136,40.1787
2017-11-06,43.56255319147218,40.5864
2017-11-07,43.70251527079353,40.7168
2017-11-08,44.06004110378388,41.0499
2017-11-09,43.96998881501807,40.966
2017-11-10,43.667466760550546,40.8304
2017-11-13,43.492499149113335,40.6668
2017-11-14,42.83498027679304,40.052
2017-11-15,42.269971785825554,39.5237
2017-11-16,42.7749822144359,39.9959
2017-11-17,42.53744977861558,39.7738
2017-11-20,42.49499125676926,39.7341
2017-11-21,43.28501921868045,40.4728
2017-11-22,43.73997778778431,40.8982
2017-11-24,43.74254454981028,40.9006
2017-11-27,43.522551654500774,40.6949
2017-11-28,43.267479678169636,40.4564
2017-11-29,42.36996855642078,39.6172
2017-11-30,42.96246279074974,40.1712
2017-12-01,42.76246924955928,39.9842
2017-12-04,42.44996597289697,39.692
2017-12-05,42.40996726465888,39.6546
2017-12-06,42.25253919373248,39.5074
2017-12-07,42.32996984818269,39.5798
2017-12-08,42.34248281305932,39.5915
2017-12-11,43.1674829075744,40.3629
2017-12-12,42.92503084453762,40.1362
2017-12-13,43.06748613697917,40.2694
2017-12-14,43.05497317210255,40.2577
2017-12-15,43.492499149113335,40.6668
2017-12-18,44.10499273756134,41.2395
2017-12-19,43.63495444155488,40.8
2017-12-20,43.587469344074364,40.7556
2017-12-21,43.75249075266093,40.9099
2017-12-22,43.75249075266093,40.9099
2017-12-26,42.642473124845004,39.872
2017-12-27,42.65006646250518,39.8791
2017-12-28,42.769955638801704,39.9912
2017-12-29,42.30751068045542,39.5588
2018-01-02,43.065026323370944,40.2671
2018-01-03,43.05753993412852,40.2601
2018-01-04,43.25753347531898,40.4471
2018-01-05,43.750030939052714,40.9076
2018-01-08,43.587469344074364,40.7556
2018-01-09,43.58254971685791,40.751
2018-01-10,43.57249656558952,40.7416
2018-01-11,43.819975204260494,40.973
2018-01-12,44.27247395975613,41.3961
2018-01-16,44.04745448881242,41.1857
2018-01-17,44.775024574758255,41.866
2018-01-18,44.81502328299634,41.9034
2018-01-19,44.615029741805884,41.7164
2018-01-22,44.250014792028864,41.3751
2018-01-23,44.259960994879506,41.3844
2018-01-24,43.5549570250787,40.7252
2018-01-25,42.77744202804413,39.9982
2018-01-26,42.877545747057106,40.0918
2018-01-29,41.989980828158906,39.2619
2018-01-30,41.742502189487944,39.0305
2018-01-31,41.85747173856801,39.138
2018-02-01,41.94495554428662,39.2198
2018-02-02,40.125014319453435,37.5181
2018-02-05,39.12247985147516,36.5807
2018-02-06,40.75750726202048,38.1095
2018-02-07,39.88502207002489,37.2937
2018-02-08,38.78751740708558,36.2675
2018-02-09,39.10251415270585,36.7111
2018-02-12,40.6775388094883,38.1898
2018-02-13,41.084955412733905,38.5723
2018-02-14,41.84248400940914,39.2835
2018-02-15,43.247512091347154,40.6026
2018-02-16,43.10744599114637,40.4711
2018-02-20,42.96248024029219,40.335
2018-02-21,42.767452841457484,40.1519
2018-02-22,43.12502082501187,40.4876
2018-02-23,43.874986917417715,41.1917
2018-02-26,44.74254462550543,42.0062
2018-02-27,44.5974723605066,41.87
2018-02-28,44.53004890694987,41.8067
2018-03-01,43.75004582575573,41.0744
2018-03-02,44.052545996531556,41.3584
2018-03-05,44.2049677375105,41.5015
2018-03-06,44.167474758597436,41.4663
2018-03-07,43.75750181588049,41.0814
2018-03-08,44.235004726298804,41.5297
2018-03-09,44.994983148300754,42.2432
2018-03-12,45.42998691500796,42.6516
2018-03-13,44.99253332297405,42.2409
2018-03-14,44.61004102957404,41.8818
2018-03-15,44.662445988736614,41.931
2018-03-16,44.50501808295962,41.7832
2018-03-19,43.82503178358184,41.1448
2018-03-20,43.810013289187694,41.1307
2018-03-21,42.817514489438,40.1989
2018-03-22,42.21251414788634,39.6309
2018-03-23,41.23503384253079,38.7132
2018-03-26,43.192444278568594,40.5509
2018-03-27,42.08501671675301,39.5112
2018-03-28,41.61997596125749,39.0746
2018-03-29,41.94495061655223,39.3797
2018-04-02,41.670037609238,39.1216
2018-04-03,42.09747887167581,39.5229
2018-04-04,42.90251277686021,40.2787
2018-04-05,43.20000678283799,40.558
2018-04-06,42.09502904634911,39.5206
2018-04-09,42.51245797919082,39.9125
2018-04-10,43.312485719577175,40.6636
2018-04-11,43.11000233061772,40.4735
2018-04-12,43.53499376772883,40.8725
2018-04-13,43.682515858054366,41.011
2018-04-16,43.95497904004189,41.2668
2018-04-17,44.55997938159354,41.8348
2018-04-18,44.45996259977717,41.7409
2018-04-19,43.20000678283799,40.558
2018-04-20,41.429954727220846,38.8962
2018-04-23,41.31001980035691,38.7836
2018-04-24,40.73494993344892,38.2437
2018-04-25,40.91250901256276,38.4104
2018-04-26,41.05502493809024,38.5442
2018-04-27,40.579971852998625,38.0982
2018-04-30,41.31502596515496,38.7883
2018-05-01,42.27503795078965,39.6896
2018-05-02,44.14255044875183,41.4429
2018-05-03,44.222542571375996,41.518
2018-05-04,45.95755147340679,43.1469
2018-05-07,46.28998211882628,43.459
2018-05-08,46.51249016697794,43.6679
2018-05-09,46.84002116174402,43.9754
2018-05-10,47.509995131525685,44.6044
2018-05-11,47.14754106478997,44.4348
2018-05-14,47.03751018790026,44.3311
2018-05-15,46.610013174410746,43.9282
2018-05-16,47.04504364234498,44.3382
2018-05-17,46.74752524427484,44.0578
2018-05-18,46.57754504680395,43.8976
2018-05-21,46.907531572480885,44.2086
2018-05-22,46.78996724114647,44.0978
2018-05-23,47.09003215902891,44.3806
2018-05-24,47.03751018790026,44.3311
2018-05-25,47.14499454497767,44.4324
2018-05-29,46.97501434750678,44.2722
2018-05-30,46.87495733988191,44.1779
2018-05-31,46.717497531488156,44.0295
2018-06-01,47.55997116939006,44.8235
2018-06-04,47.95754657508507,45.1982
2018-06-05,48.32753468281352,45.5469
2018-06-06,48.494968360472114,45.7047
2018-06-07,48.36498974505274,45.5822
2018-06-08,47.924972342486086,45.1675
2018-06-11,47.80751411614385,45.0568
2018-06-12,48.07001786679489,45.3042
2018-06-13,47.674988980912175,44.9319
2018-06-14,47.70002975906644,44.9555
2018-06-15,47.21003690518344,44.4937
2018-06-18,47.18499612702919,44.4701
2018-06-19,46.422525653230316,43.7515
2018-06-20,46.624973978308,43.9423
2018-06-21,46.36501674746925,43.6973
2018-06-22,46.22994509242528,43.57
2018-06-25,45.542490848097025,42.9221
2018-06-26,46.107499931450626,43.4546
2018-06-27,46.040017156424724,43.391
2018-06-28,46.37499061673408,43.7067
2018-06-29,46.27748012892151,43.6148
2018-07-02,46.79506028077107,44.1026
2018-07-03,45.97996173085137,43.3344
2018-07-05,46.349949838579825,43.6831
2018-07-06,46.99252167121633,44.2887
2018-07-09,47.64496126812549,44.9036
2018-07-10,47.58745236236444,44.8494
2018-07-11,46.970027412874366,44.2675
2018-07-12,47.75753866482751,45.0097
2018-07-13,47.832448789305936,45.0803
2018-07-16,47.727510952040824,44.9814
2018-07-17,47.86247650209261,45.1086
2018-07-18,47.59997275144156,44.8612
2018-07-19,47.969960859170016,45.2099
2018-07-20,47.86003608727249,45.1063
2018-07-23,47.90247808414412,45.1463
2018-07-24,48.24997193353061,45.4738
2018-07-25,48.70505624498669,45.9027
2018-07-26,48.55247726623317,45.7589
2018-07-27,47.74501827575037,44.9979
2018-07-30,47.47752759046691,44.7458
2018-07-31,47.572491558467185,44.8353
2018-08-01,50.37504271689323,47.4766
2018-08-02,51.847461693362334,48.8643
2018-08-03,51.997494152303545,49.0057
2018-08-06,52.26753135739931,49.2602
2018-08-07,51.77753850351632,48.7984
2018-08-08,51.812553150935415,48.8314
2018-08-09,52.219996320903086,49.2154
2018-08-10,51.88249002286132,49.0688
2018-08-13,52.21745588384105,49.3856
2018-08-14,52.43748869845558,49.5937
2018-08-15,52.5600346052976,49.7096
2018-08-16,53.32999085518853,50.4378
2018-08-17,54.3950511827292,51.4451
2018-08-20,53.86500577203116,50.9438
2018-08-21,53.76001173795512,50.8445
2018-08-22,53.76254935811406,50.8469
2018-08-23,53.872512898334676,50.9509
2018-08-24,54.039995828824544,51.1093
2018-08-27,54.485030964198195,51.5302
2018-08-28,54.92499085925396,51.9463
2018-08-29,55.74495937311061,52.7218
2018-08-30,56.25745291104267,53.2065
2018-08-31,56.9075066084238,53.8213
2018-09-04,57.09000379152071,53.9939
2018-09-05,56.71750229902336,53.6416
2018-09-06,55.7749878783247,52.7502
2018-09-07,55.32498323680647,52.3246
2018-09-10,54.5825178719707,51.6224
2018-09-11,55.96256030173949,52.9276
2018-09-12,55.267463846537225,52.2702
2018-09-13,56.60246351848487,53.5328
2018-09-14,55.96002268158055,52.9252
2018-09-17,54.47001671159114,51.516
2018-09-18,54.55999649306013,51.6011
2018-09-19,54.592456884259875,51.6318
2018-09-20,55.00746351441942,52.0243
2018-09-21,54.41503494148083,51.464
2018-09-24,55.19746782381986,52.204
2018-09-25,55.547447937406645,52.535
2018-09-26,55.10495042219194,52.1165
2018-09-27,56.23746915229104,53.1876
2018-09-28,56.434980587995,53.3744
2018-10-01,56.81498920679588,53.7338
2018-10-02,57.319975618424415,54.2114
2018-10-03,58.01750395961233,54.8711
2018-10-04,56.997486389892785,53.9064
2018-10-05,56.072523841960106,53.0316
2018-10-08,55.94247080881457,52.9086
2018-10-09,56.71750229902336,53.6416
2018-10-10,54.09000809279027,51.1566
2018-10-11,53.612512566216886,50.705
2018-10-12,55.527464178655016,52.5161
2018-10-15,54.339963678445606,51.393
2018-10-16,55.53750892511747,52.5256
2018-10-17,55.297492351751316,52.2986
2018-10-18,54.00499781746587,51.0762
2018-10-19,54.827503951481454,51.8541
2018-10-22,55.16246981246119,52.1709
2018-10-23,55.68247047669677,52.6627
2018-10-24,53.772488370403224,50.8563
2018-10-25,54.95004985832347,51.97
2018-10-26,54.074993840183225,51.1424
2018-10-29,53.060051510781555,50.1825
2018-10-30,53.325021349043936,50.4331
2018-10-31,54.715002791101895,51.7477
2018-11-01,55.55495506371017,52.5421
2018-11-02,51.87001339041321,49.057
2018-11-05,50.39745355901649,47.6643
2018-11-06,50.942513222321594,48.1798
2018-11-07,52.48750096242131,49.641
2018-11-08,52.122506126163145,49.4678
2018-11-09,51.11752012833963,48.514
2018-11-12,48.542467412800825,46.0701
2018-11-13,48.0574652584727,45.6098
2018-11-14,46.70002820563558,44.3215
2018-11-15,47.85252735055,45.4153
2018-11-16,48.382521014740846,45.9183
2018-11-19,46.46495546909288,44.0984
2018-11-20,44.24498797190859,41.9915
2018-11-21,44.19504423496496,41.9441
2018-11-23,43.072469185603275,40.8787
2018-11-26,43.65504075007866,41.4316
2018-11-27,43.56000013673867,41.3414
2018-11-28,45.23501192195575,42.9311
2018-11-29,44.88751309402306,42.6013
2018-11-30,44.64495933359218,42.3711
2018-12-03,46.205016230612,43.8517
2018-12-04,44.17249579676678,41.9227
2018-12-06,43.68001261855048,41.4553
2018-12-07,42.12248451833793,39.9771
2018-12-10,42.400019967936075,40.2405
2018-12-11,42.157466207505195,40.0103
2018-12-12,42.274949892509724,40.1218
2018-12-13,42.737508975173306,40.5608
2018-12-14,41.3699567351071,39.2629
2018-12-17,40.98494742119987,38.8975
2018-12-18,41.51746988219799,39.4029
2018-12-19,40.22251518380723,38.1739
2018-12-20,39.207519365288256,37.2106
2018-12-21,37.68254952396934,35.7633
2018-12-24,36.70748762169854,34.8379
2018-12-26,39.292550157932794,37.2913
2018-12-27,39.03745777999919,37.0492
2018-12-28,39.05747742139009,37.0682
2018-12-31,39.43500571140914,37.4265
2019-01-02,39.479997221271866,37.4692
2019-01-03,35.54750745289595,33.737
2019-01-04,37.06499627032668,35.1772
2019-01-07,36.98249427448942,35.0989
2019-01-08,37.68750175105025,35.768
2019-01-09,38.32749807635745,36.3754
2019-01-10,38.450039354976525,36.4917
2019-01-11,38.07251106495748,36.1334
2019-01-14,37.499949321177546,35.59
2019-01-15,38.26754451871837,36.3185
2019-01-16,38.735055828462855,36.7622
2019-01-17,38.964965604857376,36.9804
2019-01-18,39.20499056848098,37.2082
2019-01-22,38.324969279550174,36.373
2019-01-23,38.47996345052925,36.5201
2019-01-24,38.175032702185646,36.2307
2019-01-25,39.439957938490046,37.4312
2019-01-28,39.07496826597373,37.0848
2019-01-29,38.670044677209226,36.7005
2019-01-30,41.31253197427529,39.2084
2019-01-31,41.60998169873071,39.4907
2019-02-01,41.630001340121616,39.5097
2019-02-04,42.812529947122385,40.632
2019-02-05,43.54503808896231,41.3272
2019-02-06,43.56000013673867,41.3414
2019-02-07,42.73498017836604,40.5584
2019-02-08,42.60252537996442,40.6061
2019-02-11,42.357545200232266,40.3726
2019-02-12,42.722549930548396,40.7205
2019-02-13,42.54503110223713,40.5513
2019-02-14,42.6999928690313,40.699
2019-02-15,42.60493846096393,40.6084
2019-02-19,42.73251700424199,40.73
2019-02-20,43.00750332162014,40.9921
2019-02-21,42.76504113945269,40.761
2019-02-22,43.242516427658686,41.2161
2019-02-25,43.55747595637643,41.5163
2019-02-26,43.58244609889303,41.5401
2019-02-27,43.71747371829999,41.6688
2019-02-28,43.28752563412768,41.259
2019-03-01,43.74254877738179,41.6927
2019-03-04,43.962453898032145,41.9023
2019-03-05,43.88250747535296,41.8261
2019-03-06,43.629973302926714,41.5854
2019-03-07,43.12500987463942,41.1041
2019-03-08,43.227513358835694,41.2018
2019-03-11,44.72498749387509,42.6291
2019-03-12,45.227537841162885,43.1081
2019-03-13,45.42750881442604,43.2987
2019-03-14,45.932472242713345,43.78
2019-03-15,46.529972081503324,44.3495
2019-03-18,47.00503428870982,44.8023
2019-03-19,46.63247556569961,44.4472
2019-03-20,47.03997150492002,44.8356
2019-03-21,48.772458745997966,46.4869
2019-03-22,47.762531889423364,45.5243
2019-03-25,47.18496619802059,44.9738
2019-03-26,46.697523836120986,44.5092
2019-03-27,47.1175048465997,44.9095
2019-03-28,47.180035119456385,44.9691
2019-03-29,47.48754557204523,45.2622
2019-04-01,47.80995417689186,45.5695
2019-04-02,48.505026421313914,46.232
2019-04-03,48.83750701641935,46.5489
2019-04-04,48.922489434227934,46.6299
2019-04-05,49.25003895076917,46.9421
2019-04-08,50.0250576178704,47.6808
2019-04-09,49.875026929640434,47.5378
2019-04-10,50.155049242147975,47.8047
2019-04-11,49.73748131266877,47.4067
2019-04-12,49.71754716528157,47.3877
2019-04-15,49.80746066165435,47.4734
2019-04-16,49.81249665678376,47.4782
2019-04-17,50.78245030201876,48.4027
2019-04-18,50.96500512545942,48.5767
2019-04-22,51.13245196351188,48.7363
2019-04-23,51.870015416838235,49.4393
2019-04-24,51.78996407759385,49.363
2019-04-25,51.32004278208195,48.9151
2019-04-26,51.0749576857846,48.6815
2019-04-29,51.15249102746428,48.7554
2019-04-30,50.16753431340628,47.8166
2019-05-01,52.63003101511648,50.1637
2019-05-02,52.287478429752255,49.8372
2019-05-03,52.937541467705316,50.4568
2019-05-06,52.12003159169978,49.6776
2019-05-07,50.71498895059787,48.3384
2019-05-08,50.72495602429147,48.3479
2019-05-09,50.180019384664575,47.8285
2019-05-10,49.295009054123604,47.1659
2019-05-13,46.42996442823776,44.4246
2019-05-14,47.16501199157833,45.1279
2019-05-15,47.73001513780599,45.6685
2019-05-16,47.520046340031044,45.4676
2019-05-17,47.24998194309204,45.2092
2019-05-20,45.77246631634019,43.7955
2019-05-21,46.64996657822097,44.6351
2019-05-22,45.695021378982695,43.7214
2019-05-23,44.915032758875945,42.9751
2019-05-24,44.74248000371097,42.81
2019-05-28,44.55749007237117,42.633
2019-05-29,44.34501293654416,42.4297
2019-05-30,44.57504843873563,42.6498
2019-05-31,43.76746810005617,41.8771
2019-06-03,43.324955462037686,41.4537
2019-06-04,44.91001608277182,42.9703
2019-06-05,45.63503029390414,43.664
2019-06-06,46.30496558197652,44.305
2019-06-07,47.53750019230999,45.4843
2019-06-10,48.14504057133727,46.0656
2019-06-11,48.70251870340872,46.599
2019-06-12,48.547524314608204,46.4507
2019-06-13,48.53749096239994,46.4411
2019-06-14,48.1849649519993,46.1038
2019-06-17,48.47248320121726,46.3789
2019-06-18,49.61252284588085,47.4697
2019-06-19,49.467457295203076,47.3309
2019-06-20,49.86502887645539,47.7113
2019-06-21,49.69498445934248,47.5486
2019-06-24,49.64502672647218,47.5008
2019-06-25,48.892525310852655,46.7808
2019-06-26,49.9499988279691,47.7926
2019-06-27,49.93505331374221,47.7783
2019-06-28,49.4799989854634,47.3429
2019-07-01,50.38749478988345,48.2112
2019-07-02,50.6825380532576,48.4935
2019-07-03,51.1024756488075,48.8953
2019-07-05,51.057534592041335,48.8523
2019-07-08,50.00497323694352,47.8452
2019-07-09,50.310049852525935,48.1371
2019-07-10,50.80753689951885,48.6131
2019-07-11,50.437452522753745,48.259
2019-07-12,50.824990751797806,48.6298
2019-07-15,51.30251560845969,49.0867
2019-07-16,51.12494617719059,48.9168
2019-07-17,50.837532442058134,48.6418
2019-07-18,51.41497276446061,49.1943
2019-07-19,50.6475258346142,48.46
2019-07-22,51.805019331556736,49.5675
2019-07-23,52.21001141287974,49.955
2019-07-24,52.167474180080134,49.9143
2019-07-25,51.75495708460093,49.5196
2019-07-26,51.935034853922105,49.6919
2019-07-29,52.41998021065469,50.1559
2019-07-30,52.19496138456735,49.9406
2019-07-31,53.259959915839985,50.9596
2019-08-01,52.107483095001584,49.8569
2019-08-02,51.00496400703347,48.802
2019-08-05,48.33504717878119,46.2474
2019-08-06,49.249963483271934,47.1228
2019-08-07,49.75999222052516,47.6108
2019-08-08,50.85749463238914,48.6609
2019-08-09,50.247479484753406,48.2599
2019-08-12,50.120038452158354,48.1375
2019-08-13,52.24249388471561,50.176
2019-08-14,50.687484226376505,48.6825
2019-08-15,50.43499688647209,48.44
2019-08-16,51.624967116479304,49.5829
2019-08-19,52.58754256283651,50.5074
2019-08-20,52.59004140661289,50.5098
2019-08-21,53.15998602460741,51.0572
2019-08-22,53.115006836632695,51.014
2019-08-23,50.6599969448364,48.6561
2019-08-26,51.622468272702925,49.5805
2019-08-27,51.04002943582653,49.0211
2019-08-28,51.38247515168039,49.35
2019-08-29,52.252489259821104,50.1856
2019-08-30,52.18502047785902,50.1208
2019-09-03,51.424955495878734,49.3908
2019-09-04,52.29746844779582,50.2288
2019-09-05,53.320016144786,51.2109
2019-09-06,53.31501845723325,51.2061
2019-09-09,53.542517359373925,51.4246
2019-09-10,54.17503719026847,52.0321
2019-09-11,55.897469381624596,53.6864
2019-09-12,55.772527192805924,53.5664
2019-09-13,54.687508401406404,52.5243
2019-09-16,54.974979554180045,52.8004
2019-09-17,55.17499117478061,52.9925
2019-09-18,55.69246007347129,53.4895
2019-09-19,55.23996111296632,53.0549
2019-09-20,54.43252221772563,52.2794
2019-09-23,54.68001187007729,52.5171
2019-09-24,54.420027998843764,52.2674
2019-09-25,55.257453019400934,53.0717
2019-09-26,54.97248071040367,52.798
2019-09-27,54.70500030784102,52.5411
2019-09-30,55.99252956361748,53.7777
2019-10-01,56.14745787775263,53.9265
2019-10-02,54.739984120710254,52.5747
2019-10-03,55.204977300097084,53.0213
2019-10-04,56.75249042710707,54.5076
2019-10-07,56.76498464598893,54.5196
2019-10-08,56.09997984600153,53.8809
2019-10-09,56.757488114659814,54.5124
2019-10-10,57.52255078419284,55.2472
2019-10-11,59.052467886277526,56.7166
2019-10-14,58.96750719788082,56.635
2019-10-15,58.8299666716896,56.5029
2019-10-16,58.59247239444343,56.2748
2019-10-17,58.81997129658411,56.4933
2019-10-18,59.10254888029568,56.7647
2019-10-21,60.12749130257155,57.7491
2019-10-22,59.99005489487101,57.6171
2019-10-23,60.79499494633532,58.3902
2019-10-24,60.89494869739026,58.4862
2019-10-25,61.64501830426505,59.2066
2019-10-28,62.262545072501354,59.7997
2019-10-29,60.82248222787543,58.4166
2019-10-30,60.81498569654631,58.4094
2019-10-31,62.189974484495835,59.73
2019-11-01,63.95499113854099,61.4252
2019-11-04,64.37500512995311,61.8286
2019-11-05,64.2825479102273,61.7398
2019-11-06,64.3100351917674,61.7662
2019-11-07,64.85747028708963,62.479
2019-11-08,65.03497996904824,62.65
2019-11-11,65.54996566039134,63.1461
2019-11-12,65.48996531175268,63.0883
2019-11-13,66.11747760850113,63.6928
2019-11-14,65.66000090183937,63.2521
2019-11-15,66.44000543414172,64.0035
2019-11-18,66.7749900795689,64.3262
2019-11-19,66.57246295120558,64.1311
2019-11-20,65.7975449536494,63.3846
2019-11-21,65.50252593837082,63.1004
2019-11-22,65.44501695368949,63.045
2019-11-25,66.59249766969566,64.1504
2019-11-26,66.07252925043792,63.6495
2019-11-27,66.95997385339945,64.5044
2019-11-29,66.81246434576016,64.3623
2019-12-02,66.0400377121613,63.6182
2019-12-03,64.86255682183581,62.4839
2019-12-04,65.43505149786023,63.0354
2019-12-05,66.39495326924697,63.9601
2019-12-06,67.67748667310585,65.1956
2019-12-09,66.73004172150569,64.2829
2019-12-10,67.12004398765687,64.6586
2019-12-11,67.69253866368129,65.2101
2019-12-12,67.86496181089372,65.3762
2019-12-13,68.78749312292075,66.2649
2019-12-16,69.96497401324622,67.3992
2019-12-17,70.10251806505627,67.5317
2019-12-18,69.93497383892691,67.3703
2019-12-19,70.00504345022635,67.4378
2019-12-20,69.86002530654439,67.2981
2019-12-23,71.0000319306786,68.3963
2019-12-24,71.06750637118918,68.4613
2019-12-26,72.47751456419729,69.8196
2019-12-27,72.45000575383528,69.7931
2019-12-30,72.87997365013506,70.2073
2019-12-31,73.41250269601089,70.7203
2020-01-02,75.08752972997827,72.3339
2020-01-03,74.35756009048531,71.6307
2020-01-06,74.94998567816825,72.2014
2020-01-07,74.59745767820831,71.8618
2020-01-08,75.79746465098117,73.0178
2020-01-09,77.40750860839528,74.5688
2020-01-10,77.58252692639658,74.7374
2020-01-13,79.24001060583122,76.3341
2020-01-14,78.16996978616488,75.3033
2020-01-15,77.83498514073773,74.9806
2020-01-16,78.81004270953146,75.9199
2020-01-17,79.6825391287491,76.7604
2020-01-21,79.14253599100131,76.2402
2020-01-22,79.42499437966177,76.5123
2020-01-23,79.807522553941,76.8808
2020-01-24,79.57748661521569,76.6592
2020-01-27,77.2374730183086,74.405
2020-01-28,79.42250301570446,76.5099
2020-01-29,81.0849694230537,78.1114
2020-01-30,80.96746008973373,77.9982
2020-01-31,77.37750843407596,74.5399
2020-02-03,77.1650158498834,74.3352
2020-02-04,79.71253930306841,76.7893
2020-02-05,80.36247387543268,77.4154
2020-02-06,81.30244473516089,78.3209
2020-02-07,80.00743381961918,77.2563
2020-02-10,80.38750286527372,77.6233
2020-02-11,79.9025264781347,77.155
2020-02-12,81.79997199706722,78.9872
2020-02-13,81.21754466388981,78.4248
2020-02-14,81.23753194612723,78.4441
2020-02-18,79.74998105463358,77.0077
2020-02-19,80.90499742144148,78.123
2020-02-20,80.07495562282539,77.3215
2020-02-21,78.26253372418779,75.5714
2020-02-24,74.54500278907587,71.9817
2020-02-25,72.019977320098,69.5435
2020-02-26,73.16246280011455,70.6467
2020-02-27,68.38001360983492,66.0287
2020-02-28,68.34003904536007,65.9901
2020-03-02,74.70251914287438,72.1338
2020-03-03,72.33003909739763,69.8429
2020-03-04,75.68500280394373,73.0825
2020-03-05,73.22998460332076,70.7119
2020-03-06,72.25754636389405,69.7729
2020-03-09,66.54252993761466,64.2544
2020-03-10,71.33502454953693,68.8821
2020-03-11,68.85753360152785,66.4898
2020-03-12,62.05750807679544,59.9236
2020-03-13,69.49246638597143,67.1029
2020-03-16,60.552455368213074,58.4703
2020-03-17,63.215009908752045,61.0413
2020-03-18,61.667497170546135,59.547
2020-03-19,61.19505167019846,59.0908
2020-03-20,57.309958959645385,55.3393
2020-03-23,56.092495280976536,54.1637
2020-03-24,61.72000262181231,59.5977
2020-03-25,61.38001170168047,59.2694
2020-03-26,64.60997722345682,62.3883
2020-03-27,61.93499535717438,59.8053
2020-03-30,63.702471761039746,61.512
2020-03-31,63.5725026459726,61.3865
2020-04-01,60.22748080002127,58.1565
2020-04-02,61.232540769524604,59.127
2020-04-03,60.35247898479103,58.2772
2020-04-06,65.61752265810885,63.3612
2020-04-07,64.85748812784765,62.6273
2020-04-08,66.51746816403198,64.2302
2020-04-09,66.9974736208736,64.6937
2020-04-13,68.31249180662871,65.9635
2020-04-14,71.76252455511239,69.2949
2020-04-15,71.10750092738354,68.6624
2020-04-16,71.67253000452007,69.208
2020-04-17,70.6999882040455,68.2689
2020-04-20,69.23252815583713,66.8519
2020-04-21,67.09254266281117,64.7855
2020-04-22,69.02499181592113,66.6515
2020-04-23,68.75749362929288,66.3932
2020-04-24,70.74244823366902,68.3099
2020-04-27,70.7924682197865,68.3582
2020-04-28,69.64501180947255,67.2502
2020-04-29,71.93246823465438,69.459
2020-04-30,73.45005183002809,70.9244
2020-05-01,72.26748822448882,69.7825
2020-05-04,73.29005001108088,70.7699
2020-05-05,74.38997190042605,71.832
2020-05-06,75.15746282613333,72.5731
2020-05-07,75.93499917348326,73.3239
2020-05-08,77.53246732585328,75.0691
2020-05-11,78.75253128894902,76.2504
2020-05-12,77.85253659036134,75.379
2020-05-13,76.91246868279362,74.4688
2020-05-14,77.38498139177211,74.9263
2020-05-15,76.9274444954279,74.4833
2020-05-18,78.74003423150936,76.2383
2020-05-19,78.2849760903598,75.7977
2020-05-20,79.80755146866822,77.2719
2020-05-21,79.21254694048787,76.6958
2020-05-22,79.72244754031887,77.1895
2020-05-26,79.18249203375284,76.6667
2020-05-27,79.52745213167374,77.0007
2020-05-28,79.56246454879806,77.0346
2020-05-29,79.48500344896551,76.9596
2020-06-01,80.46256252885217,77.9061
2020-06-02,80.83499549684704,78.2667
2020-06-03,81.28003533575159,78.6976
2020-06-04,80.57999355619832,78.0198
2020-06-05,82.87501102203684,80.2419
2020-06-08,83.36497829884428,80.7163
2020-06-09,85.99751959701977,83.2652
2020-06-10,88.21001517117003,85.4074
2020-06-11,83.97495863965892,81.3069
2020-06-12,84.6999945340915,82.0089
2020-06-15,85.74747516676034,83.0231
2020-06-16,88.0199772729142,85.2234
2020-06-17,87.89748545371235,85.1048
2020-06-18,87.93249787083666,85.1387
2020-06-19,87.43003353658956,84.6522
2020-06-22,89.71751145537773,86.867
2020-06-23,91.63245312470458,88.7211
2020-06-24,90.01496207873468,87.155
2020-06-25,91.21003192695113,88.3121
2020-06-26,88.4074893350098,85.5986
2020-06-29,90.44502610500494,87.5714
2020-06-30,91.20001362470612,88.3024
2020-07-01,91.02753357574566,88.1354
2020-07-02,91.02753357574566,88.1354
2020-07-06,93.46249742861497,90.493
2020-07-07,93.17248307084193,90.2122
2020-07-08,95.34252996228396,92.3133
2020-07-09,95.75255738406422,92.7103
2020-07-10,95.91997664116894,92.8724
2020-07-13,95.47751883892548,92.444
2020-07-14,97.05751871257641,93.9738
2020-07-15,97.72502683020002,94.6201
2020-07-16,96.52252071639965,93.4558
2020-07-17,96.32752530775454,93.267
2020-07-20,98.35752253069934,95.2325
2020-07-21,96.99999093576744,93.9181
2020-07-22,97.27255072571155,94.182
2020-07-23,92.84497754074995,89.8951
2020-07-24,92.61496971498053,89.6724
2020-07-27,94.81001072130185,91.7977
2020-07-28,93.25252620733556,90.2897
2020-07-29,95.04001854707127,92.0204
2020-07-30,96.1900576759184,93.1339
2020-07-31,106.26000065414871,102.8839
2020-08-03,108.9374693902271,105.4763
2020-08-04,109.66498403985433,106.1807
2020-08-05,110.06251440419493,106.5656
2020-08-06,113.9025193265601,110.2836
2020-08-07,111.11250070221868,107.7762
2020-08-10,112.72749299504423,109.3427
2020-08-11,109.3750308579168,106.0909
2020-08-12,113.00997488986339,109.6167
2020-08-13,115.01002918164863,111.5567
2020-08-14,114.90755217309015,111.4573
2020-08-17,114.60754402932237,111.1663
2020-08-18,115.56251840585878,112.0926
2020-08-19,115.70747079422219,112.2332
2020-08-20,118.27496316961495,114.7236
2020-08-21,124.36997398045739,120.6356
2020-08-24,125.85743703828612,122.0784
2020-08-25,124.82503787962955,121.077
2020-08-26,126.52250663809573,122.7235
2020-08-27,125.00999135382867,121.2564
2020-08-28,124.80751163068092,121.06
2020-08-31,129.0399976561939,125.1654
2020-09-01,134.1800340904999,130.1511
2020-09-02,131.39995862491838,127.4545
2020-09-03,120.87998233687419,117.2504
2020-09-04,120.95998450854562,117.328
2020-09-08,112.81996973214379,109.4324
2020-09-09,117.31998879307854,113.7973
2020-09-10,113.48998791989185,110.0823
2020-09-11,112.0000505680939,108.6371
2020-09-14,115.36003868271104,111.8962
2020-09-15,115.54004356897173,112.0708
2020-09-16,112.13005409705993,108.7632
2020-09-17,110.34000550591215,107.0269
2020-09-18,106.84001359087003,103.632
2020-09-21,110.07999844798006,106.7747
2020-09-22,111.81004541037429,108.4528
2020-09-23,107.12002119171996,103.9036
2020-09-24,108.22005105220184,104.9706
2020-09-25,112.27995507336178,108.9086
2020-09-28,114.960027824354,111.5082
2020-09-29,114.09000420742741,110.6643
2020-09-30,115.80994780278067,112.3326
2020-10-01,116.78997440575543,113.2832
2020-10-02,113.01997516132232,109.6264
2020-10-05,116.49996653344658,113.0019
2020-10-06,113.15997896174729,109.7622
2020-10-07,115.08003108186111,111.6246
2020-10-08,114.97002809581292,111.5179
2020-10-09,116.96997929201612,113.4578
2020-10-12,124.39997479483416,120.6647
2020-10-13,121.09998830897058,117.4638
2020-10-14,121.18999075210091,117.5511
2020-10-15,120.70997772207245,117.0855
2020-10-16,119.02003494109597,115.4463
2020-10-19,115.98005551316447,112.4976
2020-10-20,117.50999395079812,113.9816
2020-10-21,116.86997657742684,113.3608
2020-10-22,115.74994617402712,112.2744
2020-10-23,115.04002999602541,111.5858
2020-10-26,115.05003026748433,111.5955
2020-10-27,116.59996924803583,113.0989
2020-10-28,111.20002885137978,107.8611
2020-10-29,115.32003759687534,111.8574
2020-10-30,108.85996532999107,105.5913
2020-11-02,108.76996288686074,105.504
2020-11-03,110.44000822050141,107.1239
2020-11-04,114.95002755289508,111.4985
2020-11-05,119.0300352125549,115.456
2020-11-06,118.69000676344973,115.3248
2020-11-09,116.32001047839334,113.022
2020-11-10,115.96998627457725,112.6819
2020-11-11,119.48998857358275,116.1021
2020-11-12,119.21005154495008,115.8301
2020-11-13,119.2599667871879,115.8786
2020-11-16,120.30005635018858,116.8892
2020-11-17,119.3900551710819,116.005
2020-11-18,118.02999346763305,114.6835
2020-11-19,118.6399886031867,115.2762
2020-11-20,117.34003102647367,114.0131
2020-11-23,113.84997787281085,110.622
2020-11-24,115.17000446444422,111.9046
2020-11-25,116.02998748328785,112.7402
2020-11-27,116.58996445857846,113.2843
2020-11-30,119.05001401571339,115.6746
2020-12-01,122.71996787748279,119.2405
2020-12-02,123.07997512974644,119.5903
2020-12-03,122.94000661543011,119.4543
2020-12-04,122.25004417427073,118.7839
2020-12-07,123.74997147401069,120.2413
2020-12-08,124.38003562448469,120.8535
2020-12-09,121.78001755303343,118.3272
2020-12-10,123.24001265898315,119.7458
2020-12-11,122.4099787854822,118.9393
2020-12-14,121.78001755303343,118.3272
2020-12-15,127.87996890856985,124.2542
2020-12-16,127.80998465141168,124.1862
2020-12-17,128.70001973362324,125.051
2020-12-18,126.65997863746256,123.0688
2020-12-21,128.22999311238593,124.5943
2020-12-22,131.87998087726024,128.1408
2020-12-23,130.95999664970597,127.2469
2020-12-24,131.97003414933874,128.2283
2020-12-28,136.69006062255644,132.8145
2020-12-29,134.86995534631782,131.046
2020-12-30,133.7199493323687,129.9286
2020-12-31,132.6899457358408,128.9278
2021-01-04,129.41005118970295,125.7409
2021-01-05,131.01001480996902,127.2955
2021-01-06,126.59997742875196,123.0105
2021-01-07,130.92006445591574,127.2081
2021-01-08,132.0500014549445,128.306
2021-01-11,128.9799567622559,125.323
2021-01-12,128.7999531361241,125.1481
2021-01-13,130.89001239254782,127.1789
2021-01-14,128.90997250509776,125.255
2021-01-15,127.13998830714743,123.5352
2021-01-19,127.83005366633203,124.2057
2021-01-20,132.03003535804936,128.2866
2021-01-21,136.869961330663,132.9893
2021-01-22,139.07003995606038,135.127
2021-01-25,142.91999744396162,138.8678
2021-01-26,143.16000227880406,139.101
2021-01-27,142.06001442511797,138.0322
2021-01-28,137.09000006861032,133.2031
2021-01-29,131.95994818286596,128.2185
2021-02-01,134.13995779334297,130.3367
2021-02-02,134.99006068176428,131.1627
2021-02-03,133.93998807031602,130.1424
2021-02-04,137.39000611216335,133.4946
2021-02-05,136.75997230159732,133.081
2021-02-08,136.91000841461147,133.227
2021-02-09,136.00999726544865,132.3512
2021-02-10,135.39001927242518,131.7479
2021-02-11,135.13002518617466,131.4949
2021-02-12,135.3699802025363,131.7284
2021-02-16,133.1900376920098,129.6071
2021-02-17,130.83991723411933,127.3202
2021-02-18,129.71002198576977,126.2207
2021-02-19,129.87002625149785,126.3764
2021-02-22,126.00001941588205,122.6105
2021-02-23,125.86005422004284,122.4743
2021-02-24,125.35003420025578,121.978
2021-02-25,120.98994365028084,117.7352
2021-02-26,121.26000865370627,117.998
2021-03-01,127.7899707970328,124.3523
2021-03-02,125.1200473366081,121.7542
2021-03-03,122.06002998234666,118.7765
2021-03-04,120.13001064089573,116.8984
2021-03-05,121.42001291943434,118.1537
2021-03-08,116.35999362580237,113.2298
2021-03-09,121.09003623526422,117.8326
2021-03-10,119.97997452788161,116.7524
2021-03-11,121.96004016182422,118.6792
2021-03-12,121.03002179005857,117.7742
2021-03-15,123.9899465593366,120.6545
2021-03-16,125.5700529111895,122.1921
2021-03-17,124.7599606653742,121.4038
2021-03-18,120.52996992298546,117.2876
2021-03-19,119.98994268059556,116.7621
2021-03-22,123.39000763620203,120.0707
2021-03-23,122.5400427795309,119.2436
2021-03-24,120.09003526557896,116.8595
2021-03-25,120.58998436819111,117.346
2021-03-26,121.20996236121455,117.9493
2021-03-29,121.39000569683151,118.1245
2021-03-30,119.90002377724805,116.6746
2021-03-31,122.14994888569417,118.864
2021-04-01,123.00001650682626,119.6912
2021-04-05,125.90002959535963,122.5132
2021-04-06,126.20996720964087,122.8148
2021-04-07,127.90003153473015,124.4594
2021-04-08,130.36000720139603,126.8532
2021-04-09,133.00002620367889,129.4222
2021-04-12,131.24008204513098,127.7096
2021-04-13,134.42999367805672,130.8137
2021-04-14,132.03003245659644,128.4783
2021-04-15,134.4999762759763,130.8818
2021-04-16,134.16003143909222,130.551
2021-04-19,134.84002387732136,131.2127
2021-04-20,133.10998417691528,129.5292
2021-04-21,133.49997530629105,129.9087
2021-04-22,131.940010788788,128.3907
2021-04-23,134.31993294035937,130.7066
2021-04-26,134.71999498691002,131.0959
2021-04-27,134.39001830273992,130.7748
2021-04-28,133.58002882138558,129.9866
2021-04-29,133.48003900086312,129.8893
2021-04-30,131.45999799160373,127.9236
2021-05-03,132.53994971192256,128.9745
2021-05-04,127.84998524223846,124.4107
2021-05-05,128.100011175775,124.654
2021-05-06,129.7400292083726,126.2499
2021-05-07,130.20994832626997,126.9224
2021-05-10,126.85001657455895,123.6473
2021-05-11,125.90998254076064,122.731
2021-05-12,122.77000418514955,119.6703
2021-05-13,124.97005109716575,121.8148
2021-05-14,127.44996408407029,124.2321
2021-05-17,126.26997156450814,123.0819
2021-05-18,124.85002055918213,121.6978
2021-05-19,124.68997984187061,121.5418
2021-05-20,127.31003104662612,124.0957
2021-05-21,125.42996297902953,122.2631
2021-05-24,127.10002890025648,123.891
2021-05-25,126.89997800361708,123.696
2021-05-26,126.85001657455895,123.6473
2021-05-27,125.2799761016517,122.1169
2021-05-28,124.60995948321487,121.4638
2021-06-01,124.28002938906498,121.1422
2021-06-02,125.06002270555177,121.9025
2021-06-03,123.54004625190608,120.4209
2021-06-04,125.88997745109671,122.7115
2021-06-07,125.90003129103037,122.7213
2021-06-08,126.74003987650897,123.5401
2021-06-09,127.12998523965067,123.9202
2021-06-10,126.11003343740003,122.926
2021-06-11,127.350041225954,124.1347
2021-06-14,130.47996574163142,127.1856
2021-06-15,129.63995715615283,126.3668
2021-06-16,130.15003564748156,126.864
2021-06-17,131.7900426391109,128.4626
2021-06-18,130.4599606519675,127.1661
2021-06-21,132.3000185402362,128.9597
2021-06-22,133.97993312099,130.5972
2021-06-23,133.69996445589828,130.3243
2021-06-24,133.41004454107627,130.0417
2021-06-25,133.10996819611722,129.7492
2021-06-28,134.78003411734417,131.3771
2021-06-29,136.32996691038406,132.8879
2021-06-30,136.95997334949303,133.502
2021-07-01,137.27000094418239,133.8042
2021-07-02,139.96001866765997,136.4263
2021-07-06,142.0200299520286,138.4343
2021-07-07,144.57001204785863,140.9199
2021-07-08,143.24003265091864,139.6235
2021-07-09,145.10994428837816,141.4462
2021-07-12,144.50004552913654,140.8517
2021-07-13,145.6400278693708,141.9629
2021-07-14,149.14994649845966,145.3842
2021-07-15,148.48003247022623,144.7312
2021-07-16,146.38996225626002,142.6939
2021-07-19,142.44998549449815,138.8534
2021-07-20,146.15000377049614,142.46
2021-07-21,145.39996679340356,141.7289
2021-07-22,146.80001529926903,143.0936
2021-07-23,148.560052828882,144.8092
2021-07-26,148.99000837135156,145.2283
2021-07-27,146.77005895987483,143.0644
2021-07-28,144.97996250066424,141.3195
2021-07-29,145.6400278693708,141.9629
2021-07-30,145.85998126547074,142.1773
2021-08-02,145.51999733138717,141.8459
2021-08-03,147.3600552196559,143.6395
2021-08-04,146.95000217664688,143.2398
2021-08-05,147.05997887469684,143.347
2021-08-06,146.14002870088726,142.6637
2021-08-09,146.0900395768101,142.6149
2021-08-10,145.59998226208674,142.1365
2021-08-11,145.86006911870936,142.3904
2021-08-12,148.8900451455077,145.3483
2021-08-13,149.10004044132359,145.5533
2021-08-16,151.1199903136126,147.5252
2021-08-17,150.1899672449726,146.6173
2021-08-18,146.3599603594807,142.8784
2021-08-19,146.69994786524305,143.2103
2021-08-20,148.18999253496847,144.6649
2021-08-23,149.71005116648615,146.1488
2021-08-24,149.6200092811095,146.0609
2021-08-25,148.3600375062145,144.8309
2021-08-26,147.54003148523606,144.0304
2021-08-27,148.59994432709289,145.0651
2021-08-30,153.1199650236167,149.4776
2021-08-31,151.82997928692944,148.2183
2021-09-01,152.51005673518378,148.8822
2021-09-02,153.64997266290993,149.995
2021-09-03,154.29993371264237,150.6295
2021-09-07,156.6899874892156,152.9627
2021-09-08,155.11000337084317,151.4203
2021-09-09,154.06996325454162,150.405
2021-09-10,148.9700482313771,145.4264
2021-09-13,149.55004499474745,145.9926
2021-09-14,148.11992581187675,144.5965
2021-09-15,149.02997371823184,145.4849
2021-09-16,148.7899644606238,145.2506
2021-09-17,146.05992317828824,142.5855
2021-09-20,142.9400077028429,139.5398
2021-09-21,143.42996258083662,140.0181
2021-09-22,145.85003031920206,142.3806
2021-09-23,146.8300425119192,143.3373
2021-09-24,146.91998196056616,143.4251
2021-09-27,145.37001180398596,141.912
2021-09-28,141.91000638604862,138.5343
2021-09-29,142.82999065518132,139.4324
2021-09-30,141.49995215719457,138.134
2021-10-01,142.6500093211577,139.2567
2021-10-04,139.14001477914323,135.8302
2021-10-05,141.10997552735512,137.7533
2021-10-06,141.99994583469558,138.6221
2021-10-07,143.29003400811249,139.8815
2021-10-08,142.89995494154337,139.5007
2021-10-11,142.8100154928964,139.4129
2021-10-12,141.50999095670187,138.1438
2021-10-13,140.91001903104657,137.5581
2021-10-14,143.76001372382134,140.3403
2021-10-15,144.84000416469271,141.3946
2021-10-18,146.54998049301162,143.0639
2021-10-19,148.75995049883159,145.2213
2021-10-20,149.2599441763326,145.7094
2021-10-21,149.47997827165574,145.9242
2021-10-22,148.6899862124695,145.153
2021-10-25,148.63999708839236,145.1042
2021-10-26,149.3200745366467,145.7681
2021-10-27,148.84999238420824,145.3092
2021-10-28,152.5700846587682,148.9408
2021-10-29,149.79999061513314,146.2366
2021-11-01,148.96000943186976,145.4166
2021-11-02,150.02002471045628,146.4514
2021-11-03,151.48999178116713,147.8864
2021-11-04,150.9599841418739,147.369
2021-11-05,151.2799595615924,147.8969
2021-11-08,150.43997506704264,147.0757
2021-11-09,150.81005104138276,147.4375
2021-11-10,147.9200215833933,144.6121
2021-11-11,147.87000302301396,144.5632
2021-11-12,149.99001259851795,146.6358
2021-11-15,149.9999344806382,146.6455
2021-11-16,150.99999882589066,147.6232
2021-11-17,153.48998208829025,150.0575
2021-11-18,157.8699304634268,154.3395
2021-11-19,160.5500660852234,156.9597
2021-11-22,161.01997460543305,157.4191
2021-11-23,161.40999663145817,157.8004
2021-11-24,161.93994788161191,158.3185
2021-11-26,156.81002796311938,153.3033
2021-11-29,160.24003284082735,156.6566
2021-11-30,165.29998814725556,161.6034
2021-12-01,164.77003689710185,161.0853
2021-12-02,163.75994838228462,160.0978
2021-12-03,161.84001304829783,158.2208
2021-12-06,165.3200364863851,161.623
2021-12-07,171.17998189654858,167.3519
2021-12-08,175.07999758191076,171.1647
2021-12-09,174.55996821387726,170.6563
2021-12-10,179.45002407492711,175.437
2021-12-13,175.73995617407286,171.8099
2021-12-14,174.33002603855482,170.4315
2021-12-15,179.29996839378921,175.2903
2021-12-16,172.26003502343013,168.4078
2021-12-17,171.13998750573407,167.3128
2021-12-20,169.750003421901,165.9539
2021-12-21,172.98995822765653,169.1214
2021-12-22,175.64002134075878,171.7122
2021-12-23,176.28003388123588,172.3379
2021-12-27,180.33000296029144,176.2973
2021-12-28,179.29004651166898,175.2806
2021-12-29,179.3800594628628,175.3686
2021-12-30,178.2000715026672,174.215
2021-12-31,177.56998084431032,173.599
2022-01-03,182.00997194939097,177.9397
2022-01-04,179.7000145893791,175.6814
2022-01-05,174.9200200186526,171.0083
2022-01-06,172.0000203394134,168.1536
2022-01-07,172.16991978479174,168.3197
2022-01-10,172.19007041136584,168.3394
2022-01-11,175.07999758191076,171.1647
2022-01-12,175.52996005043542,171.6046
2022-01-13,172.19007041136584,168.3394
2022-01-14,173.07004929673013,169.1997
2022-01-18,169.80002198228033,166.0028
2022-01-19,166.22998559299918,162.5126
2022-01-20,164.51002221308508,160.8311
2022-01-21,162.41006097671064,158.7781
2022-01-24,161.6199927550956,158.0057
2022-01-25,159.7800462027379,156.2069
2022-01-26,159.69003325154407,156.1189
2022-01-27,159.2200224438899,155.6594
2022-01-28,170.32997323243404,166.5209
2022-01-31,174.77998850707945,170.8714
2022-02-01,174.60998677425656,170.7052
2022-02-02,175.83999329483146,171.9077
2022-02-03,172.90004756390724,169.0335
2022-02-04,172.39002300958282,168.7496
2022-02-07,171.66000699506992,168.035
2022-02-08,174.83004994865937,171.1381
2022-02-09,176.2799684056957,172.5574
2022-02-10,172.12002128465173,168.4853
2022-02-11,168.6400331046374,165.0788
2022-02-14,168.88000058547857,165.3137
2022-02-15,172.78996881098473,169.1411
2022-02-16,172.5500013301436,168.9062
2022-02-17,168.88000058547857,165.3137
2022-02-18,167.3000358946786,163.7671
2022-02-22,164.32000550573986,160.85
2022-02-23,160.07005780971883,156.6898
2022-02-24,162.74004081493987,159.3034
2022-02-25,164.8499975409054,161.3688
2022-02-28,165.11999926583653,161.6331
2022-03-01,163.19995294722887,159.7536
2022-03-02,166.56000846546902,163.0427
2022-03-03,166.22993825235804,162.7196
2022-03-04,163.1699187031389,159.7242
2022-03-07,159.29999613641934,155.936
2022-03-08,157.4400183059916,154.1153
2022-03-09,162.94997405169107,159.5089
2022-03-10,158.52002520571602,155.1725
2022-03-11,154.729989641984,151.4625
2022-03-14,150.61999743713045,147.4393
2022-03-15,155.0899919418921,151.8149
2022-03-16,159.59002069074373,156.2199
2022-03-17,160.6199705169849,157.2281
2022-03-18,163.98002603522502,160.5172
2022-03-21,165.37998957607093,161.8876
2022-03-22,168.8200342545915,165.255
2022-03-23,170.20998638074076,166.6156
2022-03-24,174.0699996900565,170.3941
2022-03-25,174.72002654428903,171.0304
2022-03-28,175.60000946466604,171.8918
2022-03-29,178.9599628256134,175.1808
2022-03-30,177.77003467881147,174.016
2022-03-31,174.6100031399187,170.9227
2022-04-01,174.31006932819045,170.6291
2022-04-04,178.43998220514447,174.6718
2022-04-05,175.06000601480386,171.3632
2022-04-06,171.82999673032734,168.2014
2022-04-07,172.14004411404503,168.5049
2022-04-08,170.0900537189666,166.4982
2022-04-11,165.75000329067572,162.2498
2022-04-12,167.6599360372939,164.1194
2022-04-13,170.39999894539147,166.8016
2022-04-14,165.28998900109391,161.7995
2022-04-18,165.07004434964608,161.5842
2022-04-19,167.39994572705945,163.8649
2022-04-20,167.23005814909484,163.6986
2022-04-21,166.41995081700873,162.9056
2022-04-22,161.7899779916863,158.3734
2022-04-25,162.87999630610736,159.4404
2022-04-26,156.8000028664557,153.4888
2022-04-27,156.57004680031125,153.2637
2022-04-28,163.64004656471022,160.1844
2022-04-29,157.6499515427428,154.3208
2022-05-02,157.95999892646051,154.6243
2022-05-03,159.47999728637342,156.1122
2022-05-04,166.02000501560684,162.5141
2022-05-05,156.76996862236575,153.4594
2022-05-06,157.28003242579214,154.1849
2022-05-09,152.06000692438116,149.0676
2022-05-10,154.51002104301577,151.4694
2022-05-11,146.499990705283,143.617
2022-05-12,142.56005626785512,139.7546
2022-05-13,147.10999505324853,144.215
2022-05-16,145.53999891285775,142.6759
2022-05-17,149.24001190774138,146.3031
2022-05-18,140.82001376491274,138.0488
2022-05-19,137.35002749321677,134.6471
2022-05-20,137.58994893576104,134.8823
2022-05-23,143.10997824776848,140.2937
2022-05-24,140.35996031853745,137.5978
2022-05-25,140.52000995431635,137.7547
2022-05-26,143.77996295637004,140.9505
2022-05-27,149.63998298606455,146.6952
2022-05-31,148.83993882200213,145.9109
2022-06-01,148.7099813739573,145.7835
2022-06-02,151.20997912645532,148.2343
2022-06-03,145.37994927707885,142.519
2022-06-06,146.14000653405057,143.2641
2022-06-07,148.7099813739573,145.7835
2022-06-08,147.96002285117433,145.0483
2022-06-09,142.64003008203653,139.833
2022-06-10,137.1299974968018,134.4314
2022-06-13,131.87998181507274,129.2847
2022-06-14,132.7599997933166,130.1474
2022-06-15,135.42994190095018,132.7648
2022-06-16,130.06006750536503,127.5006
2022-06-17,131.559984550931,128.971
2022-06-21,135.8700018937801,133.1962
2022-06-22,135.3499680867687,132.6864
2022-06-23,138.27003237855135,135.549
2022-06-24,141.66004483606588,138.8723
2022-06-27,141.66004483606588,138.8723
2022-06-28,137.43999803417088,134.7353
2022-06-29,139.23002417097663,136.4901
2022-06-30,136.72002969170595,134.0295
2022-07-01,138.9300203603802,136.196
2022-07-05,141.55997556092308,138.7742
2022-07-06,142.92004043908756,140.1075
2022-07-07,146.35003980369285,143.47
2022-07-08,147.04001796583975,144.1464
2022-07-11,144.8700142042562,142.0191
2022-07-12,145.8599961769995,142.9896
2022-07-13,145.49001527899435,142.6269
2022-07-14,148.47005993141303,145.5483
2022-07-15,150.17001351984862,147.2148
2022-07-18,147.0700081461578,144.1758
2022-07-19,151.0000478642291,148.0285
2022-07-20,153.03999217035178,150.0283
2022-07-21,155.3500521141689,152.2929
2022-07-22,154.08995450373118,151.0576
2022-07-25,152.94991962198162,149.94
2022-07-26,151.6000554854219,148.6167
2022-07-27,156.7899887990988,153.7045
2022-07-28,157.35000951320092,154.2535
2022-07-29,162.51005465397586,159.312
2022-08-01,161.50997394704382,158.3316
2022-08-02,160.00995489406176,156.8611
2022-08-03,166.12999182726202,162.8607
2022-08-04,165.80999456312023,162.547
2022-08-05,165.34998131912096,162.3212
2022-08-08,164.8699891110941,161.85
2022-08-09,164.92000527708333,161.8991
2022-08-10,169.24003701524356,166.14
2022-08-11,168.48999825724235,165.4037
2022-08-12,172.10002454337646,168.9476
2022-08-15,173.18998987145105,170.0176
2022-08-16,173.02995851346927,169.8605
2022-08-17,174.55000174949998,171.3527
2022-08-18,174.1499742875048,170.96
2022-08-19,171.52000000337117,168.3782
2022-08-22,167.5700471471637,164.5006
2022-08-23,167.2299168452533,164.1667
2022-08-24,167.53001384118863,164.4613
2022-08-25,170.0300072133014,166.9155
2022-08-26,163.6199924250377,160.6229
2022-08-29,161.38006274288523,158.424
2022-08-30,158.9100179508149,155.9992
2022-08-31,157.21996049678825,154.3401
2022-09-01,157.9600163947753,155.0666
2022-09-02,155.81003431866856,152.956
2022-09-06,154.52998718665128,151.6994
2022-09-07,155.9599809507177,153.1032
2022-09-08,154.46000530063375,151.6307
2022-09-09,157.3700089947559,154.4874
2022-09-12,163.4300124870135,160.4364
2022-09-13,153.83994745465338,151.022
2022-09-14,155.30997452469492,152.4651
2022-09-15,152.3700222505304,149.579
2022-09-16,150.70003238245053,147.9396
2022-09-19,154.47997102066205,151.6503
2022-09-20,156.89999964674317,154.026
2022-09-21,153.71994940264668,150.9042
2022-09-22,152.7399992665647,149.9422
2022-09-23,150.42998583247615,147.6745
2022-09-26,150.770014268468,148.0083
2022-09-27,151.75994726456415,148.9801
2022-09-28,149.83997843245672,147.0953
2022-09-29,142.4799620881535,139.8701
2022-09-30,138.1999636559683,135.6685
2022-10-03,142.45001350811106,139.8407
2022-10-04,146.09997123430176,143.4238
2022-10-05,146.39996636431854,143.7183
2022-10-06,145.42999908825067,142.7661
2022-10-07,140.09008577395184,137.524
2022-10-10,140.42002948401105,137.8479
2022-10-11,138.97995099401197,136.4342
2022-10-12,138.34002929392182,135.806
2022-10-13,142.99000474214128,140.3708
2022-10-14,138.37996073397838,135.8452
2022-10-17,142.40998020213598,139.8014
2022-10-18,143.75002636015665,141.1169
2022-10-19,143.86004155214923,141.2249
2022-10-20,143.3900322041365,140.7635
2022-10-21,147.27000317432646,144.5724
2022-10-24,149.45003569639417,146.7125
2022-10-25,152.33997180456944,149.5495
2022-10-26,149.3500033644157,146.6143
2022-10-27,144.80006024817465,142.1477
2022-10-28,155.74005243265108,152.8873
2022-10-31,153.33998952659826,150.5312
2022-11-01,150.6500162164613,147.8905
2022-11-02,145.02997162625545,142.3734
2022-11-03,138.880020527952,136.3361
2022-11-04,138.38001441474967,136.0706
2022-11-07,138.92002664115438,136.6016
2022-11-08,139.50000587414618,137.1719
2022-11-09,134.86993494311866,132.6191
2022-11-10,146.87000324656677,144.4189
2022-11-11,149.7000334229117,147.2017
2022-11-14,148.28003517106808,145.8054
2022-11-15,150.04000722194584,147.536
2022-11-16,148.78994502101037,146.3068
2022-11-17,150.71995482001407,148.2046
2022-11-18,151.28996772566353,148.7651
2022-11-21,148.0100290578657,145.5399
2022-11-22,150.18004429082706,147.6737
2022-11-23,151.06999664360825,148.5488
2022-11-25,148.10999742294214,145.6382
2022-11-28,144.21997714569005,141.8131
2022-11-29,141.1699758872898,138.814
2022-11-30,148.02996171255035,145.5595
2022-12-01,148.3100358503128,145.8349
2022-12-02,147.80999063049504,145.3432
2022-12-05,146.62999781260908,144.1829
2022-12-06,142.91001528348295,140.525
2022-12-07,140.94003847789222,138.5879
2022-12-08,142.64997549762285,140.2693
2022-12-09,142.1599983023652,139.7875
2022-12-12,144.48998325889244,142.0786
2022-12-13,145.47003934662553,143.0423
2022-12-14,143.21002207593003,140.82
2022-12-15,136.49993794967529,134.2219
2022-12-16,134.50992679218214,132.2651
2022-12-19,132.3700139356833,130.1609
2022-12-20,132.30004624985153,130.0921
2022-12-21,135.45001587332825,133.1895
2022-12-22,132.22997686680205,130.0232
2022-12-23,131.86000238852324,129.6594
2022-12-27,130.03006265181375,127.86
2022-12-28,126.03997231226744,123.9365
2022-12-29,129.61005314238784,127.447
2022-12-30,129.92999258951954,127.7616
2023-01-03,125.06998424909443,122.9827
2023-01-04,126.36001345661693,124.2512
2023-01-05,125.01994921794733,122.9335
2023-01-06,129.62001946973015,127.4568
2023-01-09,130.14996367157482,127.9779
2023-01-10,130.73004460178439,128.5483
2023-01-11,133.49000539507983,131.2622
2023-01-12,133.40996968468804,131.1835
2023-01-13,134.76000025069993,132.511
2023-01-17,135.9399930685859,133.6713
2023-01-18,135.21001043937056,132.9535
2023-01-19,135.27001179785998,133.0125
2023-01-20,137.87000286758956,135.5691
2023-01-23,141.1099745288004,138.755
2023-01-24,142.52997278064402,140.1513
2023-01-25,141.86009320713592,139.4926
2023-01-26,143.96003905704777,141.5575
2023-01-27,145.93001586263847,143.4946
2023-01-30,143.00001732121706,140.6135
2023-01-31,144.29004652873957,141.882
2023-02-01,145.42997064282073,143.0029
2023-02-02,150.82002488230827,148.303
2023-02-03,154.50004040484743,151.9216
2023-02-06,151.73001158699185,149.1978
2023-02-07,154.64994210385316,152.069
2023-02-08,151.91998198980244,149.3846
2023-02-09,150.86995821623762,148.3521
2023-02-10,151.00997792458008,148.7165
2023-02-13,153.85001119094434,151.5134
2023-02-14,153.20003968899584,150.8733
2023-02-15,155.3299884821331,152.9709
2023-02-16,153.7099845230507,151.3755
2023-02-17,152.55006818704734,150.2332
2023-02-21,148.4799529374611,146.2249
2023-02-22,148.90998407490085,146.6484
2023-02-23,149.40002664143788,147.131
2023-02-24,146.70997117672616,144.4818
2023-02-27,147.9200493502491,145.6735
2023-02-28,147.410002974013,145.1712
2023-03-01,145.31000912433376,143.1031
2023-03-02,145.91002187312512,143.694
2023-03-03,151.02998173427918,148.7362
2023-03-06,153.83000738124525,151.4937
2023-03-07,151.60003953961254,149.2976
2023-03-08,152.87002760005154,150.5483
2023-03-09,150.5899994630805,148.3029
2023-03-10,148.49995674716016,146.2446
2023-03-13,150.46997660488597,148.1847
2023-03-14,152.5899742642643,150.2725
2023-03-15,152.98994891606483,150.6664
2023-03-16,155.84998599212815,153.483
2023-03-17,154.9999763931888,152.6459
2023-03-20,157.40002738835435,155.0095
2023-03-21,159.2799793313436,156.8609
2023-03-22,157.8300585257941,155.433
2023-03-23,158.92996343270022,156.5162
2023-03-24,160.25001178847754,157.8162
2023-03-27,158.27999193075175,155.8761
2023-03-28,157.64992269632108,155.2556
2023-03-29,160.7700092984726,158.3283
2023-03-30,162.3599567719157,159.8941
2023-03-31,164.90003443497486,162.3956
2023-04-03,166.17002249541383,163.6463
2023-04-04,165.6300211757197,163.1145
2023-04-05,163.76002036648933,161.2729
2023-04-06,164.66009026076705,162.1593
2023-04-10,162.0300462251526,159.5692
2023-04-11,160.79996424193058,158.3578
2023-04-12,160.10003398682497,157.6685
2023-04-13,165.55995707068232,163.0455
2023-04-14,165.2100427142201,162.7009
2023-04-17,165.23004652391919,162.7206
2023-04-18,166.47007964090014,163.9418
2023-04-19,167.62999597690353,165.0841
2023-04-20,166.6500123860107,164.119
2023-04-21,165.0200572931694,162.5138
2023-04-24,165.32996403023338,162.819
2023-04-25,163.7699715002483,161.2827
2023-04-26,163.76002036648933,161.2729
2023-04-27,168.4100430129867,165.8523
2023-04-28,169.68003107342568,167.103
2023-05-01,169.58996315868916,167.0143
2023-05-02,168.54001700494015,165.9803
2023-05-03,167.44996168961174,164.9068
2023-05-04,165.7899501111312,163.272
2023-05-05,173.57001049353892,170.9339
2023-05-08,173.50004793068274,170.865
2023-05-09,171.76997224716476,169.1612
2023-05-10,173.5599578175988,170.924
2023-05-11,173.7500447808307,171.1112
2023-05-12,172.5699475661755,170.1841
2023-05-15,172.07003609295256,169.6911
2023-05-16,172.07003609295256,169.6911
2023-05-17,172.69000744128627,170.3025
2023-05-18,175.05003576335346,172.6299
2023-05-19,175.16005684823114,172.7384
2023-05-22,174.19998345503132,171.7916
2023-05-23,171.55998442757496,169.1881
2023-05-24,171.83995513296412,169.4642
2023-05-25,172.98995432522003,170.5983
2023-05-26,175.42998876338723,173.0046
2023-05-30,177.300043000543,174.8488
2023-05-31,177.2500518532207,174.7995
2023-06-01,180.09001546996626,177.6002
2023-06-02,180.9500051665999,178.4483
2023-06-05,179.5800652065102,177.0973
2023-06-06,179.20994819286645,176.7323
2023-06-07,177.82003205423212,175.3616
2023-06-08,180.5699507646446,178.0735
2023-06-09,180.960043956833,178.4582
2023-06-12,183.790070185267,181.2491
2023-06-13,183.31003348866713,180.7757
2023-06-14,183.94998101554546,181.4068
2023-06-15,186.01006245367887,183.4384
2023-06-16,184.9199917970568,182.3634
2023-06-20,185.01003670338986,182.4522
2023-06-21,183.96001980577853,181.4167
2023-06-22,186.99994801181327,184.4146
2023-06-23,186.68002494933486,184.0991
2023-06-26,185.2700312302344,182.7086
2023-06-27,188.06000369965767,185.46
2023-06-28,189.2499552490028,186.6335
2023-06-29,189.58995589194734,186.9688
2023-06-30,193.97001189313718,191.2883
2023-07-03,192.46003587939214,189.7992
2023-07-05,191.33001286568083,188.6848
2023-07-06,191.81004956228074,189.1582
2023-07-07,190.68002654856943,188.0438
2023-07-10,188.61000772212446,186.0024
2023-07-11,188.0799798782023,185.4797
2023-07-12,189.76994430269193,187.1463
2023-07-13,190.53999049491406,187.9057
2023-07-14,190.68996393688096,188.0536
2023-07-17,193.9899880716818,191.308
2023-07-18,193.72999354483727,191.0516
2023-07-19,195.10003490684852,192.4027
2023-07-20,193.12999837504816,190.4599
2023-07-21,191.940046825703,189.2864
2023-07-24,192.75004537501437,190.0852
2023-07-25,193.61997245995957,190.9431
2023-07-26,194.49993833513787,191.8109
2023-07-27,193.2200432813812,190.5487
2023-07-28,195.8300273400599,193.1226
2023-07-31,196.4499986883936,193.734
2023-08-01,195.6100865722261,192.9057
2023-08-02,192.57999435258134,189.9175
2023-08-03,191.17000063348084,188.527
2023-08-04,181.98998327397814,179.4739
2023-08-07,178.84997137137728,176.3773
2023-08-08,179.800005974344,177.3142
2023-08-09,178.19004766595432,175.7265
2023-08-10,177.970005496199,175.5095
2023-08-11,177.79005574604832,175.5688
2023-08-14,179.4600197768488,177.2179
2023-08-15,177.45000728231486,175.233
2023-08-16,176.57001289582186,174.364
2023-08-17,174.0000039735196,171.8261
2023-08-18,174.49002616411107,172.31
2023-08-21,175.83999223618684,173.6431
2023-08-22,177.22995805310322,175.0157
2023-08-23,181.11995855514496,178.8571
2023-08-24,176.38003942412323,174.1764
2023-08-25,178.60999988269202,176.3785
2023-08-28,180.1900404364838,177.9388
2023-08-29,184.12004068336617,181.8197
2023-08-30,187.6500434818426,185.3056
2023-08-31,187.86999144587745,185.5228
2023-09-01,189.45995598699676,187.0929
2023-09-05,189.69995445604033,187.3299
2023-09-06,182.91002308564407,180.6248
2023-09-07,177.5599812643323,175.3416
2023-09-08,178.17992667677305,175.9538
2023-09-11,179.35996978215894,177.1191
2023-09-12,176.30003993444205,174.0974
2023-09-13,174.21002795022693,172.0335
2023-09-14,175.74004350667377,173.5444
2023-09-15,175.01002284703875,172.8235
2023-09-18,177.97000396524257,175.7465
2023-09-19,179.07004758094723,176.8328
2023-09-20,175.49001978512587,173.2975
2023-09-21,173.9300297363428,171.757
2023-09-22,174.7899736178271,172.6062
2023-09-25,176.0799907052304,173.8801
2023-09-26,171.96001698664944,169.8116
2023-09-27,170.4300014302026,168.3007
2023-09-28,170.68994913907804,168.5574
2023-09-29,171.20994582200572,169.0709
2023-10-02,173.7499802519717,171.5792
2023-10-03,172.40001417989595,170.2461
2023-10-04,173.65995550978616,171.4903
2023-10-05,174.91007411752568,172.7248
2023-10-06,177.49000702715546,175.2725
2023-10-09,178.99004809126606,176.7538
2023-10-10,178.38995065348038,176.1612
2023-10-11,179.79996697540543,177.5536
2023-10-12,180.7100371194115,178.4523
2023-10-13,178.8499983517356,176.6155
2023-10-16,178.71997386470946,176.4871
2023-10-17,177.15005982859884,174.9368
2023-10-18,175.83999223618684,173.6431
2023-10-19,175.46004529278963,173.2679
2023-10-20,172.88001111798303,170.7201
2023-10-23,173.00001035250483,170.8386
2023-10-24,173.4400075457513,171.2731
2023-10-25,171.09997183998829,168.9623
2023-10-26,166.8899733792218,164.8049
2023-10-27,168.2199902114657,166.1183
2023-10-30,170.2899516906721,168.1624
2023-10-31,170.77004989393603,168.6365
2023-11-01,173.9700294811834,171.7965
2023-11-02,177.57000651683663,175.3515
2023-11-03,176.65001238550303,174.443
2023-11-06,179.2299452951328,176.9907
2023-11-07,181.8200047224437,179.5484
2023-11-08,182.89007384581217,180.6051
2023-11-09,182.40997564254826,180.131
2023-11-10,186.40002131553118,184.3137
2023-11-13,184.80001288575463,182.7316
2023-11-14,187.43996105912464,185.342
2023-11-15,188.00994067547128,185.9056
2023-11-16,189.70996859434769,187.5866
2023-11-17,189.6899444701396,187.5668
2023-11-20,191.44994362969973,189.3071
2023-11-21,190.6399779186777,188.5062
2023-11-22,191.3099770241242,189.1687
2023-11-24,189.96997881323117,187.8437
2023-11-27,189.78996395923946,187.6657
2023-11-28,190.39999182400226,188.2689
2023-11-29,189.3699630105724,187.2504
2023-11-30,189.9499546890231,187.8239
2023-12-01,191.23999372133642,189.0995
2023-12-04,189.43003538319658,187.3098
2023-12-05,193.41999382956365,191.2551
2023-12-06,192.31998171334598,190.1674
2023-12-07,194.27000778900182,192.0956
2023-12-08,195.71002548899475,193.5195
2023-12-11,193.18000773488822,191.0178
2023-12-12,194.71003286187698,192.5307
2023-12-13,197.96000890000977,195.7443
2023-12-14,198.1099875676893,195.8926
2023-12-15,197.57004413765475,195.3587
2023-12-18,195.89004034298642,193.6975
2023-12-19,196.93999214868393,194.7357
2023-12-20,194.82997534324448,192.6493
2023-12-21,194.6799966755649,192.501
2023-12-22,193.6000086835553,191.4331
2023-12-26,193.0500531914167,190.8893
2023-12-27,193.14997154857613,190.9881
2023-12-28,193.57998455934725,191.4133
2023-12-29,192.53003275364978,190.3751
2024-01-02,185.6400147830888,183.5622
2024-01-03,184.2499562616756,182.1877
2024-01-04,181.90996542366477,179.8739
2024-01-05,181.1799950775345,179.1521
2024-01-08,185.56001941819702,183.4831
2024-01-09,185.14001846952993,183.0678
2024-01-10,186.1899702752274,184.106
2024-01-11,185.5900556045091,183.5128
2024-01-12,185.92004912618034,183.8391
2024-01-16,183.63001746674922,181.5747
2024-01-17,182.67998401821117,180.6353
2024-01-18,188.6299806023381,186.5187
2024-01-19,191.55997518090365,189.4159
2024-01-22,193.88995395681042,191.7198
2024-01-23,195.17999298912378,192.9954
2024-01-24,194.49998182157321,192.323
2024-01-25,194.16998829990197,191.9967
2024-01-26,192.42000120244586,190.2663
2024-01-29,191.7299779727913,189.584
2024-01-30,188.03997686178337,185.9353
2024-01-31,184.4000360612956,182.3361
2024-02-01,186.8599693806739,184.7685
2024-02-02,185.85006582339258,183.7699
2024-02-05,187.67994715380001,185.5793
2024-02-06,189.29997970778462,187.1812
2024-02-07,189.4100112589885,187.29
2024-02-08,188.3200112048749,186.2122
2024-02-09,188.84995749486816,186.9745
2024-02-12,187.14997507234736,185.2914
2024-02-13,185.04002124866136,183.2024
2024-02-14,184.14998232600357,182.3212
2024-02-15,183.86000255444768,182.0341
2024-02-16,182.31000966893856,180.4995
2024-02-20,181.559960980825,179.7569
2024-02-21,182.320008971406,180.5094
2024-02-22,184.36996698028733,182.539
2024-02-23,182.5199950207549,180.7074
2024-02-26,181.1599888821272,179.3609
2024-02-27,182.6299873478968,180.8163
2024-02-28,181.4199707462808,179.6183
2024-02-29,180.75001748096201,178.955
2024-03-01,179.65999250895533,177.8758
2024-03-04,175.10000757463496,173.3611
2024-03-05,170.1199509336267,168.4305
2024-03-06,169.12002068688227,167.4405
2024-03-07,169.00002905727294,167.3217
2024-03-08,170.73000938719608,169.0345
2024-03-11,172.74996948867508,171.0344
2024-03-12,173.23003701016765,171.5097
2024-03-13,171.12998148589384,169.4305
2024-03-14,173.00005305341642,171.282
2024-03-15,172.61997855659828,170.9057
2024-03-18,173.7200028310724,171.9948
2024-03-19,176.08004021949975,174.3314
2024-03-20,178.6699605616231,176.8956
2024-03-21,171.36996474511253,169.6681
2024-03-22,172.28000227270516,170.5691
2024-03-25,170.8500010168054,169.1533
2024-03-26,169.7099795324615,168.0246
2024-03-27,173.31003142990718,171.5889
2024-03-28,171.4799570722544,169.777
2024-04-01,170.03005821447493,168.3415
2024-04-02,168.8400402177938,167.1633
2024-04-03,169.64998371765685,167.9652
2024-04-04,168.81994060980372,167.1434
2024-04-05,169.57998860038472,167.8959
2024-04-08,168.44996641850827,166.7771
2024-04-09,169.66998232259172,167.985
2024-04-10,167.7800131531895,166.1138
2024-04-11,175.04001175983032,173.3017
2024-04-12,176.55000743546964,174.7967
2024-04-15,172.68997367387038,170.975
2024-04-16,169.38000255103583,167.6979
2024-04-17,167.99999780747328,166.3316
2024-04-18,167.03996376754338,165.3811
2024-04-19,165.00000506112949,163.3614
2024-04-22,165.84004747145002,164.1931
2024-04-23,166.89997353299916,165.2425
2024-04-24,169.0199266591526,167.3414
2024-04-25,169.88996697687548,168.2028
2024-04-26,169.30000813129627,167.6187
2024-04-29,173.50001817678861,171.777
2024-04-30,170.33003728849826,168.6385
2024-05-01,169.30000813129627,167.6187
2024-05-02,173.0299499577635,171.3116
2024-05-03,183.38003603601035,181.5589
2024-05-06,181.70995051783666,179.9054
2024-05-07,182.4000033911456,180.5886
2024-05-08,182.73997967503865,180.9252
2024-05-09,184.57005403269147,182.7371
2024-05-10,183.05004712094473,181.478
2024-05-13,186.27998607162024,184.6802
2024-05-14,187.4299621498368,185.8203
2024-05-15,189.7200294140969,188.0907
2024-05-16,189.83995938138042,188.2096
2024-05-17,189.8700175228863,188.2394
2024-05-20,191.0399651179424,189.3993
2024-05-21,192.35001592961478,190.6981
2024-05-22,190.8999627675727,189.2605
2024-05-23,186.87993850677788,185.275
2024-05-24,189.97996173175008,188.3484
2024-05-28,189.99004835641648,188.3584
2024-05-29,190.2900245739953,188.6558
2024-05-30,191.29001254342248,189.6472
2024-05-31,192.2500574791707,190.599
2024-06-03,194.0300441340508,192.3637
2024-06-04,194.34999186846912,192.6809
2024-06-05,195.870046205696,194.1879
2024-06-06,194.48000846041904,192.8098
2024-06-07,196.89000569196264,195.1991
2024-06-10,193.12002885664796,191.4615
2024-06-11,207.15001943638094,205.371
2024-06-12,213.07006118558604,211.2402
2024-06-13,214.2400087806421,212.4001
2024-06-14,212.48997940102123,210.6651
2024-06-17,216.6699775290252,214.8092
2024-06-18,214.29003843898747,212.4497
2024-06-20,209.68004750145474,207.8793
2024-06-21,207.49003955388537,205.7081
2024-06-24,208.14002164738835,206.3525
2024-06-25,209.07000844163068,207.2745
2024-06-26,213.25000656963468,211.4186
2024-06-27,214.10000643027246,212.2613
2024-06-28,210.62002005411682,208.8112
2024-07-01,216.74996446262978,214.8885
2024-07-02,220.26999473871103,218.3783
2024-07-03,221.54998740887754,219.6473
2024-07-05,226.34002459670558,224.3962
2024-07-08,227.82003503400685,225.8635
2024-07-09,228.68002065306436,226.7161
2024-07-10,232.98004961459853,230.9792
2024-07-11,227.56998760852673,225.6156
2024-07-12,230.53999424154904,228.5601
2024-07-15,234.39994376888805,232.3869
2024-07-16,234.82005168624374,232.8034
2024-07-17,228.88003842019913,226.9144
2024-07-18,224.17997392439543,222.2547
2024-07-19,224.30999051634535,222.3836
2024-07-22,223.95998464042117,222.0366
2024-07-23,225.0100022681937,223.0776
2024-07-24,218.54003774217628,216.6632
2024-07-25,217.49002011440376,215.6222
2024-07-26,217.96005682385814,216.0882
2024-07-29,218.2399606583508,216.3657
2024-07-30,218.7999700598295,216.9209
2024-07-31,222.07993866885036,220.1727
2024-08-01,218.359991491881,216.4847
2024-08-02,219.85997344602177,217.9718
2024-08-05,209.27002620876547,207.4728
2024-08-06,207.2300063699855,205.4503
2024-08-07,209.82004985182442,208.0181
2024-08-08,213.3100219863998,211.4781
2024-08-09,216.23998471949648,214.3829
2024-08-12,217.5300436077857,215.9115
2024-08-13,221.26997073013197,219.6236
2024-08-14,221.72001934023191,220.0703
2024-08-15,224.72004115866633,223.048
2024-08-16,226.0500370623891,224.3681
2024-08-19,225.8900466453668,224.2093
2024-08-20,226.50995913651187,224.8246
2024-08-21,226.40004128703367,224.7155
2024-08-22,224.5300273510441,222.8594
2024-08-23,226.84001493384505,225.1522
2024-08-26,227.18004494483395,225.4897
2024-08-27,228.03006959748976,226.3334
2024-08-28,226.4900107092005,224.8048
2024-08-29,229.78996418473534,228.0802
2024-08-30,228.99998631327938,227.2961
2024-09-03,222.77003201416562,221.1125
2024-09-04,220.85004626026478,219.2068
2024-09-05,222.38003018526547,220.7254
2024-09-06,220.82002286966488,219.177
2024-09-09,220.9099922918317,219.2663
2024-09-10,220.1099394570872,218.4722
2024-09-11,222.66001341505452,221.0033
2024-09-12,222.77003201416562,221.1125
2024-09-13,222.50002299803222,220.8445
2024-09-16,216.3200405168297,214.7105
2024-09-17,216.790037554241,215.177
2024-09-18,220.69005584324248,219.048
2024-09-19,228.87001928685697,227.1671
2024-09-20,228.20003422816777,226.5021
2024-09-23,226.47006228188914,224.785
2024-09-24,227.36995800282332,225.6782
2024-09-25,226.37001789643375,224.6857
2024-09-26,227.51997420618997,225.8271
2024-09-27,227.78998322232337,226.0951
2024-09-30,233.00004898773625,231.2664
2024-10-01,226.21002747941145,224.5269
2024-10-02,226.78006890227815,225.0927
2024-10-03,225.67000944714465,223.9909
2024-10-04,226.8000173295895,225.1125
2024-10-07,221.68999594963202,220.0405
2024-10-08,225.76995308296716,224.0901
2024-10-09,229.54000434554618,227.8321
2024-10-10,229.03998391753498,227.3358
2024-10-11,227.54999759678986,225.8569
2024-10-14,231.2999996824247,229.579
2024-10-15,233.84997289075915,232.11
2024-10-16,231.78007168312453,230.0555
2024-10-17,232.15002433508045,230.4227
2024-10-18,235.00002995014822,233.2515
2024-10-21,236.48004205723763,234.7205
2024-10-22,235.86002881645967,234.1051
2024-10-23,230.7599816501579,229.043
2024-10-24,230.56996784253565,228.8544
2024-10-25,231.41001828153574,229.6882
2024-10-28,233.40002503029206,231.6634
2024-10-29,233.67003404642546,231.9314
2024-10-30,230.09997080512434,228.3879
2024-10-31,225.9099950726781,224.2291
2024-11-01,222.90997325424368,221.2514
2024-11-04,222.00997678367668,220.3581
2024-11-05,223.44999128651048,221.7874
2024-11-06,222.72006019625437,221.0629
2024-11-07,227.47997660193437,225.7874
2024-11-08,226.9600630473045,225.5192
2024-11-11,224.23003135586347,222.8065
2024-11-12,224.23003135586347,222.8065
2024-11-13,225.11998123043173,223.6908
2024-11-14,228.21996155230502,226.7711
2024-11-15,225.00001965059622,223.5716
2024-11-18,228.01999203960943,226.5724
2024-11-19,228.28004298113206,226.8308
2024-11-20,229.00001373796357,227.5462
2024-11-21,228.51996614080306,227.0692
2024-11-22,229.87003710849874,228.4107
2024-11-25,232.86998235456966,231.3916
2024-11-26,235.05998565893236,233.5677
2024-11-27,234.93006082708033,233.4386
2024-11-29,237.32999689615517,235.8233
2024-12-02,239.59004488136145,238.069
2024-12-03,242.6499709173501,241.1095
2024-12-04,243.01005693467513,241.4673
2024-12-05,243.040047329634,241.4971
2024-12-06,242.83997717802916,241.2983
2024-12-09,246.7500000805199,245.1835
2024-12-10,247.76997542584942,246.197
2024-12-11,246.49004977790653,244.9252
2024-12-12,247.95998168652847,246.3858
2024-12-13,248.1299608042652,246.5547
2024-12-16,251.04003550436872,249.4463
2024-12-17,253.48002585932826,251.8708
2024-12-18,248.05005351031437,246.4753
2024-12-19,249.78999961247544,248.2042
2024-12-20,254.49003795264127,252.8744
2024-12-23,255.26998949939056,253.6494
2024-12-24,258.2000913424364,256.5609
2024-12-26,259.0199965361611,257.3756
2024-12-27,255.5900212308309,253.9674
2024-12-30,252.1999995724761,250.5989
2024-12-31,250.41999918443034,248.8302
2025-01-02,243.84998927134214,242.3019
2025-01-03,243.35997842216509,241.815
2025-01-06,244.99999008743302,243.4446
2025-01-07,242.20997760607426,240.6723
2025-01-08,242.69998845525132,241.1592
2025-01-10,236.85004993790392,235.3464
2025-01-13,234.3999956920186,232.9119
2025-01-14,233.2799852708866,231.799
2025-01-15,237.87002528323347,236.3599
2025-01-16,228.26001583818973,226.8109
2025-01-17,229.98003543631773,228.52
2025-01-21,222.64003722849677,221.2266
2025-01-22,223.82999169156304,222.409
2025-01-23,223.66001257382635,222.2401
2025-01-24,222.78002595127464,221.3657
2025-01-27,229.85997321757296,228.4007
2025-01-28,238.2600010566081,236.7474
2025-01-29,239.35998433479773,237.8404
2025-01-30,237.5900478376778,236.0817
2025-01-31,236.00005371031108,234.5018
2025-02-03,228.01002878759292,226.5625
2025-02-04,232.80003831263537,231.3221
2025-02-05,232.47004332917845,230.9942
2025-02-06,233.22000448096887,231.7394
2025-02-07,227.6300162662348,226.1849
2025-02-10,227.6500354954986,226.4535
2025-02-11,232.62005808506424,231.3974
2025-02-12,236.86999588713294,235.625
2025-02-13,241.52998895210825,240.2605
2025-02-14,244.60002515556593,243.3144
2025-02-18,244.4700419599449,243.1851
2025-02-19,244.87004438482973,243.583
2025-02-20,245.82998988752522,244.5379
2025-02-21,245.5500183486199,244.2594
2025-02-24,247.099964914811,245.8012
2025-02-25,247.04005000020146,245.7416
2025-02-26,240.3599391347585,239.0966
2025-02-27,237.30005629770278,236.0528
2025-02-28,241.84001847669856,240.5689
2025-03-03,238.02999286646096,236.7789
2025-03-04,235.9300555321007,234.69
2025-03-05,235.73995636510972,234.5009
2025-03-06,235.33000163058335,234.0931
2025-03-07,239.07005948818968,237.8135
2025-03-10,227.48004200455108,226.2844
2025-03-11,220.84004196281484,219.6793
2025-03-12,216.9800537476092,215.8396
2025-03-13,209.67998436136585,208.5779
2025-03-14,213.49000997160343,212.3679
2025-03-17,213.99999044444607,212.8752
2025-03-18,212.69000512183376,211.5721
2025-03-19,215.24000801442708,214.1087
2025-03-20,214.10001618276235,212.9747
2025-03-21,218.27003392255827,217.1228
2025-03-24,220.73006391485706,219.5699
2025-03-25,223.7500369849665,222.574
2025-03-26,221.5299682362465,220.3656
2025-03-27,223.84996219490253,222.6734
2025-03-28,217.8999889549782,216.7547
2025-03-31,222.1300221377639,220.9625
2025-04-01,223.18999337877563,222.0169
2025-04-02,223.88997249022904,222.7132
2025-04-03,203.1899726629139,202.122
2025-04-04,188.38003116091355,187.3899
2025-04-07,181.460059580272,180.5063
2025-04-08,172.4200449892267,171.5138
2025-04-09,198.84996143217043,197.8048
2025-04-10,190.42005358066424,189.4192
2025-04-11,198.149982320717,197.1085
2025-04-14,202.52005153714546,201.4556
2025-04-15,202.13995373154364,201.0775
2025-04-16,194.2699889578481,193.2489
2025-04-17,196.9800330317475,195.9447
2025-04-21,193.15995458348814,192.1447
2025-04-22,199.74003971061484,198.6902
2025-04-23,204.59998372384246,203.5246
2025-04-24,208.36999903875355,207.2748
2025-04-25,209.27998193648102,208.18
2025-04-28,210.14000222924045,209.0355
2025-04-29,211.2100263082739,210.0999
2025-04-30,212.500006483223,211.3831
2025-05-01,213.3200164806559,212.1988
2025-05-02,205.3500259686441,204.2707
2025-05-05,198.89007225587713,197.8447
2025-05-06,198.50997445027534,197.4666
2025-05-07,196.24999593460907,195.2185
2025-05-08,197.4900135045901,196.452
2025-05-09,198.5299795979386,197.4865
2025-05-12,210.78995326994198,209.957
2025-05-13,212.93000987386665,212.0886
2025-05-14,212.33003904139088,211.491
2025-05-15,211.4499613443556,210.6144
2025-05-16,211.26001073942854,210.4252
2025-05-19,208.78001082245788,207.955
2025-05-20,206.86002384115486,206.0426
2025-05-21,202.0899746121406,201.2914
2025-05-22,201.35999001994992,200.5643
2025-05-23,195.27002503883406,194.4984
2025-05-27,200.21004592437134,199.4189
2025-05-28,200.41997547770245,199.628
2025-05-29,199.95001840494157,199.1599
2025-05-30,200.84997465365524,200.0563
2025-06-02,201.70003372972158,200.903
2025-06-03,203.27003772541374,202.4668
2025-06-04,202.8200596010569,202.0186
2025-06-05,200.63000542775924,199.8372
2025-06-06,203.9200061272625,203.1142
2025-06-09,201.45004588285667,200.654
2025-06-10,202.6699664962123,201.8691
2025-06-11,198.77999496423328,197.9945
2025-06-12,199.20005486434687,198.4129
2025-06-13,196.44998775538156,195.6737
2025-06-16,198.41997230605756,197.6359
2025-06-17,195.639986972849,194.8669
2025-06-18,196.58000151509646,195.8032
2025-06-20,200.9999673617742,200.2057
2025-06-23,201.50004345222965,200.7038
2025-06-24,200.30000139055244,199.5085
2025-06-25,201.55998029744185,200.7635
2025-06-26,200.9999673617742,200.2057
2025-06-27,201.07998355211612,200.2854
2025-06-30,205.17004575831268,204.3593
2025-07-01,207.82001733180635,206.9988
2025-07-02,212.43997345597603,211.6005
2025-07-03,213.55006005147212,212.7062
2025-07-07,209.95003426316615,209.1204
2025-07-08,210.00997110837835,209.1801
2025-07-09,211.13993625555287,210.3056
2025-07-10,212.41005523173274,211.5707
2025-07-11,211.16001560068258,210.3256
2025-07-14,208.61997844177407,207.7956
2025-07-15,209.1100148596647,208.2837
2025-07-16,210.15996381649728,209.3295
2025-07-17,210.0200107809432,209.1901
2025-07-18,211.17999454908662,210.3455
2025-07-21,212.4800317495098,211.6404
2025-07-22,214.4000187308128,213.5528
2025-07-23,214.15003088394792,213.3038
2025-07-24,213.75998960480328,212.9153
2025-07-25,213.88006408867892,213.0349
2025-07-28,214.05003574520194,213.2042
2025-07-29,211.2700504119934,210.4352
2025-07-30,209.04997761772682,208.2239
2025-07-31,207.57002948494144,206.7498
2025-08-01,202.38002075253925,201.5803
2025-08-04,203.35005391575564,202.5465
2025-08-05,202.9199543430772,202.1181
2025-08-06,213.2499742385086,212.4073
2025-08-07,220.0300663117326,219.1606
2025-08-08,229.34999475041388,228.4437
2025-08-11,227.18000640754585,226.5391
2025-08-12,229.64997453129044,229.0021
2025-08-13,233.33005655471936,232.6718
2025-08-14,232.78000478213556,232.1233
2025-08-15,231.59004774777287,230.9367
2025-08-18,230.88997273876512,230.2386
2025-08-19,230.5600419581269,229.9096
2025-08-20,226.01000567268073,225.3724
2025-08-21,224.89997411922036,224.2655
2025-08-22,227.75994248792,227.1174
2025-08-25,227.1600501080483,226.5192
2025-08-26,229.31001545944738,228.6631
2025-08-27,230.49004448551733,229.8398
2025-08-28,232.55998407310204,231.9039
2025-08-29,232.1399992374446,231.4851
2025-09-02,229.7199720039,229.0719
2025-09-03,238.4700572117445,237.7973
2025-09-04,239.78005289182875,239.1036
2025-09-05,239.68999883680956,239.0138
2025-09-08,237.8799925572535,237.2089
2025-09-09,234.35003405316053,233.6889
2025-09-10,226.79000616259083,226.1502
2025-09-11,230.0300467679527,229.3811
2025-09-12,234.07004416272224,233.4097
2025-09-15,236.69996353118356,236.0322
2025-09-16,238.14995415648698,237.4781
2025-09-17,238.99002411071385,238.3158
2025-09-18,237.8799925572535,237.2089
2025-09-19,245.499989629228,244.8074
2025-09-22,256.08003741612606,255.3576
2025-09-23,254.42998238128675,253.7122
2025-09-24,252.31000162059001,251.5982
2025-09-25,256.870066197241,256.1454
2025-09-26,255.45998817093272,254.7393
2025-09-29,254.42998238128675,253.7122
2025-09-30,254.6300467908227,253.9117
2025-10-01,255.45006016263997,254.7294
2025-10-02,257.12999950526967,256.4046
2025-10-03,258.0200103496965,257.2921
2025-10-06,256.6900583701147,255.9659
2025-10-07,256.47996566937394,255.7564
2025-10-08,258.0600232316037,257.332
2025-10-09,254.0399821363317,253.3233
2025-10-10,245.2700409119017,244.5781
2025-10-13,247.6599832718319,246.9613
2025-10-14,247.76999362634865,247.071
2025-10-15,249.34002289737361,248.6366
2025-10-16,247.4499908540032,246.7519
2025-10-17,252.2899450381804,251.5782
2025-10-20,262.2400155715924,261.5002
2025-10-21,262.77001076176657,262.0287
2025-10-22,258.45002347655867,257.7209
2025-10-23,259.58001132951665,258.8477
2025-10-24,262.82005193487856,262.0786
2025-10-27,268.8100505544233,268.0517
2025-10-28,268.99998638984243,268.2411
2025-10-29,269.6999611159381,268.9391
2025-10-30,271.3999570409774,270.6343
2025-10-31,270.3700515342435,269.6073
2025-11-03,269.0500275629544,268.291
2025-11-04,270.0400204706932,269.2782
2025-11-05,270.14000253400513,269.3779
2025-11-06,269.76995858854764,269.0089
2025-11-07,268.46999119966824,267.7126
2025-11-10,269.43005378649815,268.9304
2025-11-11,275.25004687190807,274.7396
2025-11-12,273.4700458881499,272.9629
2025-11-13,272.94998143682506,272.4438
2025-11-14,272.40998001269855,271.9048
2025-11-17,267.46000035346947,266.964
2025-11-18,267.44006338066777,266.9441
2025-11-19,268.56004036031726,268.062
2025-11-20,266.2500565317299,265.7563
2025-11-21,271.4899738758239,270.9865
2025-11-24,275.91998926952107,275.4083
2025-11-25,276.9700365656751,276.4564
2025-11-26,277.55001212119805,277.0353
2025-11-28,278.8500229708207,278.3329
2025-12-01,283.1000044945447,282.575
2025-12-02,286.1900349072228,285.6593
2025-12-03,284.14995160490577,283.623
2025-12-04,280.6999536380743,280.1794
2025-12-05,278.7799931015323,278.263
2025-12-08,277.89004270254975,277.3747
2025-12-09,277.18002598774734,276.666
2025-12-10,278.7799931015323,278.263
2025-12-11,278.0300022553336,277.5144
2025-12-12,278.27996580880216,277.7639
2025-12-15,274.1100327336639,273.6017
2025-12-16,274.6099598406011,274.1007
2025-12-17,271.8400230364729,271.3359
2025-12-18,272.18997201132896,271.6852
2025-12-19,273.67001673092483,273.1625
2025-12-22,270.97000961029204,270.4675
2025-12-23,272.3599873020048,271.8549
2025-12-24,273.80997628370864,273.3022
2025-12-26,273.4000160188615,272.893
2025-12-29,273.7599835730149,273.2523
2025-12-30,273.0800225961045,272.5736
2025-12-31,271.85996000927463,271.3558
2026-01-02,271.0099837416884,270.5074
2026-01-05,267.2600295106946,266.7644
2026-01-06,262.3599423763663,261.8734
2026-01-07,260.32997783913953,259.8472
2026-01-08,259.03998556881425,258.5596
2026-01-09,259.3699975708686,258.889
2026-01-12,260.25002957634683,259.7674
2026-01-13,261.0500131332393,260.5659
2026-01-14,259.9599917056888,259.4779
2026-01-15,258.2099462740298,257.7311
2026-01-16,255.52997631199167,255.0561
2026-01-20,246.70000126248937,246.2425
2026-01-21,247.65006313725596,247.1908
2026-01-22,248.35006127276102,247.8895
2026-01-23,248.0399862435084,247.58
2026-01-26,255.41005391780251,254.9364
2026-01-27,258.2699575640208,257.791
2026-01-28,256.4400640553619,255.9645
2026-01-29,258.27997614331815,257.801
2026-01-30,259.4800015715534,258.9988
2026-02-02,270.0100293420211,269.5093
2026-02-03,269.48004649719184,268.9803
2026-02-04,276.48994624574664,275.9772
2026-02-05,275.90997069022376,275.3983
2026-02-06,278.1199690974237,277.6042
2026-02-09,274.6199867053404,274.3672
2026-02-10,273.6800214707387,273.4281
2026-02-11,275.4999967514076,275.2464
2026-02-12,261.73002153898653,261.4891
2026-02-13,255.78004460672238,255.5446
2026-02-17,263.8800005869305,263.6371
2026-02-18,264.35003325029857,264.1067
2026-02-19,260.57996291417845,260.3401
2026-02-20,264.5800449752602,264.3365
2026-02-23,266.18001774441217,265.935
2026-02-24,272.14000389012114,271.8895
2026-02-25,274.2300277495308,273.9776
2026-02-26,272.95004953420914,272.6988
2026-02-27,264.1799767138713,263.9368
2026-03-02,264.71997377921855,264.4763
2026-03-03,263.74998090428255,263.5072
2026-03-04,262.5200487561849,262.2784
2026-03-05,260.2899960006825,260.0504
2026-03-06,257.4599909912984,257.223
2026-03-09,259.8800186179833,259.6408
2026-03-10,260.82999306602966,260.5899
2026-03-11,260.8099746391401,260.5699
2026-03-12,255.76002617983278,255.5246
2026-03-13,250.12003458795425,249.8898
2026-03-16,252.8200199146903,252.5873
2026-03-17,254.23001781265995,253.996
2026-03-18,249.93996883808222,249.7099
2026-03-19,248.96006684183584,248.7309
2026-03-20,247.98997387476535,247.7617
2026-03-23,251.48999563214466,251.2585
2026-03-24,251.6400337416823,251.4084
2026-03-25,252.6200358300631,252.3875
2026-03-26,252.88998431666948,252.6572
2026-03-27,248.80001951885342,248.571
2026-03-30,246.63002204401977,246.403
2026-03-31,253.79001278962633,253.5564
2026-04-01,255.63000649718475,255.3947
2026-04-02,255.91997341068077,255.6844
2026-04-06,258.8599796758232,258.6217
2026-04-07,253.50004587613032,253.2667
2026-04-08,258.90001652960245,258.6617
2026-04-09,260.48998008530964,260.2502
2026-04-10,260.47997087186485,260.2402
2026-04-13,259.19999265654326,258.9614
2026-04-14,258.8299520354888,258.5917
2026-04-15,266.43004789626343,266.1848
2026-04-16,263.39995871011774,263.1575
2026-04-17,270.23004578058345,269.9813
2026-04-20,273.04994148438834,272.7986
2026-04-21,266.1700085309674,265.925
2026-04-22,273.170052045726,272.9186
2026-04-23,273.4299913188875,273.1783
2026-04-24,271.0600097594267,270.8105
2026-04-27,267.609933977137,267.3636
2026-04-28,270.7099875652619,270.4608
2026-04-29,270.16999049991466,269.9213
2026-04-30,271.3500767650571,271.1003
2026-05-01,280.13996782801564,279.8821
2026-05-04,276.83002103395324,276.5752
2026-05-05,284.1799866507422,283.9184
2026-05-06,287.5100519638287,287.2454
2026-05-07,287.43998746971505,287.1754
2026-05-08,293.32,293.05
2026-05-11,292.68,292.68
2026-05-12,294.8,294.8
2026-05-13,298.87,298.87
2026-05-14,298.21,298.21
2026-05-15,300.23,300.23
2026-05-18,297.84,297.84
2026-05-19,298.97,298.97
2026-05-20,302.25,302.25
2026-05-21,304.99,304.99
2026-05-22,308.82,308.82
2026-05-26,308.33,308.33
2026-05-27,310.85,310.85
2026-05-28,312.51,312.51
2026-05-29,312.06,312.06
2026-06-01,306.31,306.31
2026-06-02,315.2,315.2
2026-06-03,310.26,310.26
2026-06-04,311.23,311.23
2026-06-05,307.34,307.34
2026-06-08,301.54,301.54
2026-06-09,290.55,290.55
2026-06-10,291.58,291.58
2026-06-11,295.63,295.63
2026-06-12,291.13,291.13
2026-06-15,296.42,296.42
2026-06-16,299.24,299.24
2026-06-17,295.95,295.95
2026-06-18,298.01,298.01
2026-06-22,297.01,297.01
2026-06-23,294.3,294.3
2026-06-24,293.08,293.08
2026-06-25,275.15,275.15
2026-06-26,283.78,283.78
2026-06-29,281.74,281.74
2026-06-30,289.36,289.36
2026-07-01,294.38,294.38
2026-07-02,308.63,308.63
2026-07-06,312.66,312.66
2026-07-07,310.66,310.66
2026-07-08,313.39,313.39
2026-07-09,316.22,316.22
2026-07-10,315.32,315.32
2026-07-13,317.31,317.31
2026-07-14,314.86,314.86
2026-07-15,327.5,327.5
2026-07-16,333.26,333.26
2026-07-17,333.74,333.74
2026-07-20,326.59,326.59
2026-07-21,327.74,327.74
2026-07-22,325.89,325.89
2026-07-23,321.66,321.66
2026-07-24,333.02,333.02
2026-07-27,336.91,336.91
2026-07-28,340.08,340.08
2026-07-29,338.19,338.19
2026-07-30,333.43,333.43
2026-07-31,308.91,308.91
2026-08-03,303.42,303.42
2026-08-04,309.38,309.38
2026-08-05,311.0,311.0
2026-08-06,312.41,312.41
2026-08-07,313.33,313.33
2026-08-10,308.26,308.26
2026-08-11,304.91,304.91
2026-08-12,302.25,302.25
2026-08-13,305.26,305.26
2026-08-14,305.93,305.93
2026-08-17,305.59,305.59
2026-08-18,310.03,310.03
2026-08-19,316.83,316.83
2026-08-20,311.3,311.3
2026-08-21,309.35,309.35
2026-08-24,310.34,310.34
2026-08-25,309.9,309.9
2026-08-26,313.45,313.45
2026-08-27,314.58,314.58
2026-08-28,319.7,319.7
2026-08-31,316.85,316.85
2026-09-01,325.13,325.13
2026-09-02,324.96,324.96
2026-09-03,328.21,328.21
2026-09-04,319.97,319.97
2026-09-08,316.22,316.22
2026-09-09,315.34,315.34
2026-09-10,326.57,326.57
2026-09-11,332.27,332.27
2026-09-14,333.08,333.08
2026-09-15,331.34,331.34
2026-09-16,332.41,332.41
2026-09-17,337.0,337.0
2026-09-18,336.13,336.13
2026-09-21,338.98,338.98
2026-09-22,339.75,339.75
2026-09-23,337.02,337.02
2026-09-24,335.92,335.92
2026-09-25,341.07,341.07
2026-09-28,338.4,338.4
2026-09-29,329.4,329.4
2026-09-30,333.02,333.02
2026-10-01,330.32,330.32
2026-10-02,333.69,333.69
